	airportQID	airportName	iataCode
0	Q8685	John F. Kennedy International Airport	JFK
1	Q1547	Lyon–Saint-Exupéry Airport	LYS
2	Q597649	Charlotte Douglas International Airport	CLT
3	Q597396	Bishop International Airport	FNT
4	Q597631	Orlando Sanford International Airport	SFB
5	Q597590	Capital Region International Airport	LAN
6	Q99172	Václav Havel Airport Prague	PRG
7	Q121760	Maun Airport	MUB
8	Q111731	Kryvyi Rih International Airport	KWG
9	Q8688	San Francisco International Airport	SFO
10	Q598269	Billings Logan International Airport	BIL
11	Q598661	Bobo Dioulasso Airport	BOY
12	Q598215	Biskra Mohamed Khider Airport	BSK
13	Q598642	Kosrae International Airport	KSA
14	Q387704	Recife/Guararapes–Gilberto Freyre International Airport	REC
15	Q387628	Duqm Airport	DQM
16	Q387560	Chengdu Shuangliu International Airport	CTU
17	Q388535	Netaji Subhas Chandra Bose International Airport	CCU
18	Q721780	Lilongwe International Airport	LLW
19	Q721497	Roberts International Airport	ROB
20	Q721618	Tabriz International Airport	TBZ
21	Q723325	Princess Juliana International Airport	SXM
22	Q723622	Istanbul Sabiha Gökçen International Airport	SAW
23	Q723474	Supadio International Airport	PNK
24	Q620706	Djibouti-Ambouli International Airport	JIB
25	Q623452	Algiers Houari Boumediene Airport	ALG
26	Q622296	Ahvaz General Ghasem Soleimani International Airport	AWZ
27	Q426795	Akwa Ibom Airport	QUO
28	Q421811	Shanghai Hongqiao International Airport	SHA
29	Q127958	"Thessaloniki Airport ""Makedonia"""	SKG
30	Q127955	Belgrade Nikola Tesla Airport	BEG
31	Q8979	Belfast International Airport	BFS
32	Q8981	Aberdeen Airport	ABZ
33	Q8977	East Midlands Airport	EMA
34	Q389802	General Servando Canales International Airport	MAM
35	Q389241	Bologna Guglielmo Marconi Airport	BLQ
36	Q392728	King Shaka International Airport	DUR
37	Q611983	Beauvais-Tillé Airport	BVA
38	Q612731	Bordeaux–Mérignac Airport	BOD
39	Q609603	Dera Ghazi Khan International Airport	DEA
40	Q607789	Assab International Airport	ASA
41	Q8712	London Luton Airport	LTN
42	Q8709	London Stansted Airport	STN
43	Q8975	Newcastle International Airport	NCL
44	Q8691	London Heathrow Airport	LHR
45	Q403671	Humberto Delgado Airport	LIS
46	Q420847	Libreville International Airport	LBV
47	Q174233	Nursultan Nazarbayev International Airport	NQZ
48	Q174140	Sangster International Airport	MBJ
49	Q170343	Can Tho International Airport	VCA
50	Q619980	Bergen Airport	BGO
51	Q619702	Zaqatala International Airport	ZTU
52	Q613657	Fascene Airport	NOS
53	Q619873	Benito Salas Airport	NVA
55	Q153592	King Abdulaziz International Airport	JED
58	Q598002	Quatro de Fevereiro Airport	LAD
59	Q597986	Buffalo Niagara International Airport	BUF
60	Q597669	Boa Vista International Airport	BVB
61	Q151121	Cincinnati/Northern Kentucky International Airport	CVG
62	Q141677	Xi'an Xianyang International Airport	XIY
63	Q8982	London City Airport	LCY
64	Q8987	George Best Belfast City Airport	BHD
65	Q607211	Campo Grande International Airport	CGR
66	Q601091	Wuhan Tianhe International Airport	WUH
67	Q607230	Ercan International Airport	ECN
68	Q9071	Capitán de Corbeta Carlos A. Curbelo International Airport	PDP
69	Q9074	Nueva Hespérides International Airport	STY
70	Q9686	Berlin-Tempelhof Airport	THF
71	Q15114	Zurich Airport	ZRH
72	Q14302	Adelaide Airport	ADL
73	Q8699	Leeds Bradford Airport	LBA
74	Q8694	Manchester Airport	MAN
75	Q127721	Carriel Sur International Airport	CCP
76	Q127951	Sofia Airport	SOF
77	Q180464	Afonso Pena International Airport	CWB
78	Q178162	Graz Airport	GRZ
81	Q9064	Carrasco International Airport	MVD
82	Q8999	Exeter Airport	EXT
83	Q598121	Billund Airport	BLL
84	Q598197	Bilbao Airport	BIO
85	Q598033	Laoag International Airport	LAO
86	Q598011	Banyuwangi International Airport	BWX
87	Q139921	Keflavík Airport	KEF
88	Q130864	New York Stewart International Airport	SWF
89	Q130270	Cuneo International Airport	CUF
90	Q174764	Yangon International Airport	RGN
91	Q177216	Xiamen Gaoqi International Airport	XMN
92	Q175028	Syracuse Hancock International Airport	SYR
93	Q392784	Moi International Airport	MBA
94	Q392790	Mwanza Airport	MWZ
95	Q401700	Sardar Vallabhbhai Patel International Airport	AMD
96	Q183494	Johan Adolf Pengel International Airport	PBM
97	Q181479	Ben Gurion Airport	TLV
98	Q17480	Antwerp International Airport	ANR
99	Q17581	Sydney Airport	SYD
100	Q8988	Southampton Airport	SOU
101	Q8994	Cardiff Airport	CWL
102	Q8992	Glasgow Prestwick Airport	PIK
105	Q8719	Birmingham Airport	BHX
106	Q8716	Edinburgh Airport	EDI
107	Q162139	Osmani International Airport	ZYL
108	Q160094	Phu Bai International Airport	HUI
109	Q432334	Alfredo Vásquez Cobo International Airport	LET
110	Q430490	Ankara Esenboğa Airport	ESB
111	Q429304	Marrakesh Menara Airport	RAK
112	Q8703	London Gatwick Airport	LGW
113	Q166512	Chuuk International Airport	TKK
114	Q166276	Madrid-Barajas Airport	MAD
115	Q733998	Rio de Janeiro/Galeão – Antonio Carlos Jobim International Airport	GIG
116	Q734729	Tehran Imam Khomeini International Airport	IKA
117	Q737856	La Romana International Airport	LRM
118	Q736627	Montréal–Trudeau International Airport	YUL
119	Q8725	Bristol Airport	BRS
120	Q8721	Glasgow Airport	GLA
121	Q186614	Domodedovo International Airport	DME
122	Q178021	Dublin Airport	DUB
123	Q177844	Minangkabau International Airport	PDG
124	Q177689	Accra International Airport	ACC
125	Q14295	Seattle–Tacoma International Airport	SEA
126	Q9694	Amsterdam Schiphol Airport	AMS
127	Q14300	Canberra Airport	CBR
128	Q15498	Hobart Airport	HBA
129	Q15564	Hargeisa International Airport	HGA
130	Q16810	Kaohsiung International Airport	KHH
131	Q461793	Cairo International Airport	CAI
132	Q459096	Dallas/Fort Worth International Airport	DFW
133	Q192733	Sheremetyevo International Airport	SVO
134	Q127671	Arturo Merino Benítez International Airport	SCL
135	Q123222	Marsa Alam International Airport	RMF
136	Q127530	Miami International Airport	MIA
137	Q642313	Dzaoudzi Pamandzi International Airport	DZA
138	Q641967	Cancún International Airport	CUN
139	Q639161	Madeira Cristiano-Ronaldo Airport	FNC
140	Q128016	Zagreb Airport	ZAG
141	Q130193	Victoria International Airport	YYJ
142	Q740392	Sarajevo International Airport (SJJ)	SJJ
143	Q741262	Pohnpei International Airport	PNI
144	Q738866	Lubumbashi International Airport	FBM
145	Q27706	Hamburg Airport	HAM
146	Q28461	Sialkot International Airport	SKT
147	Q193682	Kansai International Airport	KIX
148	Q193439	Dubai International Airport	DXB
149	Q500253	Kuala Lumpur International Airport	KUL
150	Q500945	Budapest Ferenc Liszt International Airport	BUD
151	Q773330	Da Nang International Airport	DAD
152	Q767753	Ted Stevens Anchorage International Airport	ANC
153	Q733326	Zakynthos International Airport	ZTH
154	Q733738	Melbourne Airport	MEL
155	Q732278	Chihuahua International Airport	CUU
156	Q194316	Suvarnabhumi Airport	BKK
157	Q466786	Newark Liberty International Airport	EWR
158	Q465071	Warsaw Chopin Airport	WAW
159	Q643562	Zayed International Airport	AUH
160	Q643113	Haifa International Airport	HFA
161	Q502670	Chennai International Airport	MAA
162	Q501083	Gibraltar International Airport	GIB
163	Q484060	Muan International Airport	MWX
164	Q491767	Pyongyang International Airport	FNJ
165	Q483675	Cheongju International Airport	CJJ
166	Q8727	Liverpool John Lennon Airport	LPL
167	Q8731	Los Angeles International Airport	LAX
168	Q466835	Washington Dulles International Airport	IAD
169	Q774669	Tianjin Binhai International Airport	TSN
170	Q645462	Moshoeshoe I International Airport	MSU
171	Q645100	Târgu Mureș International Airport	TGM
172	Q645492	N'Djili International Airport	FIH
173	Q645151	Ernesto Cortissoz International Airport	BAQ
174	Q635361	Fort Lauderdale–Hollywood	FLL
175	Q630645	Falcone–Borsellino Airport	PMO
176	Q765608	La Aurora International Airport	GUA
177	Q762986	Belém International Airport	BEL
178	Q765650	Ürümqi Tianshan International Airport	URC
179	Q779984	Gdańsk Lech Wałęsa Airport	GDN
180	Q779805	Bari Karol Wojtyła Airport	BRI
181	Q778990	Mont Tremblant International Airport	YTM
182	Q635826	Sharjah International Airport	SHJ
183	Q637639	Bahrain International Airport	BAH
184	Q637028	Oran Ahmed Ben Bella Airport	ORN
185	Q213717	O'Hare International Airport	ORD
186	Q211734	"Athens International Airport ""Eleftherios Venizelos"""	ATH
187	Q17704	Hong Kong International Airport	HKG
188	Q17609	Darwin International Airport	DRW
189	Q223416	Orly Airport	ORY
190	Q221351	Yaoundé Nsimalen International Airport	NSI
191	Q744802	Kabul International Airport	KBL
192	Q744748	George Bush Intercontinental Airport	IAH
193	Q778213	Tbilisi International Airport	TBS
194	Q777855	Minsk National Airport	MSQ
195	Q777774	Košice International Airport	KSC
196	Q17896	Avalon Airport	AVV
197	Q25226	Cam Ranh International Airport	CXR
198	Q749497	Soekarno Hatta International Airport	CGK
199	Q753531	Banjul International Airport	BJL
200	Q760897	Robert Gabriel Mugabe International Airport	HRE
201	Q752694	Invercargill Airport	IVC
202	Q752537	Aswan International Airport	ASW
203	Q20932	Incheon International Airport	ICN
204	Q19101	Roma Fiumicino Airport	FCO
205	Q25060	Oued Irara–Krim Belkacem Airport	HME
206	Q522432	Bălți International Airport	BZY
207	Q521292	Ta'izz International Airport	TAI
208	Q517873	Bergamo-Il Caravaggio	BGY
209	Q204853	Tokyo International Airport	HND
210	Q201785	El Dorado International Airport	BOG
211	Q512128	Philadelphia International Airport	PHL
212	Q505572	Coimbatore Airport	CJB
213	Q766356	Gregorio Luperón International Airport	POP
214	Q766860	Milas-Bodrum Airport	BJV
215	Q767660	Monterrey-Gen. Mariano Escobedo	MTY
216	Q214861	Hartsfield–Jackson Atlanta International Airport	ATL
217	Q650285	Ufa International Airport	UFA
218	Q651190	Marseille Provence Airport	MRS
219	Q650373	Marshall Islands International Airport	MAJ
220	Q201374	Ingeniero Aeronáutico Ambrosio L.V. Taravella International Airport	COR
221	Q197933	Faleolo International Airport	APW
222	Q201626	El Arish International Airport	AAC
223	Q477677	Boryspil International Airport	KBP
224	Q474632	Cairns Airport	CNS
225	Q650205	McAllen-Miller International Airport	MFE
226	Q648423	Erbil International Airport	EBL
227	Q645760	Kota Kinabalu International Airport	BKI
228	Q650090	Maverick County Memorial International Airport	EGP
229	Q482315	Amílcar Cabral International Airport	SID
230	Q215327	Helsinki Airport	HEL
231	Q667326	Windhoek Hosea Kutako International Airport	WDH
232	Q667980	North Eleuthera Airport	ELH
233	Q668329	Beirut–Rafic Hariri International Airport	BEY
234	Q748848	Brno-Tuřany Airport	BRQ
235	Q478595	Tan Son Nhat International Airport	SGN
236	Q651330	Martinique Aimé Césaire International Airport	FDF
237	Q651339	Maurice Bishop International Airport	GND
238	Q651210	Massawa International Airport	MSW
239	Q206277	Copenhagen Airport	CPH
240	Q242066	Toronto Pearson International Airport	YYZ
241	Q240706	Kemerovo International Airport	KEJ
242	Q643783	Pristina International Airport Adem Jashari	PRN
243	Q644978	Ahmed Sékou Touré International Airport	CKY
244	Q36420	Shanghai Pudong International Airport	PVG
245	Q36454	Narita International Airport	NRT
246	Q28934	Brussels Airport	BRU
247	Q29863	Stockholm Bromma Airport	BMA
248	Q29104	Velana International Airport	MLE
249	Q651557	Marsa Matruh International Airport	MUH
250	Q651585	Mariscal Lamar International Airport	CUE
251	Q651770	Leonard M. Thompson International Airport	MHH
252	Q651372	Menorca Airport	MAH
253	Q652588	Martín Miguel de Güemes International Airport	SLA
254	Q652315	Mariupol International Airport	MPW
255	Q652505	Detroit Metropolitan Wayne County Airport	DTW
256	Q652678	Mattala Rajapaksa International Airport	HRI
257	Q652030	Melbourne Orlando International Airport	MLB
258	Q45523	Brisbane Airport	BNE
259	Q45000	Mitiga International Airport	MJI
260	Q44923	Addis Ababa Bole International Airport	ADD
261	Q504368	Chhatrapati Shivaji Maharaj International Airport	BOM
262	Q503364	Kempegowda International Airport	BLR
263	Q692279	Clark International Airport	CRK
264	Q694404	Klagenfurt Airport	KLU
265	Q206349	Jomo Kenyatta International Airport	NBO
266	Q210559	Oslo Airport	OSL
267	Q513689	Léopold Sédar Senghor International Airport	DKR
268	Q517037	Liepāja International Airport	LPX
269	Q515522	Tulsa International Airport	TUL
270	Q482493	Gimpo International Airport	GMP
271	Q482497	Jeju International Airport	CJU
272	Q788417	Chongqing Jiangbei International Airport	CKG
273	Q780450	Hang Nadim International Airport	BTH
274	Q782821	Malacca International Airport	MKZ
275	Q525030	Nnamdi Azikiwe International Airport	ABV
276	Q522898	Asmara International Airport	ASM
277	Q522496	Bonriki International Airport	TRW
278	Q31581	Quetta International Airport	UET
279	Q32159	Singapore Changi Airport	SIN
280	Q31580	Faisalabad International Airport	LYP
281	Q31569	Multan International Airport	MUX
282	Q33156	Kandahar International Airport	KDH
283	Q36171	Al Abraq International Airport	LAQ
284	Q27315	Shymkent International Airport	CIT
285	Q27049	Hrodna Airport	GNA
286	Q27596	Kisangani Bangoka International Airport	FKI
287	Q27048	Brest Airport	BQT
288	Q32997	Manas International Airport	BSZ
289	Q32999	Wien-Schwechat Airport	VIE
290	Q504382	İzmir Adnan Menderes Airport	ADB
291	Q505421	Riga International Airport	RIX
292	Q654636	Larnaca International Airport	LCA
293	Q655320	Malabo International Airport	SSG
294	Q653299	Prince Said Ibrahim International Airport	HAH
295	Q844098	Noi Bai International Airport	HAN
296	Q843229	Bucharest Băneasa Aurel Vlaicu International Airport	BBU
297	Q844951	Chișinău International Airport	RMO
298	Q657271	Manaus International Airport	MAO
299	Q667001	Faro Airport	FAO
300	Q665948	Owen Roberts International Airport	GCM
301	Q847772	Piedmont Triad International Airport	GSO
302	Q847711	Vilnius Airport	VNO
303	Q671475	Logan International Airport	BOS
304	Q670072	Fort McMurray International Airport	YMM
305	Q669261	Penang International Airport	PEN
306	Q483223	Gimhae International Airport	PUS
307	Q483469	Yangyang International Airport	YNY
308	Q483254	Daegu International Airport	TAE
309	Q44868	Guangzhou Baiyun International Airport	CAN
310	Q44877	Paro Airport	PBH
311	Q223499	Stockholm Arlanda Airport	ARN
312	Q240694	Phuket International Airport	HKT
313	Q788810	Piarco International Airport	POS
314	Q790043	Bangui M'Poko International Airport	BGF
315	Q794552	Montréal–Mirabel International Airport	YMX
316	Q794549	Québec City Jean Lesage International Airport	YQB
317	Q811239	Bauerfield International Airport	VLI
318	Q816717	Benazir Bhutto International Airport	
319	Q794560	Toussaint Louverture International Airport	PAP
320	Q46033	Frankfurt Airport	FRA
321	Q821557	Nice Côte d'Azur Airport	NCE
322	Q821275	Indira Gandhi International Airport	DEL
323	Q41293	Sabha Airport	SEB
324	Q36460	Sir Seewoosagur Ramgoolam International Airport	MRU
325	Q44553	Benina International Airport	BEN
326	Q541858	Dr. Antonio Agostinho Neto International Airport	NBJ
327	Q539298	Florianópolis International Airport	FLN
328	Q540273	Catania-Fontanarossa Airport	CTA
329	Q217226	Tirana International Airport Nënë Tereza	TIA
330	Q218738	Lankaran International Airport	LLK
331	Q221279	Wattay International Airport	VTE
332	Q44856	Taoyuan International Airport	TPE
333	Q44588	Tripoli International Airport	TIP
334	Q32190	Beijing Capital International Airport	PEK
335	Q282909	Lviv Danylo Halytskyi International Airport	LWO
336	Q278667	Rajiv Gandhi International Airport	HYD
337	Q47151	Kazan International Airport	KZN
338	Q46280	Paris-Charles de Gaulle Airport	CDG
339	Q273462	Vnukovo International Airport	VKO
340	Q269588	Edmonton International Airport	YEG
341	Q269633	El Nouzha Airport	
342	Q265994	Nuremberg Airport	NUE
343	Q263652	Sultan Aji Muhammad Sulaiman Sepinggan International Airport	BPN
344	Q269294	Saint Helena Airport	HLE
345	Q703921	Hualien Airport	HUN
346	Q707731	Florence Peretola Airport	FLR
347	Q702035	Tainan Airport	TNN
348	Q547124	Fergana International Airport	FEG
349	Q543335	Francisco Mendes International Airport	RAI
350	Q530773	Augusto C. Sandino International Airport	MGA
351	Q527031	Frank País Airport	HOG
352	Q527157	Kuwait International Airport	KWI
353	Q580409	Bournemouth Airport	BOH
354	Q577067	Vladivostok International Airport	VVO
355	Q571612	El Tari International Airport	KOE
356	Q573547	Calicut International Airport	CCJ
357	Q681134	Bujumbura International Airport	BJM
358	Q684964	Sanya Phoenix International Airport	SYX
359	Q679345	Chubu Centrair International Airport	NGO
360	Q821750	OR Tambo International Airport	JNB
361	Q821984	Tenerife South Airport	TFS
362	Q283970	Adi Soemarmo International Airport	SOC
363	Q289972	Geneva International Airport	GVA
364	Q525486	Macau International Airport	MFM
365	Q525609	Shah Amanat International Airport	CGP
366	Q526488	Salt Lake City International Airport	SLC
367	Q349673	Norwich International Airport	NWI
368	Q370274	San Carlos de Bariloche Airport	BRC
369	Q332302	Kenneth Kaunda International Airport	LUN
370	Q45935	Perth Airport	PER
371	Q45938	Auckland Airport	AKL
372	Q828386	Linate Airport	LIN
373	Q833555	"Rhodes International Airport ""Diagoras"""	RHO
374	Q837745	Buyant-Ukhaa International Airport	ULN
375	Q841771	Ellington International Airport	EFD
376	Q842297	Shenzhen Bao'an International Airport	SZX
377	Q29864	Stockholm Västerås Airport	VST
378	Q30603	Hazrat Shahjalal International Airport	DAC
379	Q570873	Damascus International Airport	DAM
380	Q571536	Tampa International Airport	TPA
381	Q656993	Palma de Mallorca Airport	PMI
382	Q656854	Padre Aldamiz International Airport	PEM
383	Q656807	Rotterdam The Hague Airport	RTM
384	Q847779	Wilmington International Airport	ILM
385	Q849314	Alicante Airport	ALC
386	Q848921	Ireland West Airport Knock	NOC
387	Q849347	Venice Marco Polo Airport	VCE
388	Q849383	Naples International Airport	NAP
389	Q850269	Ivalo Airport	IVL
390	Q255637	Wilkes-Barre/Scranton International Airport	AVP
391	Q257631	Henri Coandă International Airport	OTP
392	Q255039	Pécs-Pogány International Airport	PEV
393	Q251538	Salzburg Airport	SZG
394	Q690894	Málaga-Costa del Sol	AGP
395	Q690636	Taba International Airport	TCP
396	Q690122	Pulkovo Airport	LED
397	Q60879	Allama Iqbal International Airport	LHE
398	Q59633	Svalbard Airport	LYR
399	Q59733	La Isabela International Airport	JBQ
400	Q61052	Jinnah International Airport	KHI
401	Q61066	Tribhuvan International Airport	KTM
402	Q716323	Wenzhou Longwan International Airport	WNZ
403	Q709169	Pisa International Airport 'Galileo Galilei'	PSA
404	Q721258	Bamako-Sénou International Airport	BKO
405	Q674514	Cesária Évora Airport	VXE
406	Q676516	"Kavala International Airport ""Alexander the Great"""	KVA
407	Q672289	Malta International Airport	MLA
408	Q537950	Milwaukee Mitchell International Airport	MKE
409	Q534251	Nauru International Airport	INU
410	Q535161	José María Córdova International Airport	MDE
411	Q555863	Juan Gualberto Gómez Airport	VRA
412	Q555952	Juan Manuel Gálvez International Airport	RTB
413	Q555940	Juan Santamaría International Airport	SJO
414	Q555454	General Cipriano Castro International Airport	SVZ
415	Q854130	Cape Town International Airport	CPT
416	Q853886	Harry Reid International Airport	LAS
417	Q942017	Forlì Airport	FRL
418	Q939904	Pago Pago International Airport	PPG
419	Q939543	Kyiv Zhuliany International Airport	IEV
420	Q319654	LaGuardia Airport	LGA
421	Q304438	Baghdad International Airport	BGW
422	Q559107	Nanjing Lukou International Airport	NKG
423	Q558204	Abakan International Airport	ABA
424	Q556056	Joshua Mqabuko Nkomo International Airport	BUQ
425	Q559454	Zahedan Airport	ZAH
426	Q326268	Sharm el-Sheikh International Airport	SSH
427	Q321224	Vancouver International Airport	YVR
428	Q47157	King Khalid International Airport	RUH
429	Q53080	Piedras Negras International Airport	PDS
430	Q956152	Niamtougou International Airport	LRL
431	Q960708	Walvis Bay Airport	WVB
432	Q957105	Sandefjord Airport	TRF
433	Q963169	Sentani International Airport	DJJ
434	Q734482	Karlstad Airport	KSD
435	Q828379	M. R. Štefánik Airport	BTS
436	Q827480	Antalya Airport	AYT
437	Q955433	Mohammed V International Airport	CMN
438	Q954472	Rarotonga International Airport	RAR
439	Q950834	Kurumoch International Airport	KUF
440	Q531178	Daniel K. Inouye International Airport	HNL
441	Q531481	Gaya Airport	GAY
442	Q532778	Dushanbe International Airport	DYU
443	Q856939	Cadjehoun Airport	COO
444	Q858844	Almaty International Airport	ALA
445	Q702019	Taipei Songshan Airport	TSA
446	Q700852	Linz Airport	LNZ
447	Q694434	Innsbruck Airport	INN
448	Q382546	Mihail Kogălniceanu International Airport	CND
449	Q381677	José Martí International Airport	HAV
450	Q381688	Matecaña International Airport	PEI
451	Q929859	Orlando International Airport	MCO
452	Q930733	Toncontín International Airport	TGU
453	Q932025	Guadalajara-M. Hidalgo y Costilla	GDL
454	Q17526	Bourke Airport	BRK
455	Q17521	Bankstown Airport	BWU
456	Q17527	Brewarrina Airport	BWQ
457	Q17523	Bathurst Airport	ZBF
458	Q875749	Minneapolis–Saint Paul International Airport	MSP
459	Q889070	Kertajati International Airport	KJT
460	Q872186	Luxembourg Airport	LUX
461	Q326468	Sulaimaniyah International Airport	ISU
462	Q330015	Denver International Airport	DEN
463	Q17441	Armidale Regional Airport	ARM
464	Q17443	Ballina Byron Gateway Airport	BNK
465	Q17440	Albury Airport	ABX
466	Q17431	Pierrefonds Airport	ZSE
467	Q17445	Balranald Airport	BZD
468	Q866831	Memphis International Airport	MEM
469	Q865724	Birmingham-Shuttlesworth International Airport	BHM
470	Q17533	Collarenebri Airport	CRB
471	Q17534	Cooma – Snowy Mountains Airport	OOM
472	Q17532	Coffs Harbour Airport	CFS
473	Q17531	Cobar Airport	CAZ
474	Q17535	Coonabarabran Airport	COJ
475	Q17528	Broken Hill Airport	BHQ
476	Q17529	Camden Airport	CDU
477	Q17530	Cessnock Airport	CES
478	Q581545	John Paul II International Airport Kraków-Balice	KRK
479	Q583587	"Bocas del Toro ""Isla Colón"" International Airport"	BOC
480	Q583424	Hermanos Serdán International Airport	PBC
481	Q385356	Sri Guru Ram Dass Jee International Airport	ATQ
482	Q384788	Ministro Pistarini International Airport	EZE
483	Q385191	Hurghada International Airport	HRG
484	Q60910	"Milan–Malpensa ""Silvio Berlusconi"" Airport"	MXP
485	Q60900	Bandaranaike International Airport	CMB
486	Q762039	Kristiansund Airport, Kvernberget	KSU
487	Q762179	Belgorod International Airport	EGO
488	Q770734	Ouango Fitini Airport	OFI
489	Q771340	William P. Hobby Airport	HOU
490	Q770594	Kyzyl Airport	KYZ
491	Q770306	Surat Thani Airport	URT
492	Q979272	N'Djamena International Airport	NDJ
493	Q979270	Annaba Rabah Bitat Airport	AAE
494	Q1022397	Maputo International Airport	MPM
495	Q1025454	Jackson-Evers International Airport	JAN
496	Q898928	Douala International Airport	DLA
497	Q902486	Grantley Adams International Airport	BGI
498	Q892783	La Tontouta International Airport	NOU
499	Q371471	Vágar Airport	FAE
500	Q372615	Toulouse-Blagnac	TLS
501	Q372317	Munich-Riem Airport	
502	Q949831	Ontario International Airport	ONT
503	Q943743	Francisco de Sá Carneiro Airport	OPO
504	Q946418	Sibiu International Airport	SBZ
505	Q948809	Chacalluta International Airport	ARI
506	Q734998	Lleida-Alguaire Airport	ILD
507	Q735756	Brighton City Airport	ESH
508	Q735558	Ptuj Airport	
509	Q734993	Ricardo de Tomasi Airport	
510	Q1030032	Ganja International Airport	GNJ
511	Q1030578	Margaret Ekpo International Airport	CBQ
512	Q1030428	María Montez International Airport	BRX
513	Q1030919	Marechal Rondon International Airport	CGB
514	Q1030564	Manuel Márquez de León International Airport	LAP
515	Q965083	Dalian Zhoushuizi International Airport	DLC
516	Q969597	Mae Fah Luang – Chiang Rai International Airport	CEI
517	Q969671	Abbotsford International Airport	YXX
518	Q973283	Kuopio Airport	KUO
519	Q385406	São Paulo-Guarulhos International Airport	GRU
520	Q386864	Heydar Aliyev International Airport	GYD
521	Q738719	Paris–Le Bourget Airport	LBG
522	Q772859	Bakki Airport	
523	Q772823	Saint-Pierre Airport	FSP
524	Q15556	Erigavo Airport	ERA
525	Q15548	Berbera Airport	BBO
526	Q15552	Burao Airport	BUO
527	Q17430	Roland Garros Airport	RUN
528	Q15550	Boorama Airport	BXX
529	Q58226	Düsseldorf Airport	DUS
530	Q56973	Josep Tarradellas Airport Barcelona-El Prat	BCN
531	Q56935	Tiruchirappalli Airport	TRZ
532	Q1432681	Salalah Airport	SLL
533	Q1432699	Samos International Airport	SMI
534	Q1432686	San Carlos Airport	NCR
535	Q1432673	Salerno Costa d'Amalfi Airport	QSR
536	Q1432694	Samsun-Çarşamba Airport	SZF
537	Q590005	Poti Airport	
538	Q589550	Mundo Maya International Airport	FRS
539	Q588038	Ilopango International Airport	ILS
540	Q587675	El Salvador International Airport	SAL
541	Q587801	Marechal Cunha Machado International Airport	SLZ
542	Q17543	Forbes Airport	FRB
543	Q17540	Deniliquin Airport	DNQ
544	Q17537	Cootamundra Airport	CMD
545	Q17539	Cowra Airport	CWT
546	Q17542	Dubbo City Regional Airport	DBO
547	Q17536	Coonamble Airport	CNB
548	Q17538	Corowa Airport	CWW
549	Q17613	Kalkgurung Aerodrome	KFG
550	Q17612	Groote Eylandt Airport	GTE
551	Q17610	Elcho Island Airport	ELC
552	Q17611	Gapuwiyak Landing Ground	LEL
553	Q17615	Maningrida Aerodrome	MNG
554	Q17614	Hooker Creek Aerodrome	HOK
555	Q584102	Shannon Airport	SNN
556	Q586065	Entebbe International Airport	EBB
557	Q937462	Veer Savarkar International Airport	IXZ
558	Q938233	Sultan Syarif Kasim II International Airport	PKU
559	Q939516	Tôlanaro Airport	FTU
560	Q932514	Tenerife North Airport	TFN
561	Q721494	Queen Alia International Airport	AMM
562	Q739260	Kassala Airport	KSL
563	Q739238	Kajaani Airport	KAJ
564	Q17574	Parkes Regional Airport	PKE
565	Q17578	Quirindi Airport	UIR
566	Q17576	Port Macquarie Airport	PQQ
567	Q17570	Newcastle Airport	NTL
568	Q17569	Narromine Airport	
569	Q17571	Nyngan Airport	NYN
570	Q17567	Scottsdale Airport	SCF
571	Q17568	Narrandera Airport	NRA
572	Q17566	Narrabri Airport	NAA
573	Q17573	Orange Regional Airport	OAG
574	Q17597	Walgett Airport	WGE
575	Q17584	Tamworth Regional Airport	TMW
576	Q17599	Warnervale Airport	
577	Q17591	Tibooburra Airport	TYB
578	Q17595	Wagga Wagga Airport	WGA
579	Q17593	Tumut Airport	TUM
580	Q17589	Temora Airport	TEM
581	Q17587	Taree Airport	TRO
582	Q1432539	Quesnel Airport	YQZ
583	Q1432553	Raiatea Airport	RFP
584	Q1432546	Raivavae Airport	RVV
585	Q1432560	Rainbow Lake Airport	YOP
586	Q1432537	Pärnu Airport	EPU
587	Q1432556	Quimper – Cornouaille Airport	UIP
588	Q751894	Marakei Airport	MZK
589	Q751889	Arorae Island Airport	AIS
590	Q860559	Aeropuerto Internacional Benito Juárez	MEX
591	Q860952	Tashkent International Airport	TAS
592	Q859876	Honiara International Airport	HIR
593	Q592206	Alexandria International Airport	AEX
594	Q591971	Bangor International Airport	BGR
595	Q597139	Reno–Tahoe International Airport	RNO
596	Q593237	Kavieng Airport	KVG
597	Q592172	Cochin International Airport	COK
598	Q76269	Oslo Airport	FBU
599	Q86446	Ninoy Aquino International Airport	MNL
600	Q903521	Silvio Pettirossi International Airport	ASU
601	Q905933	Diori Hamani International Airport	NIM
602	Q903138	Debrecen International Airport	DEB
603	Q17619	Port Keats Airfield	PKT
604	Q17620	Garden Point Airport	GPN
605	Q17621	Ramingining Airfield	RAM
606	Q17623	Tennant Creek Airport	TCA
607	Q17618	Gove Airport	GOV
608	Q17616	Snake Bay Aerodrome	SNB
609	Q17617	Milingimbi Airfield	MGT
610	Q17622	Ngukurr Airport	RPM
611	Q781630	Nyíregyháza Airport	
612	Q781851	Miquelon Airport	MQC
613	Q786209	Lhasa Gonggar International Airport	LXA
614	Q775164	Shamsi Airfield	
615	Q773547	Ouagadougou Airport	OUA
616	Q774216	Abu Simbel Airport	ABS
617	Q769099	Groningen Airport Eelde	GRQ
618	Q765414	Saint-Louis Airport	XLS
619	Q767135	Man Airport	MJC
620	Q17559	Lord Howe Island Airport	LDH
621	Q17555	Lismore Airport	LSY
622	Q17552	Kempsey Airport	KPS
623	Q17553	Lightning Ridge Airport	LHG
624	Q17561	Moree Airport	MRZ
625	Q17560	Merimbula Airport	MIM
626	Q17562	Moruya Airport	MYA
627	Q17564	Mudgee Airport	DGE
628	Q381653	Viracopos International Airport	VCP
629	Q381668	Francisco Sarabia International Airport	TRC
630	Q381643	Beira Airport	BEW
631	Q374558	Taichung International Airport	RMQ
632	Q745654	Ust-Ilimsk Airport	UIK
633	Q748515	Apalachicola Regional Airport	AAF
634	Q1433172	Vichadero Airport	VCH
635	Q1433170	Valladolid Airport	VLL
636	Q1433197	Verona Villafranca Airport	VRN
637	Q1433183	Vardø Airport, Svartnes	VAW
638	Q1433189	Victoria Falls Airport	VFA
639	Q17603	West Wyalong Airport	WWY
640	Q17605	Young Airport	NGA
641	Q17606	Alice Springs Airport	ASP
642	Q17608	Croker Island Airport	CKI
643	Q17604	Shellharbour Airport	WOL
644	Q17607	Bathurst Island Airfield	BRT
645	Q1433272	Yongphulla Airport	YON
646	Q1433263	Volgograd International Airport	VOG
647	Q1433282	Zielona Góra Airport	IEG
648	Q1433260	Zagreb-Lučko Airport	
649	Q1433267	Yaoundé Airport	YAO
650	Q1432570	Roberts Field	RDM
651	Q1432609	Roi Et Airport	ROI
652	Q1432593	Rennes – Saint-Jacques Airport	RNS
653	Q1432595	Rickenbacker International Airport	LCK
654	Q1432582	Reggio Calabria Airport	REG
655	Q1432638	Rostov-on-Don Airport	RVI
656	Q1432617	Rodez-Aveyron Airport	RDZ
657	Q1432648	Montreal Metropolitan Airport	YHU
658	Q1432620	Rosh Pina Airport	RPN
659	Q17907	Barwon Heads Airport	
660	Q17902	Ballarat Airfield	
661	Q17624	Ayers Rock Airport	AYQ
662	Q17625	Victoria River Downs Aerodrome	VCD
663	Q17913	Benalla Airport	BLN
664	Q17894	Ararat airport	ARY
665	Q17901	Bairnsdale Airport	BSJ
666	Q915657	Bozeman Yellowstone International Airport	BZN
667	Q919952	Presidente Carlos Ibáñez del Campo International Airport	PUQ
668	Q912916	Phoenix Sky Harbor International Airport	PHX
669	Q1031116	Manzhouli Xijiao Airport	NZH
670	Q1031865	Mar de Cortés International Airport	PPE
671	Q1043631	Murtala Muhammed International Airport	LOS
672	Q1032934	Halim Perdanakusuma International Airport	HLP
673	Q94895	Baltimore/Washington International Thurgood Marshall Airport	BWI
674	Q1046755	Don Mueang International Airport	DMK
675	Q1046748	Osaka International Airport	ITM
676	Q1432665	Sakon Nakhon Airport	SNO
677	Q1432668	Sacramento International Airport	SMF
678	Q1432662	L'Espérance Airport	SFG
679	Q1432651	Rzeszów-Jasionka Airport	RZE
680	Q978200	Bukhara International Airport	BHK
681	Q975965	Urgench International Airport	UGC
682	Q976746	Samarkand International Airport	SKD
683	Q975696	Fuaʻamotu International Airport	TBU
684	Q1432775	Santorini (Thira) National Airport	JTR
685	Q1432777	Santiago–Rosalía de Castro Airport	SCQ
686	Q1432772	Santander Airport	SDR
687	Q1432789	Savannah/Hilton Head International Airport	SAV
688	Q795368	Shiyan Wudangshan Airport	WDS
689	Q797684	Angoche Airport	ANO
690	Q795096	Shennongjia Airport	HPG
691	Q797442	Eastern WV Regional Airport	MRB
692	Q24893	Elkhart–Morton County Airport	
693	Q597308	Blaise Diagne International Airport	DSS
694	Q764703	Pietermaritzburg Airport	PZB
695	Q764655	Limoges – Bellegarde Airport	LIG
696	Q764032	Timbuktu Airport	TOM
697	Q764554	Łódź Władysław Reymont Airport	LCJ
698	Q764518	Grobnik Aerodrome	
699	Q763480	Alytus Airport	
700	Q1432733	Sandakan Airport	SDK
701	Q1432706	San Antonio International Airport	SAT
702	Q1432729	Sanikiluaq Airport	YSK
703	Q1432711	Teniente Benjamín Matienzo International Airport	TUC
704	Q1432702	Salgado Filho Porto Alegre International Airport	POA
705	Q17547	Griffith Airport	GFF
706	Q17545	Goulburn Airport	GUL
707	Q17551	Inverell Airport	IVR
708	Q17546	Clarence Valley Regional Airport	GFN
709	Q17549	Hay Airport	HXX
710	Q17548	Gunnedah Airport	GUH
711	Q17544	Glen Innes Airport	GLI
712	Q924954	"Kalamata International Airport ""Captain Vasilis Konstantakopoulos"""	KLX
713	Q922954	Leoš Janáček Airport Ostrava	OSR
714	Q922675	Sadiq Abubakar III International Airport	SKO
715	Q926029	Deputado Luís Eduardo Magalhães International Airport	SSA
716	Q28831	Vinh Airport	VII
717	Q30524	Ubari Airport	QUB
718	Q911155	King Fahd International Airport	DMM
719	Q909488	Brasilia President Juscelino Kubitschek International Airport	BSB
720	Q912583	Hat Yai International Airport	HDY
721	Q908580	Canadian Rockies International Airport	YXC
722	Q787782	Rhode Island T. F. Green International Airport	PVD
723	Q787097	London Oxford Airport	OXF
724	Q1432755	Santa Maria Airport	SMA
725	Q1432736	San Sebastián Airport	EAS
726	Q1432764	Antonio Maceo Airport	SCU
727	Q25741	Ghadames Airport	LTD
728	Q26256	Lycksele Airport	LYC
729	Q26215	Mora-Siljan Airport	MXX
730	Q26453	Nea Anchialos National Airport	VOL
731	Q25744	Ghat Airport	GHT
732	Q25783	Tobruk Airport	TOB
733	Q779571	Prince George Airport	YXS
734	Q30542	Kufra Airport	AKF
735	Q1433221	Wewak Airport	WWK
736	Q1433208	Visby Airport	VBY
737	Q1433234	Wichita Dwight D. Eisenhower National Airport	ICT
738	Q1433211	Vaskovo Airport	VKV
739	Q1433247	Yakushima Airport	KUM
740	Q1432849	Sinop Airport	NOP
741	Q1432843	Seychelles International Airport	SEZ
742	Q1432865	Seletar Airport	XSP
743	Q1432862	Sioux Lookout Airport	YXL
744	Q1432867	Sivas Airport	VAS
745	Q1433447	Abaiang Atoll Airport	ABF
746	Q1433485	Arrabury Airport	AAB
747	Q1433474	Arboga Airport	
748	Q1433522	Bitterwasser Airport	
749	Q1433650	Hoogeveen Airport	
750	Q1433461	S. Darius and S. Girėnas Airport	
751	Q1433469	Anaktuvuk Pass Airport	AKP
752	Q1433441	Abemama Airport	AEA
753	Q1433483	Aranuka Airport	AAK
754	Q1433338	Šiauliai International Airport	SQQ
755	Q1433313	Ísafjörður Airport	IFJ
756	Q1433329	Şanlıurfa GAP Airport	GNY
757	Q1433348	Žilina Airport	ILZ
758	Q27217	Mogilev Airport	MVQ
759	Q26514	Narvik Airport, Framnes	NVK
760	Q27117	Eilat Airport	ETH
761	Q26504	Mo i Rana Airport, Røssvoll	MQN
762	Q1052673	Windsor International Airport	YQG
763	Q1050707	Paphos International Airport	PFO
764	Q1050244	Khartoum International Airport	KRT
765	Q1054163	Phnom Penh International Airport	PNH
766	Q1432965	Tacuarembó Airport	TAW
767	Q1432951	São Jorge Airport	SJZ
768	Q1432970	Sønderborg Airport	SGD
769	Q1432936	Syamsudin Noor International Airport	BDJ
770	Q1432968	Sørkjosen Airport	SOJ
771	Q1432959	Słupsk-Redzikowo Airport	OSP
772	Q1061330	Christchurch International Airport	CHC
773	Q1061437	Midway International Airport	MDW
774	Q794542	Cayenne – Félix Eboué Airport	CAY
775	Q794540	Jacmel Airport	JAK
776	Q1058344	Simón Bolívar International Airport	CCS
777	Q1054472	Siem Reap International Airport	REP
778	Q1124922	Zvartnots International Airport	EVN
779	Q1122958	Juba International Airport	JUB
780	Q18564	Latrobe Valley Airport	TGN
781	Q17924	Echuca Airport	ECH
782	Q18563	Kerang Airport	KRA
783	Q17917	Corryong Airport	CYG
784	Q18565	Leongatha Airport	
785	Q18561	Horsham Airport	HSM
786	Q17933	Hopetoun Airport	HTU
787	Q18566	Mallacoota Airport	XMC
788	Q1070747	Mataveri International Airport	IPC
789	Q1068685	Cluj International Airport	CLJ
790	Q1065082	Chiang Mai International Airport	CNX
791	Q810875	Baton Rouge Metropolitan Airport	BTR
792	Q821267	Kamembe Airport	KME
793	Q816737	Bend Municipal Airport	
794	Q1432929	Sukhothai Airport	THS
795	Q1432898	Sliač Airport	SLD
796	Q1432932	Sumburgh Airport	LSI
797	Q1432917	Solidarity Szczecin-Goleniów Airport	SZZ
798	Q1432894	Songkhla Airport	SGZ
799	Q1432977	Tak Airport	TKT
800	Q1432981	Tagbilaran Airport	TAG
801	Q1432999	Tapa Airfield	
802	Q1432987	Cap. FAP Víctor Montes Arias Airport	TYL
803	Q1432975	Tabarka-Ain Draham International Airport	TBJ
804	Q1432990	Bobby Bowden-Tallahassee International Airport	TLH
805	Q1433078	Tottori Airport	TTJ
806	Q1433080	Cherry Capital Airport	TVC
807	Q1433062	Thisted Airport	TED
808	Q1433066	Tofino-Long Beach Airport	YAZ
809	Q1433058	Tetouan Saniat R'mel Airport	TTU
810	Q1433064	Tijuana International Airport	TIJ
811	Q1433077	Treinta y Tres Airport	TYT
812	Q1433087	Tours Val de Loire Airport	TUF
813	Q1433108	Cap. FAP Carlos Martínez de Pinillos International Airport	TRU
814	Q1433097	Trat Airport	TDX
815	Q1433107	Tengchong Tuofeng Airport	TCZ
816	Q1433114	Cap. FAP Pedro Canga Rodríguez Airport	TBP
817	Q1433103	Tsumeb Airport	TSB
818	Q1048131	Casper–Natrona County International Airport	CPR
819	Q1048704	Mactan–Cebu International Airport	CEB
820	Q1049719	Faa'a International Airport	PPT
821	Q1528621	Muskegon County Airport	MKG
822	Q1528501	Nahanni Butte Airport	
823	Q1528494	Muskoka Airport	YQA
824	Q1528300	Myrtle Beach International Airport	MYR
825	Q1528543	Muzzafarpur Airport	MZU
826	Q1528441	Muttaburra Airport	UTB
827	Q1526611	Nampula Airport	APL
828	Q1526745	Quelimane Airport	UEL
829	Q1433286	El Fasher Airport	ELF
830	Q1433287	El Obeid Airport	EBD
831	Q1433295	Évora Airport	
832	Q1433302	Čakovec Pribislavec Airfield	
833	Q1433309	Oskemen Airport	UKK
834	Q1433288	Çanakkale Airport	CKZ
835	Q1433305	Åre Östersund Airport	OSD
836	Q1130612	Gran Canaria Airport	LPA
837	Q1126306	Tampere-Pirkkala Airport	TMP
838	Q1130231	Turku Airport	TKU
839	Q1433005	Talagi Airport	ARH
840	Q1433007	Taraz Airport	DMB
841	Q1433022	Tangier Ibn Battouta Airport	TNG
842	Q1433025	Tekirdağ Çorlu Airport	TEQ
843	Q1444466	Manitowaning/Manitoulin East Municipal Airport	YEM
844	Q1444418	Mansons Landing Water Aerodrome	YMU
845	Q1444500	Manitowoc County Airport	MTW
846	Q1444431	Mankato Airport	
847	Q1449541	Rieti Airport	
848	Q1444533	Manitouwadge Airport	YMG
849	Q1444442	Manito Mitchell Airport	
850	Q1444482	Mansfield Airport	
851	Q1444542	Mansfield Municipal Airport	
852	Q1444477	Mansonville Airport	
853	Q1444563	Manistee County Blacker Airport	MBL
854	Q1461076	Louis Armstrong New Orleans International Airport	MSY
855	Q843204	Reykjavík Airport	RKV
856	Q844084	Tuy Hoa Airport	TBB
857	Q1088438	Jacksons International Airport	POM
858	Q1100795	Cleveland Hopkins International Airport	CLE
859	Q1071990	Chicago Rockford International Airport	RFD
860	Q1077327	Luang Prabang International Airport	LPQ
861	Q27268	Oral Ak Zhol Airport	URA
862	Q27253	Polotsk Airport	
863	Q27301	Jeongseok Airport	JDG
864	Q27546	Gomel Airport	GME
865	Q33130	Ghardabiya Air Base	SRX
866	Q1108990	Erenhot Saiwusu International Airport	ERL
867	Q1109558	Ljubljana Jože Pučnik Airport	LJU
868	Q1119032	Aden Adde International Airport	MGQ
869	Q61396	Syktyvkar Airport	SCW
870	Q844281	Gothenburg City Airport	GSE
871	Q844825	Podgorica Airport	TGD
872	Q1432815	Semporna Airport	SMM
873	Q1432804	Seghe Airport	EGM
874	Q1432828	Seinäjoki Airport	SJY
875	Q1432790	Zaranj Airport	ZAJ
876	Q1432822	Sde Dov Airport	SDV
877	Q1432830	Sines Airport	SIE
878	Q1433031	Tawau Airport	TWU
879	Q1433027	Teruel Airport	TEV
880	Q1433053	Teterboro Airport	TEB
881	Q1433050	Richard Pearse Airport	TIU
882	Q1433034	Northwest Regional Airport	YXT
883	Q847412	Udaipur Airport	UDR
884	Q846321	Miami-Opa Locka Executive Airport	OPF
885	Q1061846	I Gusti Ngurah Rai International Airport	DPS
886	Q1063604	Yasser Arafat International Airport	GZA
887	Q1062676	Las Américas International Airport	SDQ
888	Q59942	Launch and Landing Facility	QQS
889	Q60484	Trang Airport	TST
890	Q1432887	Skien Airport, Geiteryggen	SKE
891	Q1432882	Sohar Airport	OHS
892	Q1432884	Skellefteå Airport	SFT
893	Q1432871	Simferopol International Airport	SIP
894	Q1432893	Smithers Airport	YYD
895	Q1131604	Oulu Airport	OUL
896	Q1132616	Rome Ciampino Airport	CIA
897	Q1137513	Tinian International Airport	TIQ
898	Q1137115	Gothenburg-Landvetter Airport	GOT
899	Q1137465	Fukuoka Airport	FUK
900	Q1443693	Mansfield Lahm Regional Airport	MFD
901	Q1443376	Manja Airport	MJA
902	Q1442579	Kasaba Bay Airport	ZKB
903	Q1444298	Manning Airport	
904	Q1443677	Manley Hot Springs Airport	MLY
905	Q1433916	Tympaki Airport	
906	Q1444309	Manitou Airport	
907	Q1444107	Manpo Airport	
908	Q1433918	Varese-Venegono Airport	QVA
909	Q1443713	Mankato Regional Airport	MKT
910	Q1444272	Maniwaki Airport	YMW
911	Q1433954	Zuwarah Airport	WAX
912	Q39164	Bodø Airport	BOO
913	Q44824	Ebolowa Airport	EBW
914	Q41292	Misrata Airport	MRA
915	Q47724	Con Dao Airport	VCS
916	Q38805	Gustaf III Airport	SBH
917	Q835129	Bornholm Airport	RNN
918	Q830945	Djougou Airport	DJA
919	Q829643	Boundary Bay Airport	YDT
920	Q830601	Madang Airport	MAG
921	Q2066541	Warsaw Radom Airport	RDO
922	Q2071029	Gdynia-Kosakowo Airport	QYD
923	Q2071036	Severo-Evensk Airport	SWV
924	Q2065497	Albertville Regional Airport	
925	Q2065513	Ardmore Airport, Alabama	
926	Q2067431	Lensk Airport	ULK
927	Q2065880	Anniston Regional Airport	ANB
928	Q1139165	Huangshan Tunxi International Airport	TXN
929	Q1137714	Juancho E. Yrausquin Airport	SAB
930	Q1138408	Sochi International Airport	AER
931	Q59669	Tho Xuan Airport	THD
932	Q56215	Nusawiru Airport	CJN
933	Q56216	Tunggul Wulung Airport	CXP
934	Q49249	Husein Sastranegara Airport	BDO
935	Q1466595	Zalaegerszegi aerodrome	
936	Q1499872	Will Rogers World Airport	OKC
937	Q1471549	Albert J. Ellis Airport	OAJ
938	Q1500002	Southwest Florida International Airport	RSW
939	Q1466205	Thiruvananthapuram International Airport	TRV
940	Q2097281	Pitt-Greenville Airport	PGV
941	Q2102332	Oradea International Airport	OMR
942	Q2096315	Ørland Airport	OLA
943	Q2093682	Campo dos Amarais Airport	CPQ
944	Q2089913	Lubango Airport	SDD
945	Q2095401	Yamburg Airport	
946	Q80982	Arak Airport	AJK
947	Q63550	Dongying Shengli Airport	DOY
948	Q64833	Nanaimo Airport	YCD
949	Q63975	Chaoyang Airport	CHG
950	Q63860	Taplejung Airport	TPJ
951	Q63836	La Tabatière Airport	ZLT
952	Q80960	Bancasi Airport	BXU
953	Q1139968	Nuuk Airport	GOH
954	Q1140972	Federico Fellini International Airport	RMI
955	Q1142219	Jorge Chávez International Airport	LIM
956	Q1528831	Pithorgarh Airport	NNS
957	Q1528684	Murray-Calloway County Airport	CEY
958	Q1528649	Murray Field	EKA
959	Q1528645	Murray Bridge Airport	
960	Q1528671	Muñoz Airstrip	
961	Q1528628	Munson Airport	
962	Q1528633	Nadirgul Airport	
963	Q1528625	Nakasongola Airport	
964	Q1528725	Oklahoma Municipal Airport	
965	Q1528678	Murray Island Airport	MYI
966	Q1528772	Munda Airport	MUA
967	Q1528781	Nacala Airport	MNC
968	Q1143116	Haikou Meilan International Airport	HAK
969	Q1144167	Shenyang Taoxian International Airport	SHE
970	Q1144233	Corfu International Airport	CFU
971	Q2061683	Valdez Airport	VDZ
972	Q2062820	Grand Forks International Airport	GFK
973	Q2061986	Ugnu-Kuparuk Airport	UUK
974	Q2065197	Kiwayu Airport	KWY
975	Q2065218	Stratford Municipal Airport	
976	Q2063727	Alpine County Airport	
977	Q2065485	Addison Municipal Airport	
978	Q2065052	Saattut Heliport	
979	Q2061713	Wasilla Airport	WWA
980	Q2061693	Wiley Post–Will Rogers Memorial Airport	BRW
981	Q1510001	Gerald R. Ford International Airport	GRR
982	Q1516699	St. John's International Airport	YYT
983	Q1516769	Bacha Khan International Airport	PEW
984	Q838219	Paine Field	PAE
985	Q841748	Rhodes Maritsa Airport	
986	Q837270	Raadi Airfield	
987	Q836666	León Airport	LEN
988	Q1433154	Pichoy Airport	ZAL
989	Q1433166	Varaždin Airport	
990	Q1433155	Valjevo Airport	QWV
991	Q1433151	Ushuaia – Malvinas Argentinas International Airport	USH
992	Q1433892	Tamana Airport	TMN
993	Q1433912	Udine-Campoformido Airport	UDN
994	Q1433780	Onotoa Airport	OOT
995	Q1433698	Lecce-San Cataldo Airport	
996	Q1433651	Interlaken Airport	
997	Q1433804	Paraćin Airport	
998	Q1433710	Maiana Airport	MNK
999	Q1433818	Rakkestad Airport	
1000	Q1433717	Makin Airfield	MTK
1001	Q1433883	Tabiteuea Süd Airport	TSU
1002	Q1433763	Nonouti Airport	NON
1003	Q1433907	Tanquary Fiord Airport	
1004	Q1433718	Bresso Airport	QIB
1005	Q1433747	Natitingou Airport	NAE
1006	Q1139574	Beijing Daxing International Airport	PKX
1007	Q1139661	Queen Beatrix International Airport	AUA
1008	Q1152024	Mashhad International Airport	MHD
1009	Q1152202	Yap International Airport	YAP
1010	Q1153024	Wa Airport	WZA
1011	Q1528942	Naga Airport	WNP
1012	Q1528999	Muskeg Tower Airport	
1013	Q1528995	Mytilene International Airport	MJT
1014	Q1528948	Myitkyina Airport	MYT
1015	Q1528989	Mukah Airport	MKM
1016	Q1529017	Murmansk Airport	MMK
1017	Q1155932	Ancona/Falconara Airport	AOI
1018	Q1156786	Harbin Taiping International Airport	HRB
1019	Q1156790	Qingdao Liuting International Airport	TAO
1020	Q1153219	Governador Jorge Teixeira de Oliveira International Airport	PVH
1021	Q1433138	Unalaska Airport	DUT
1022	Q1433148	Umeå Airport	UME
1023	Q1433143	Uşak Airport	USQ
1024	Q1433133	Tuzla International Airport	TZL
1025	Q1433127	Ubon Ratchathani International Airport	UBP
1026	Q1165280	Port Bouet Airport	ABJ
1027	Q1163183	Charleston International Airport	CHS
1028	Q1165296	Sanaa International Airport	SAH
1029	Q847695	Kaunas Airport	KUN
1030	Q1188577	Port Hedland International Airport	PHE
1031	Q1187044	Hévíz–Balaton Airport	SOB
1032	Q1165584	Oakland San Francisco Bay Airport	OAK
1033	Q1187633	Rota International Airport	ROP
1034	Q1147758	Bacău International Airport	BCM
1035	Q1147092	Roman Tmetuchl International Airport	ROR
1036	Q1148514	Brunei International Airport	BWN
1037	Q849366	Smolensk North Airport	
1038	Q1142225	El Alto International Airport	LPB
1039	Q1142384	"Heraklion International Airport ""Nikos Kazantzakis"""	HER
1040	Q106119	RAF Northolt	NHT
1041	Q116725	Miyako Airport	MMY
1042	Q114345	Marina di Campo Airport	EBA
1043	Q94904	Niagara Central Airport	
1044	Q1156865	Indianapolis International Airport	IND
1045	Q1156904	Kutaisi International Airport	KUT
1046	Q1156872	Pointe-à-Pitre International Airport	PTP
1047	Q2137328	Ronneby Airport	RNB
1048	Q2134812	Frans Kaisiepo International Airport	BIK
1049	Q2131378	Naval Station Mayport	NRB
1050	Q2125202	Baykit Airport	
1051	Q2123975	RAF Odiham	ODH
1052	Q2123972	MoD Lyneham	LYE
1053	Q853923	Wiener Neustadt West Airport	
1054	Q856152	Turkmenbashi Airport	KRW
1055	Q854127	Békés Airport	
1056	Q855170	Börgönd Airport	
1057	Q1198791	Hamad International Airport	DOH
1058	Q1197691	Hangzhou Xiaoshan International Airport	HGH
1059	Q851733	Rundu Airport	NDU
1060	Q851725	Keetmanshoop Airport	KMP
1061	Q851334	Budaörs Airport	
1062	Q851170	Mount Magnet Airport	MMG
1063	Q2061612	Ralph M. Calhoun Memorial Airport	TAL
1064	Q2060559	Atka Airport	AKB
1065	Q2060909	Ambler Airport	ABL
1066	Q2061347	Pauloff Harbor	
1067	Q2061661	Shishmaref Airport	SHH
1068	Q2061631	Petersburg James A. Johnson Airport	PSG
1069	Q2060917	Emmonak Airport	EMK
1070	Q2061650	Ralph Wien Memorial Airport	OTZ
1071	Q2061642	New Stuyahok Airport	KNW
1072	Q81514	Nzagi Airport	NZA
1073	Q81512	N'zeto Airport	ARZ
1074	Q81319	Jinchang Jinchuan Airport	JIC
1075	Q81569	Catumbela Airport	CBT
1076	Q81362	Zhangye Ganzhou Airport	YZY
1077	Q81552	Camaxilo Airport	CXM
1078	Q1150665	Niue International Airport	IUE
1079	Q1151886	Shahid Sadooghi Airport	AZD
1080	Q1151896	Shiraz International Airport	SYZ
1081	Q1151889	Isfahan shahid behadhti International Airport	IFN
1082	Q93617	Qualicum Beach Airport	XQU
1083	Q93902	Prince Rupert Airport	YPR
1084	Q82240	Hiroshima Airport	HIJ
1085	Q81573	Kapanda Airport	KNP
1086	Q82882	Bajawa Soa Airport	BJW
1087	Q81575	Saurimo Airport	VHC
1088	Q850744	BudaWest Airport	
1089	Q849715	Brindisi – Salento Airport	BDS
1090	Q1136355	Antonio B. Won Pat International Airport	GUM
1091	Q1134679	Rotorua International Airport	ROT
1092	Q1135486	Dayton International Airport	DAY
1093	Q1133357	Muscat International Airport	MCT
1094	Q860300	Nantong Xingdong International Airport	NTG
1095	Q117807	Sary-Arka Airport	KGF
1096	Q120326	Moorea Airport	MOZ
1097	Q118696	Downsview Airport	YZD
1098	Q117708	Billy Bishop Toronto City Airport	YTZ
1099	Q847788	Ondangwa Airport	OND
1100	Q1150574	Wellington Airport	WLG
1101	Q1150557	Nadi International Airport	NAN
1102	Q1148527	Ashgabat International Airport	ASB
1103	Q1547557	Mariscal Sucre International Airport	UIO
1104	Q1567208	Iranshahr Airport	IHR
1105	Q1550227	Hunt Field	LND
1106	Q1547093	Grissom Air Reserve Base	
1107	Q1554290	Gulfport-Biloxi International Airport	GPT
1108	Q1528870	Mweya Airport	
1109	Q1528862	Naivasha Airport	
1110	Q1528856	Myricks Airport	
1111	Q1528926	Mustique Airport	MQS
1112	Q1528938	Myeik Airport	MGZ
1113	Q1528888	Najran Domestic Airport	EAM
1114	Q1528932	Mykolaiv Airport	NLV
1115	Q1528842	Mulegé Airstrip	MUG
1116	Q1528865	Muscatine Municipal Airport	MUT
1117	Q890555	Inhaca Airport	IHC
1118	Q889889	Moundou Airport	MQQ
1119	Q891079	Independencia Airport	QRC
1120	Q889632	Zakouma Airport	AKM
1121	Q889486	Donoi Airport	ULZ
1122	Q889090	Doba Airport	
1123	Q889350	Fada Airport	
1124	Q874383	Greymouth Airport	GMN
1125	Q129040	Cazombo Airport	CAV
1126	Q130189	Chilliwack Airport	YCW
1127	Q2232580	General Lucio Blanco International Airport	REX
1128	Q2232556	Francisco de Orellana Airport	OCC
1129	Q2232548	Los Garzones Airport	MTR
1130	Q2233026	El Alcaraván Airport	EYP
1131	Q2233042	Tarama Airport	TRA
1132	Q2233033	Tjilik Riwut Airport	PKY
1133	Q903231	Sunshine Coast Airport	MCY
1134	Q1162558	Katowice International Airport	KTW
1135	Q1160343	Calgary International Airport	YYC
1136	Q1636811	Humberside Airport	HUY
1137	Q1635483	Bulgan Airport	UGA
1138	Q1653962	Denis Island Airport	DEI
1139	Q1654006	Dallas Bay Skypark	
1140	Q1654022	Cuyo Airport	CYU
1141	Q1653965	Council Airport	CIL
1142	Q1635473	Arvaikheer Airport	AVK
1143	Q1653996	Clay Center Municipal Airport	
1144	Q1653979	Beaver Airport	WBQ
1145	Q862401	Congonhas-São Paulo Airport	CGH
1146	Q865475	Santos Dumont Airport	SDU
1147	Q900492	Cà Mau Airport	CAH
1148	Q1580098	Johan Pienaar Airport	KMH
1149	Q1571015	Regina International Airport	YQR
1150	Q1578972	Albuquerque International Sunport	ABQ
1151	Q1579716	Kanye Airport	
1152	Q1580022	Kang Airport	
1153	Q1579838	Diqing Shangri-La Airport	DIG
1154	Q1592044	Sibisa Airport	SIW
1155	Q1584145	W. H. Bramble Airport	MNI
1156	Q1584069	St. Petersburg–Clearwater International Airport	PIE
1157	Q1592053	Raja Sisingamangaraja XII International Airport	DTB
1158	Q1592036	Lasondre Airport	LSE
1159	Q1583022	MacDill Air Force Base	MCF
1160	Q1592368	Tuguegarao Airport	TUG
1161	Q867656	Samui Airport	USM
1162	Q868994	Bill and Hillary Clinton National Airport	LIT
1163	Q2071461	Komsomolsk-on-Amur Airport	KXK
1164	Q2071056	Tiksi West	
1165	Q2074948	Petropavlovsk-Kamchatsky Airport	PKC
1166	Q2075224	Vilyuisk Airport	VYI
1167	Q2074717	Pinto Martins – Fortaleza International Airport	FOR
1168	Q1529264	Muskrat Dam Airport	MSA
1169	Q1529746	Balad Air Base	
1170	Q1529259	Mule Creek Airport	
1171	Q1529357	Mulu Airport	MZV
1172	Q1529254	Nain Airport	YDP
1173	Q1530683	Depati Amir Airport	PGK
1174	Q1530927	Sultan Thaha Airport	DJB
1175	Q1529235	Naha Airport	NAH
1176	Q1654606	Dillon County Airport	DLL
1177	Q1654617	Belle Glade State Municipal Airport	
1178	Q1654534	Clarksville Municipal Airport	
1179	Q1654595	Cookstown/Kirby Field Aerodrome	
1180	Q1654523	Crisfield Municipal Airport	
1181	Q1654542	Cynthiana-Harrison County Airport	
1182	Q1654568	Douthitt Strip	
1183	Q1654627	Beaver County Airport	BFP
1184	Q1654629	Curtis L. Brown Jr. Field	
1185	Q1654553	Dexter B. Florence Memorial Field	
1186	Q1654561	Dirkou Airport	
1187	Q1654618	Douglas Municipal Airport	
1188	Q1654590	Door County Cherryland Airport	SUE
1189	Q1192962	Raleigh–Durham International Airport	RDU
1190	Q1191196	Praia International Airport	RAI
1191	Q1192811	Francisco Bangoy International Airport	DVO
1192	Q1193001	Mandalay International Airport	MDL
1193	Q1204970	Queenstown Airport	ZQN
1194	Q1209088	Kalibo International Airport	KLO
1195	Q1205940	Prince Mohammad Bin Abdulaziz International Airport	MED
1196	Q1529230	Nà Sản Airport	SQH
1197	Q1529219	Mysuru Airport	MYQ
1198	Q1529136	Murphy Ranch Airport	
1199	Q1529143	Mutukula Airport	
1200	Q1529169	Myrtle Creek Municipal Airport	
1201	Q1529176	Unionville Municipal Airport	
1202	Q1529222	Muzaffarabad Airport	MFG
1203	Q1654437	DeKalb-Peachtree Airport	PDK
1204	Q1654449	Dodge County Airport	UNU
1205	Q1654495	Clinton Municipal Airport	
1206	Q1654460	Cooperstown-Westville Airport	COP
1207	Q1654512	Clark County Airport	
1208	Q1654494	Council Bluffs Municipal Airport	CBF
1209	Q1654479	Beaverton North Aerodrome	
1210	Q1654499	Corning–Painted Post Airport	
1211	Q1654453	Dolhun Field Airport	
1212	Q1654467	Donaldson Center Airport	GDC
1213	Q1654486	Dade-Collier Training and Transition Airport	TNT
1214	Q1654478	Drake Field	FYV
1215	Q1654465	Clonbullogue Airfield	
1216	Q2213149	Hagfors Airport	HFS
1217	Q2195432	Tamale International Airport	TML
1218	Q2181363	Halmstad Airport	HAD
1219	Q2199514	Radin Inten II International Airport	TKG
1220	Q2175761	Tadjoura Airport	TDJ
1221	Q2212491	Cheb Airport	
1222	Q2179954	Oostwold Airport	
1223	Q2231675	Tepic – Riviera Nayarit International Airport	TPQ
1224	Q2231542	Carlos Rovirosa Pérez International Airport	VSA
1225	Q2231517	Golosón International Airport	LCE
1226	Q2231684	Ciudad del Carmen International Airport	CME
1227	Q2231559	Quetzalcóatl International Airport	NLD
1228	Q2231697	Aniak Airport	ANI
1229	Q122668	Ruhnu Airfield	
1230	Q127121	Alert Airport	YLT
1231	Q127148	Esbjerg Airport	EBJ
1232	Q919691	General Justo José de Urquiza Airport	PRA
1233	Q919899	Platteville Municipal Airport	PVB
1234	Q919059	Loei Airport	LOE
1235	Q917528	Spokane International Airport	GEG
1236	Q2088517	Phoenix Deer Valley Airport	DVT
1237	Q2087441	Vero Beach Regional Airport	VRB
1238	Q2088518	Bardufoss Airport	BDU
1239	Q2084892	Tiksi Airport	IKS
1240	Q2075671	Kodiak Municipal Airport	KDK
1241	Q2076603	Uktus Airport	
1242	Q2080062	Pridacha Airport	
1243	Q2115080	Pardubice Airport	PED
1244	Q2107478	Assiut Airport	ATZ
1245	Q2113291	Sihanouk International Airport	KOS
1246	Q2112559	Agadir-Inezgane Airport	
1247	Q2112869	Kampong Chhnang Airport	KZC
1248	Q127157	"Ohrid ""St. Paul the Apostle"" Airport"	OHD
1249	Q127331	Midtjylland Airport	KRP
1250	Q1190316	Islamabad International Airport	ISB
1251	Q1190274	Kunming Wujiaba International Airport	
1252	Q1188985	Nausori International Airport	SUV
1253	Q2233085	Tapachula International Airport	TAP
1254	Q2233112	Yichang Airport	YIH
1255	Q2233067	Sultan Mahmud Airport	TGG
1256	Q2233094	Yariguíes Airport	EJA
1257	Q2233051	Lic. y Gen. Ignacio López Rayón International Airport	UPN
1258	Q2233076	Abraham González Airport	CJS
1259	Q898922	Malmö Airport	MMX
1260	Q892248	Agatti Aerodrome	AGX
1261	Q893154	Trieste – Friuli Venezia Giulia Airport	TRS
1262	Q892425	Kuressaare Airport	URE
1263	Q174194	Archerfield Airport	ACF
1264	Q1654299	Coles County Memorial Airport	MTO
1265	Q1654064	Clinton Regional Airport	CLK
1266	Q1654308	Raleigh County Memorial Airport	BKW
1267	Q1654142	Cleveland Municipal Airport	
1268	Q1654318	Crystal Airport	
1269	Q1654101	Beaver Marsh Airport	
1270	Q1654273	Clinton Field	
1271	Q1654183	Crescent Lake State Airport	
1272	Q1654168	DeFuniak Springs Airport	
1273	Q1654203	Dahara Airport	
1274	Q1654076	Derby Field	LOL
1275	Q1654155	Cumberland Municipal Airport	
1276	Q1654258	Cowpar Airport	
1277	Q905906	Peterborough Airport	YPQ
1278	Q908296	New Chitose Airport	CTS
1279	Q904677	Subotica Airport	
1280	Q908622	Campbell River Airport	YBL
1281	Q908651	Vanderhoof Airport	
1282	Q1231062	El Paso International Airport	ELP
1283	Q1232348	Chania International Airport	CHQ
1284	Q1209229	Mudanjiang Hailang International Airport	MDG
1285	Q2231705	General Francisco J. Mujica International Airport	MLM
1286	Q2231888	Antonio José de Sucre Airport	CUM
1287	Q2232102	Liuzhou Bailian Airport	LZH
1288	Q2231716	Federal de Bachigualato International Airport	CUL
1289	Q2231909	Kulob Airport	TJU
1290	Q1595048	Jabalpur Airport	JLR
1291	Q1595059	Jamnagar Airport	JGA
1292	Q1595074	Kandla Airport	IXY
1293	Q1595024	Kolhapur Airport	KLH
1294	Q1595036	Khajuraho Airport	HJR
1295	Q1654743	Bemidji Regional Airport	BJI
1296	Q1654756	Crow-Mag Airport	
1297	Q1654729	Crowley Ranch Airstrip	
1298	Q1654746	Dell Flight Strip	
1299	Q1654794	Columbus-Lowndes County Airport	UBS
1300	Q1654771	Desert Rock Airport	DRA
1301	Q1654724	Coromandel Aerodrome	CMV
1302	Q1654811	Clintonville Municipal Airport	CLI
1303	Q1654788	Beech River Regional Airport	
1304	Q1654776	Courtland Airport	
1305	Q1654801	Currituck County Regional Airport	
1306	Q1654777	Drietabbetje Airstrip	DRJ
1307	Q2160738	Capitán Vicente Almandos Almonacid Airport	IRJ
1308	Q2165295	Lawton–Fort Sill Regional Airport	LAW
1309	Q2153576	Pathein Airport	BSX
1310	Q2160889	Ricardo García Posada Airport	ESR
1311	Q2156249	Magnitogorsk International Airport	MQF
1312	Q2159407	Chara Airport	
1313	Q2166872	Greenville/Sinoe Airport	SNI
1314	Q176634	Graciosa Airport	GRW
1315	Q177473	Fukushima Airport	FKS
1316	Q155359	Zadar Airport	ZAD
1317	Q1262128	Niš Constantine the Great Airport	INI
1318	Q1270645	Macapá International Airport	MCP
1319	Q1266839	Durban International Airport	DUR
1320	Q1284157	Sarasota–Bradenton International Airport	SRQ
1321	Q1262548	Samaná El Catey International Airport	AZS
1322	Q1257392	San Jose International Airport	SJC
1323	Q1257667	Saipan International Airport	SPN
1324	Q1258402	Eldoret International Airport	EDL
1325	Q1199087	Louisville International Airport	SDF
1326	Q1200033	Zamboanga International Airport	ZAM
1327	Q1200570	Batumi International Airport	BUS
1328	Q1654709	Coffey County Airport	UKL
1329	Q1654685	Dabra Airport	DRH
1330	Q1654675	Clinton-Sherman Industrial Airpark	CSM
1331	Q1654655	Cline Falls Air Park	
1332	Q1654717	Columbia Aviation Heliport	
1333	Q1654638	Dick Fisher Airport	
1334	Q1654704	Djedaa Airport	
1335	Q1654720	Dien Bien Phu Airport	DIN
1336	Q1654696	Cox Field	PRX
1337	Q1654647	Behala Airport	
1338	Q1654666	Cobb County Airport	
1339	Q1654641	Coonagh Aerodrome	
1340	Q944839	Dala Airport	BLE
1341	Q941042	Samara-Smyshliayevka Airport	
1342	Q942671	Nowy Sącz-Łososina Dolna Airport	
1343	Q943796	Ravenna Airport	RAN
1344	Q923310	Hawarden Airport	CEG
1345	Q924102	Codrington Airport	BBQ
1346	Q1618487	Ørsta-Volda Airport	HOV
1347	Q1618505	Molde Airport	MOL
1348	Q1595087	Swami Vivekananda Airport	RPR
1349	Q1620238	Jorhat Airport	JRH
1350	Q1629309	Quad Cities International Airport	MLI
1351	Q1629051	Krasnodar International Airport	KRR
1352	Q1626023	Aioun el Atrouss Airport	AEO
1353	Q1627007	Mandalgovi Airport	MXW
1354	Q1626999	Ulaangom Airport	ULO
1355	Q2235009	Kozushima Airport	
1356	Q2234608	Satu Mare International Airport	SUJ
1357	Q2235224	Val-d'Or Airport	YVO
1358	Q2234528	Miyakejima Airport	MYE
1359	Q2234460	Arba Minch Airport	AMH
1360	Q2234420	Nida Airfield	
1361	Q2235239	Thompson Airport	YTH
1362	Q2235230	Red Deer Regional Airport	YQF
1363	Q2235247	Timmins/Victor M. Power Airport	YTS
1364	Q2235470	Jingdezhen Luojia Airport	JDZ
1365	Q2235480	Xining Caojiabao Airport	XNN
1366	Q2235396	Lianyungang Airport	LYG
1367	Q139983	Cagliari Elmas Airport	CAG
1368	Q137695	Charlo Airport	YCL
1369	Q139875	L'Aquila Preturo Airport	QAQ
1370	Q130927	Chitato Airport	PGI
1371	Q130863	Long Apung Airport	LPU
1372	Q130946	Abumumbazi Airport	
1373	Q130915	Cherepovets Airport	CEE
1374	Q1655471	College Park Airport	CGS
1375	Q1655459	Belwood (Baird Field) Aerodrome	
1376	Q1655478	Clinton (Bleibler Ranch) Aerodrome	
1377	Q1655450	Cloverdale Municipal Airport	
1378	Q1655465	Coca Cola Airport	
1379	Q1655426	Cunnamulla Airport	CMA
1380	Q1655469	Delingha Airport	HXD
1381	Q1655467	Cliff Hatfield Memorial Airport	CLR
1382	Q1655449	Clarks Point Airport	CLP
1383	Q1655482	Cortland County Airport	CTX
1384	Q1655461	Cuyahoga County Airport	CGF
1385	Q1655438	Corvallis Municipal Airport	CVO
1386	Q930897	Aguas Claras Airport	OCV
1387	Q930606	Győr-Pér International Airport	
1388	Q926638	Halls Creek Airport	HCQ
1389	Q165146	Lien Khuong Airport	DLI
1390	Q175897	Ålesund Airport, Vigra	AES
1391	Q176187	Yamagata Airport	GAJ
1392	Q176576	Capitán Oriel Lea Plaza Airport	TJA
1393	Q175194	Andahuaylas Airport	ANS
1394	Q1344758	San Pablo Airport	SVQ
1395	Q1335087	La Chinita International Airport	MAR
1396	Q1334495	Koltsovo Airport	SVX
1397	Q936871	Novy Urengoy Airport	NUX
1398	Q934242	Farafangana Airport	RVA
1399	Q937065	Fderik Airport	FGD
1400	Q934833	Orcas Island Airport	ESD
1401	Q2233185	Barisal Airport	BZL
1402	Q2233135	Formosa International Airport	FMA
1403	Q2233608	Uray Airport	URJ
1404	Q2233144	Almirante Padilla Airport	RCH
1405	Q2233156	Lic. Miguel de la Madrid Airport	CLQ
1406	Q1197688	Guilin Liangjiang International Airport	KWL
1407	Q1194015	Alexandria International Airport	ALY
1408	Q1197677	Changchun Longjia International Airport	CGQ
1409	Q1319974	Bokhtar International Airport	KQT
1410	Q1320543	Valley International Airport	HRL
1411	Q1321040	José Tadeo Monagas International Airport	MUN
1412	Q1321158	Key West International Airport	EYW
1413	Q1322696	Kigali International Airport	KGL
1414	Q1321708	San Luis Airport	IPI
1415	Q2264764	Bazaruto Island Airport	BZB
1416	Q2258298	"Kithira Island National Airport ""Alexandros Aristotelous Onassis"""	KIT
1417	Q2261081	West Michigan Regional Airport	
1418	Q2264744	Bay Minette Municipal Airport	
1419	Q2257760	Walla Walla Regional Airport	ALW
1420	Q2264657	Batom Airport	BXM
1421	Q2264669	Beacon Field Airport	
1422	Q2264506	Bayannur Tianjitai Airport	RLK
1423	Q2252956	Buchanan Airport	UCN
1424	Q153191	Bathpalathang Airport	BUT
1425	Q203395	Old Phu Quoc Airport	PQC
1426	Q940169	Fik Airfield	
1427	Q1319833	Ottawa Macdonald-Cartier International Airport	YOW
1428	Q1305028	Kuching International Airport	KCH
1429	Q1299161	Udon Thani International Airport	UTH
1430	Q1284174	Panama City–Bay County International Airport	
1431	Q1286295	Inca Manco Cápac International Airport	JUL
1432	Q1365099	Kilimanjaro International Airport	JRO
1433	Q1364375	Dunedin International Airport	DUD
1434	Q1360523	Luis Muñoz Marín International Airport	SJU
1435	Q1364927	Kefalonia International Airport	EFL
1436	Q2213302	Oskarshamn Airport	OSK
1437	Q2213419	Huntsville International Airport	HSV
1438	Q2216863	Kabalebo Airstrip	
1439	Q2220491	Raja Haji Fisabilillah International Airport	TNJ
1440	Q2213576	Hultsfred Airport	HLF
1441	Q2229859	Mouila Airport	MJL
1442	Q2231318	Albano Machado Airport	NOV
1443	Q182789	Vadsø Airport	VDS
1444	Q186457	Sabadell Airport	QSA
1445	Q2264945	Batesville Regional Airport	BVX
1446	Q2264848	Batey Luisa Field	
1447	Q2264824	Bauru Airport	BAU
1448	Q2264901	Bathurst Airport	BHS
1449	Q2264933	Bay City Municipal Airport	BBC
1450	Q2264805	Bauru-Arealva Airport	JTC
1451	Q2264909	Baytown Airport	HPY
1452	Q2264886	Bay Bridge Airport	
1453	Q2264952	Beagle Sky Ranch Airport	
1454	Q2264877	Lockhart Airport	
1455	Q2264870	Battle Mountain Airport	BAM
1456	Q1654955	Beaumont Municipal Airport	BMT
1457	Q1654922	Clermont Airport	CMQ
1458	Q1654969	Coeur d'Alene Airport	COE
1459	Q1654907	Douglas Municipal Airport	DGL
1460	Q1654971	Dalhart Municipal Airport	DHT
1461	Q1654915	Cudworth Airport	
1462	Q1654981	Didsbury/Minty Field Aerodrome	
1463	Q1654990	Dosso Airport	
1464	Q1654943	NASA Crows Landing Airport	NRC
1465	Q1654914	Clarksville/Red River County Airport	
1466	Q1654984	Crisp County-Cordele Airport	
1467	Q1654940	Dogondoutchi Airport	
1468	Q143224	Jyväskylä Airport	JYV
1469	Q144278	Lifou Airport	LIF
1470	Q151846	Pleiku Airport	PXU
1471	Q1655160	Colonel Hill Airport	CRI
1472	Q1655171	Craig Cove Airport	CCV
1473	Q1655151	Conchas Lake Airport	
1474	Q1655137	Drake Bay Airport	DRK
1475	Q1655125	Coatepeque Airport	CTF
1476	Q1655163	Belfast Municipal Airport	
1477	Q1655144	Cooktown Airport	CTN
1478	Q1655111	Cuamba Airport	FXO
1479	Q1655133	Columbus Airport	CSG
1480	Q951163	Henry E. Rohlsen Airport	STX
1481	Q952609	Altai Airport	LTI
1482	Q182132	Pointe Vele Airport	FUT
1483	Q182029	Verona Boscomantico	
1484	Q182259	Hihifo Airport	WLS
1485	Q181637	Lumbala Airport	GGC
1486	Q181661	Sumbe Airport	NDD
1487	Q1323139	Rovaniemi Airport	RVN
1488	Q1323755	Winnipeg James Armstrong Richardson International Airport	YWG
1489	Q1322727	České Budějovice Airport	JCL
1490	Q946763	Edson Airport	YET
1491	Q946179	Mozes Kilangin Airport	TIM
1492	Q945211	Pakokku Airport	PKK
1493	Q946638	Dunsfold Aerodrome	
1494	Q947740	Bolzano airport	BZO
1495	Q2247582	Jammu Airport	IXJ
1496	Q2248108	Niijima Airport	
1497	Q2251427	Severny Airport	
1498	Q2247561	Gwalior Airport	GWL
1499	Q2250873	Tchibanga Airport	TCH
1500	Q2232506	Pattimura International Airport	AMQ
1501	Q2232118	Quanzhou Jinjiang Airport	JJN
1502	Q2232528	Redang Airport	RDN
1503	Q2232461	Santiago Pérez Quiroz Airport	AUC
1504	Q2232445	Alférez FAP David Figueroa Fernandini Airport	HUU
1505	Q2232536	Gustavo Artunduaga Paredes Airport	FLA
1506	Q2232452	Pangkor Airport	PKG
1507	Q1654849	Belo sur Tsiribihina Airport	BMD
1508	Q1654812	Beauval Airport	
1509	Q1654844	Creve Coeur Airport	
1510	Q1654892	Cudworth Municipal Airport	
1511	Q1654833	Clark Regional Airport	
1512	Q1654873	Cluff Lake Airport	XCL
1513	Q1654898	Beaver Island Airport	
1514	Q1654828	Beech Factory Airport	BEC
1515	Q1654817	Bedford County Airport	
1516	Q1654820	Compton Abbas Airfield	
1517	Q1654855	Denny Island Aerodrome	
1518	Q1654900	Drumheller Municipal Airport	
1519	Q2271615	Achinsk Airport	ACS
1520	Q2265948	Batey Anita Field	
1521	Q2268242	Selfridge Air National Guard Base	MTC
1522	Q2265750	Battambang Airport	BBM
1523	Q2265933	Bay d'Espoir Aerodrome	
1524	Q2265702	Beach Airport	
1525	Q2274342	Mezen Airport	
1526	Q2265772	Batangafo Airport	BTG
1527	Q2276543	Elista Airport	ESL
1528	Q180129	Manchester–Boston Regional Airport	MHT
1529	Q1655525	Cross City Airport	CTY
1530	Q1655531	Concórdia Airport	CCI
1531	Q1655540	Beaver Municipal Airport	
1532	Q1655557	Belwood (Ellen Field) Aerodrome	
1533	Q1655498	Compton Airport	
1534	Q1655543	Cove Side Ranch Port Airport	
1535	Q1655504	Decker Ranch Airport	
1536	Q1655493	Culberson County Airport	VHN
1537	Q1655515	Clinton County Airport	PLB
1538	Q1655517	Cranland Airport	
1539	Q1655506	Cloquet Carlton County Airport	
1540	Q1655575	Covington Municipal Airport	
1541	Q1655488	Cut Bank Municipal Airport	CTB
1542	Q1327949	Sir Seretse Khama International Airport	GBE
1543	Q1327938	Funafuti International Airport	FUN
1544	Q1324587	Burgas Airport	BOJ
1545	Q974363	Egilsstaðir Airport	EGS
1546	Q974707	Bosset Airport	BOT
1547	Q974172	Santa Rosa Airport	RSA
1548	Q974415	Albacete Airport	ABC
1549	Q197898	Luzamba Airport	LZM
1550	Q198036	Uíge Airport	UGO
1551	Q197915	Maquela Airport	
1552	Q1655585	Columbus Municipal Airport	OLU
1553	Q1655634	Clovis Municipal Airport	CVN
1554	Q1655601	Coleman Municipal Airport	COM
1555	Q1655691	Cook County Airport	
1556	Q1655669	Coolidge Municipal Airport	
1557	Q1655677	Daguessa Airport	
1558	Q1655705	Dry Creek Airpark	
1559	Q1655731	Clayton Municipal Airport	
1560	Q1655643	Clarion Municipal Airport	
1561	Q1655629	Clearview Airpark	
1562	Q1655661	Custer Airport	
1563	Q1655652	Decatur Municipal Airport	
1564	Q1655681	DeLand Municipal Airport	
1565	Q1352042	Punta Cana International Airport	PUJ
1566	Q1348234	Eindhoven Airport	EIN
1567	Q1350630	Fuzhou Changle International Airport	FOC
1568	Q1347322	Luxor International Airport	LXR
1569	Q1345361	Cork Airport	ORK
1570	Q1345785	Halifax Stanfield International Airport	YHZ
1571	Q1655022	Columbia Regional Airport	COU
1572	Q1655001	Crosby Municipal Airport	
1573	Q1655007	Belladere Airport	
1574	Q1655047	Cubehole Airport	
1575	Q1655063	Dillant–Hopkins Airport	EEN
1576	Q1655080	Beja Airport	BYJ
1577	Q1655092	Domingo Faustino Sarmiento Airport	UAQ
1578	Q1654992	Denton Enterprise Airport	
1579	Q1655101	Diamantina Airport	DTI
1580	Q1655102	Columbia County Airport	HCC
1581	Q953843	Yakutat Airport	YAK
1582	Q954097	Akron-Canton Airport	CAK
1583	Q953831	Nyala Airport	UYL
1584	Q953851	Brive – Laroche Airport	BVE
1585	Q954725	Savonlinna Airport	SVL
1586	Q1331049	H.A.S. Hanandjoeddin International Airport	TJQ
1587	Q1330618	Changsha Huanghua International Airport	CSX
1588	Q1331040	Ciudad Obregón International Airport	CEN
1589	Q1331032	General José María Yáñez International Airport	GYM
1590	Q1332588	Palanga International Airport	PLQ
1591	Q193408	Phu Cat Airport	UIH
1592	Q967360	Reconquista Airport	RCQ
1593	Q967711	Turkmenabat Airport	CRZ
1594	Q964835	Rendani Airport	MKW
1595	Q966235	Taganrog Yuzhny Airport	TGK
1596	Q969087	Colorado Springs Airport	COS
1597	Q1655193	Delta Junction Airport	DJN
1598	Q1655221	Bendigo Airport	BXG
1599	Q1655213	Corning Municipal Airport	
1600	Q1655209	Collegedale Municipal Airport	
1601	Q1655189	Dietz Airpark	
1602	Q1655238	Columbia Gorge Regional Airport	DLS
1603	Q1655227	Colby Municipal Airport	CBK
1604	Q1655232	Belo Horizonte/Pampulha – Carlos Drummond de Andrade Airport	PLU
1605	Q1655177	Corcoran Airport	CRO
1606	Q1655201	Downtown Airport	
1607	Q1655179	Driggs-Reed Memorial Airport	
1608	Q1371018	Perugia San Francesco d'Assisi	PEG
1609	Q1371432	U-Tapao International Airport	UTP
1610	Q1369165	Deir ez-Zor International Airport	DEZ
1611	Q1370380	Plovdiv Airport	PDV
1612	Q937590	Long Island MacArthur Airport	ISP
1613	Q938474	Capua Airport	
1614	Q938041	Comandante FAP Germán Arias Graziani Airport	ATA
1615	Q1357851	Latakia International Airport	LTK
1616	Q1355258	Stavanger Airport	SVG
1617	Q1355062	Bender Qassim International Airport	BSA
1618	Q949527	Cross Lake Airport	YCR
1619	Q948224	Mys Shmidta Airport	
1620	Q949783	Tiko Airport	TKC
1621	Q949049	Charles B. Wheeler Downtown Airport	MKC
1622	Q948855	Vladikavkaz International Airport	OGZ
1623	Q961973	Penza Airport	PEZ
1624	Q961475	Dawadmi Domestic Airport	DWD
1625	Q963568	Rangiroa Airport	RGI
1626	Q964336	Zabol Airport	ACZ
1627	Q1333912	Cheddi Jagan International Airport	GEO
1628	Q1333923	San Diego International Airport	SAN
1629	Q1391995	Al Ain International Airport	AAN
1630	Q1382309	Angads Airport	OUD
1631	Q1393222	Pemba Airport	PMA
1632	Q977477	Spichenkovo Airport	NOZ
1633	Q978313	Namangan Airport	NMA
1634	Q978217	Andizhan Airport	AZN
1635	Q978073	Termez Airport	TMJ
1636	Q976276	Nukus Airport	NCU
1637	Q976725	Retalhuleu Airport	RER
1638	Q1655769	Coto 47 Airport	OTR
1639	Q1655788	Drummond Island Airport	DRE
1640	Q1655743	Clearwater Executive Airport	CLW
1641	Q1655782	Destin Executive Airport	DSI
1642	Q1655771	Concord Municipal Airport	CON
1643	Q1655804	Deming Municipal Airport	DMN
1644	Q1655759	Beaverlodge/Clanachan Aerodrome	
1645	Q1655745	Clear Sky Lodge Airport	
1646	Q1655751	Clinton Airport	
1647	Q1655770	Bedourie Airport	BEU
1648	Q1655797	Clinton Municipal Airport	CWI
1649	Q2290825	Roshchino International Airport	TJM
1650	Q2291483	Bam Airport	BXR
1651	Q2298657	Townsville Airport	TSV
1652	Q2291619	Los Roques Airport	LRV
1653	Q2296338	Kalmar Airport	KLR
1654	Q196087	Kokkola-Pietarsaari Airport	KOK
1655	Q219287	Katima Mulilo Airport	MPA
1656	Q2305515	St Mary's Airport	ISC
1657	Q2308437	Yeniseysk Airport	EIE
1658	Q2304720	Southern Illinois Airport	MDH
1659	Q2304806	Southwest Michigan Regional Airport	BEH
1660	Q2308399	Ramón Villeda Morales International Airport	SAP
1661	Q2306333	Staroselye Airport	RYB
1662	Q1430871	Arusha Airport	ARK
1663	Q1430901	Asturias Airport	OVD
1664	Q1430885	Atlantic City International Airport	ACY
1665	Q1430865	César Manrique Lanzarote Airport	ACE
1666	Q978595	La Palma Airport	SPC
1667	Q978813	Loikaw Airport	LIW
1668	Q979632	Tindouf Airport	TIN
1669	Q1425566	Portland International Airport	PDX
1670	Q1425356	Cat Bi International Airport	HPH
1671	Q1423410	Varna Airport	VAR
1672	Q959295	Diomício Freitas Airport	CCM
1673	Q959025	Maloelap Airport	MAV
1674	Q955974	Wad Medani Airport	DNI
1675	Q2289945	Tchien Airport	THC
1676	Q2276604	Arendal Airport, Gullknapp	
1677	Q2279248	Ngaoundéré Airport	NGE
1678	Q2276582	Rafael Hernández Airport	BQN
1679	Q2281749	Saransk Airport	SKX
1680	Q2289515	Lokichogio Airport	LKG
1681	Q2277725	Amboseli Airport	ASV
1682	Q1656069	Deering Airport	DRG
1683	Q1656047	Desroches Airport	DES
1684	Q1656081	Connemara Airport	NNR
1685	Q1655997	Cloncurry Airport	CNJ
1686	Q1656056	Beluga Airport	BVU
1687	Q1655988	Belmullet Aerodrome	BLY
1688	Q1656089	Coëtivy Airport	
1689	Q1656040	Corona Municipal Airport	
1690	Q1422858	Philip S. W. Goldson International Airport	BZE
1691	Q1423325	Phu Quoc International Airport	PQC
1692	Q970339	Chōfu Airport	
1693	Q969543	Casablanca Tit Mellil Airport	
1694	Q972271	São Jacinto Airport	
1695	Q970413	Gorakhpur Airport	GOP
1696	Q1420178	Tocumen International Airport	PTY
1697	Q1420233	Bradley International Airport	BDL
1698	Q1420222	Aleppo International Airport	ALP
1699	Q254039	Lappeenranta Airport	LPP
1700	Q252768	Aguni Airport	AGJ
1701	Q255345	Matsuyama Airport	MYJ
1702	Q255228	Tsuiki Air Field	
1703	Q251707	Dolisie Airport	DIS
1704	Q1416280	Agadir–Al Massira Airport	AGA
1705	Q1411192	Julius Nyerere International Airport	DAR
1706	Q1415006	Lynden Pindling International Airport	NAS
1707	Q2237440	Bahawalpur Airport	BHV
1708	Q2247528	Srinagar International Airport	SXR
1709	Q2247550	Imphal Airport	IMF
1710	Q2237915	Chitral Airport	CJL
1711	Q2235522	Vestmannaeyjar Airport	VEY
1712	Q2240815	Borglanda Airport	
1713	Q1655363	Dryden Regional Airport	YHD
1714	Q1655398	Comanche County-City Airport	MKN
1715	Q1655383	Beaverlodge Airport	
1716	Q1655327	Cobden/Bruce McPhail Memorial Airport	
1717	Q1655336	Collingwood Airport	
1718	Q1655322	Curries (Rand Private Airfield) Aerodrome	
1719	Q1655355	Deloraine Airport	
1720	Q1655407	Crystal River Airport	
1721	Q1655420	DeKalb Taylor Municipal Airport	
1722	Q1655374	Bella Coola Airport	QBC
1723	Q1655347	Beaver Creek Airport	YXQ
1724	Q1655919	Diego Jiménez Torres Airport	FAJ
1725	Q1655928	South Andros Airport	TZN
1726	Q1655944	Dimbokro Airport	DIM
1727	Q1655939	Decorah Municipal Airport	DEH
1728	Q1655895	Dori Airport	DOR
1729	Q1655921	Detroit Lakes Airport	DTL
1730	Q1655936	Djoemoe Airstrip	DOE
1731	Q1655932	Beaver Municipal Airport	
1732	Q1655897	Dorado Airport	
1733	Q1655909	Djangou Airport	
1734	Q1655266	Dillingham Airfield	HDH
1735	Q1655271	Courtenay Airpark	YCA
1736	Q1655311	Crystal Airport	MIC
1737	Q1655286	Colomac Airport	
1738	Q1655253	Constance Lake Water Aerodrome	
1739	Q1655281	Dinsmore Aerodrome	
1740	Q1655287	Concord Regional Airport	USA
1741	Q1655239	Beihai Fucheng Airport	BHY
1742	Q1655246	Cortes Island (Hansen Airfield) Airport	YCF
1743	Q1655319	Beccles Airfield	
1744	Q1655298	Deer Lake Airport	YVZ
1745	Q1023557	Jonava Airport	
1746	Q1023536	Kėdainiai Airport	
1747	Q1019317	Zhongwei Shapotou Airport	ZHY
1748	Q1019333	Jinzhou Xiaolingzi Airport	
1749	Q996497	Araxos Airport	GPA
1750	Q999047	Jorge Newbery Airport	AEP
1751	Q1000018	Ji'an Jinggangshan Airport	JGS
1752	Q998862	Santarém Airport	
1753	Q2334252	General Mariano Matamoros Airport	CVJ
1754	Q2320308	Tinson Pen Aerodrome	KTP
1755	Q2330037	Manang Airport	NGX
1756	Q2336855	Kyren Airport	
1757	Q2326189	Zemio Airport	IMO
1758	Q2339306	Esperance Airport	EPR
1759	Q2317895	Milos Island National Airport	MLO
1760	Q2339694	SLAF Hingurakgoda	HIM
1761	Q1406198	Chu Lai Airport	VCL
1762	Q1395514	Zainuddin Abdul Madjid International Airport	LOP
1763	Q1393401	Abeid Amani Karume International Airport	ZNZ
1764	Q1398872	Aden International Airport	ADE
1765	Q1378003	Jinan Yaoqiang International Airport	TNA
1766	Q1375451	Nanchang Changbei International Airport	KHN
1767	Q1371636	Kunming Changshui International Airport	KMG
1768	Q1656124	Coldfoot Airport	CXF
1769	Q1656196	Conceição do Araguaia Airport	CDJ
1770	Q1656106	Devils Lake Regional Airport	DVL
1771	Q1656203	Bendigo Airport	
1772	Q1656166	Dothan Regional Airport	DHN
1773	Q1656133	Demopolis Municipal Airport	
1774	Q1656177	Del Norte County Airport	CEC
1775	Q1656096	Bellefontaine Regional Airport	
1776	Q1656115	Belaya air base	
1777	Q1655986	Comandante Armando Tola International Airport	FTE
1778	Q1655967	Coari Airport	CIZ
1779	Q1655982	Dipolog Airport	DPL
1780	Q1655953	Confresa Airport	CFO
1781	Q1655956	Diebougou Airport	XDE
1782	Q1655966	Diapaga Airport	DIP
1783	Q1655975	Bembereke Airport	
1784	Q1013770	Dehong Mangshi Airport	LUM
1785	Q1014250	Panzhihua Bao'anying Airport	PZI
1786	Q1006900	Mohe Gulian Airport	OHE
1787	Q1000025	Changde Taohuayuan Airport	CGD
1788	Q1002604	Jiujiang Lushan Airport	JIU
1789	Q1006478	Aksu Hongqipo Airport	AKU
1790	Q1430711	Saskatoon John G. Diefenbaker International Airport	YXE
1791	Q1428685	Sam Ratulangi International Airport	MDC
1792	Q1430720	General Juan N. Álvarez International Airport	ACA
1793	Q1430728	Adana Şakirpaşa Airport	ADA
1794	Q1656281	Cotulla–La Salle County Airport	COT
1795	Q1656218	Cutral Có Airport	CUT
1796	Q1656293	Belleville Airport	
1797	Q1656247	Congressional Airport	
1798	Q1656209	Cullingford Field	
1799	Q1656238	Delaware Airpark	
1800	Q1656315	Cochise College Airport	
1801	Q1656368	Compressor Station Number 10 STOLport	
1802	Q1656327	Curtis Field	BBD
1803	Q1656364	Donderskamp Airstrip	
1804	Q1656353	Clarksville-Montgomery County Regional Airport	CKV
1805	Q1656357	Dabou Airport	
1806	Q1425838	St. Louis Lambert International Airport	STL
1807	Q1427782	Viru Viru International Airport	VVI
1808	Q2265589	Bawlf (Blackwells) Airport	
1809	Q2265454	Persian Gulf Airport	PGU
1810	Q2265566	Mostépha Ben Boulaid Airport	BLJ
1811	Q2265578	Batu Licin Airport	BTW
1812	Q2265312	Batchawana Water Aerodrome	
1813	Q2264977	Beach Ranch Airport	
1814	Q2265670	Bayport Aerodrome	
1815	Q2265643	Båtsfjord Airport	BJF
1816	Q1431055	Cassidy International Airport	CXI
1817	Q1431147	Cozumel International Airport	CZM
1818	Q1431059	Cerro Largo International Airport	MLZ
1819	Q1431143	A. N. R. Robinson International Airport	TAB
1820	Q1431111	Cibao International Airport	STI
1821	Q1655879	Craig Field Airport	SEM
1822	Q1655853	Colorado Plains Regional Airport	AKO
1823	Q1655882	Dillon's Bay Airport	DLY
1824	Q1655859	Condobolin Airport	CBX
1825	Q1655822	Benalto/Hillman's Farm Aerodrome	
1826	Q1655876	Cottage Grove State Airport	
1827	Q1655828	Desert Center Airport	
1828	Q1655869	Norman Grier Field	
1829	Q1655887	Bela Crkva Airport	BCR
1830	Q1655815	Delaware County Airport	MIE
1831	Q1655839	Dennis F. Cantrell Field	
1832	Q1655847	Colorado City Municipal Airport	
1833	Q1655841	Colonel Luis Arturo Rodríguez Meneses Air Base	
1834	Q1656478	Déline Airport	YWJ
1835	Q1656454	Beauregard Regional Airport	DRI
1836	Q1656475	Crookston Municipal Airport	CKN
1837	Q1656466	Cotswold Airport	GBA
1838	Q1656438	Doctor Fernando Piragine Niveyro International Airport	CNQ
1839	Q1656382	Beausejour/AV-Ranch Airpark	
1840	Q1656376	Clermont County Airport	
1841	Q1656446	Cottonwood Creek Ranch Airport	
1842	Q1656390	Country Squire Airpark	
1843	Q1656403	Dexter Regional Airport	
1844	Q1656415	Douentza Airport	
1845	Q1430762	"Alexandroupolis International Airport ""Democritus"""	AXD
1846	Q1430839	King Hussein International Airport	AQJ
1847	Q1430861	Rodríguez Ballón International Airport	AQP
1848	Q1430745	Albany International Airport	ALB
1849	Q2339975	Karratha Airport	KTA
1850	Q2359055	Moma Airport	MQJ
1851	Q2347363	Sukhumi Babushara Airport	SUI
1852	Q2359047	Chulman Airport	NER
1853	Q2339960	Kalgoorlie-Boulder Airport	KGI
1854	Q2345777	Albany Airport	ALH
1855	Q2310549	Bratsk Airport	BTK
1856	Q2310593	Narimanovo Airport	ASF
1857	Q2308547	Alfonso Bonilla Aragón International Airport	CLO
1858	Q2312453	Mirny Airport	MJZ
1859	Q2440316	Waterford Airport	WAT
1860	Q2444234	Bakouma Airport	BMF
1861	Q2442630	Kogalym International Airport	KGP
1862	Q2444515	Voronezh International Airport	VOZ
1863	Q2443546	Kananga Airport	KGA
1864	Q1018757	Ojika Airport	
1865	Q1016960	Odate-Noshiro Airport	ONJ
1866	Q1017617	Yuncheng Yanhu International Airport	YCU
1867	Q1018059	Tongliao Airport	TGO
1868	Q1018047	Hulunbuir Hailar Airport	HLD
1869	Q1018053	Xilinhot Airport	XIL
1870	Q1420601	"Kos International Airport ""Hippocrates"""	KGS
1871	Q1422154	José Joaquín de Olmedo International Airport	GYE
1872	Q1421504	Pittsburgh International Airport	PIT
1873	Q1418829	Basra International Airport	BSR
1874	Q1418267	São Tomé International Airport	TMS
1875	Q1417736	Traian Vuia International Airport	TSR
1876	Q2393084	Naryan-Mar Airport	NNM
1877	Q2393266	Balkhash Airport	BXH
1878	Q2393281	Ekibastuz Airport	EKB
1879	Q2393255	Kostanay Airport	KSN
1880	Q2395300	Totegegie Airport	GMR
1881	Q265017	Hyland Airport	
1882	Q266448	La Porte Municipal Airport	LPO
1883	Q267645	Ignatyevo Airport	BQS
1884	Q264643	Saint-Brieuc – Armor Airport	SBK
1885	Q259867	Córdoba Airport	ODB
1886	Q1431176	Dakhla Airport	VIL
1887	Q1431170	Alejandro Velasco Astete International Airport	CUZ
1888	Q1431168	Hato International Airport	CUR
1889	Q1431180	Dalaman Airport	DLM
1890	Q327689	Lucius D. Clay Kaserne	WIE
1891	Q241370	Mopti Airport	MZI
1892	Q224558	Naval Air Station Whidbey Island	NUW
1893	Q226715	Zorg en Hoop Airport	ORG
1894	Q247165	Brive – Souillac Airport	BVE
1895	Q250026	Yenisehir Airport	YEI
1896	Q257433	Hasvik Airport	HAA
1897	Q259426	Port Lions Airport	ORI
1898	Q256013	Aupaluk Airport	YPJ
1899	Q256534	Urmia Airport	OMH
1900	Q257776	Letňany Airport	
1901	Q257903	Masindi Airport	KCU
1902	Q277141	Barysiai Airport	HLJ
1903	Q278010	Red Bluff Municipal Airport	RBL
1904	Q278449	"Skiathos National Airport ""Alexandros Papadiamantis"""	JSI
1905	Q1029739	Marin County Airport	NOT
1906	Q1029760	Marine Corps Air Station Kaneohe Bay	NGF
1907	Q1029871	Camp Mackall	HFF
1908	Q1029984	Mara Serena Airport	MRE
1909	Q1029948	Marina Municipal Airport	OAR
1910	Q1030389	Iwakuni Air Base	IWK
1911	Q1030285	Mardin Airport	MQM
1912	Q1029749	Marianna Municipal Airport	
1913	Q1029924	Marco Fidel Suárez Air Base	
1914	Q1431569	Ivano-Frankivsk International Airport	IFO
1915	Q1431564	Irkutsk International Airport	IKT
1916	Q1431579	Jacksonville International Airport	JAX
1917	Q1656825	Columbus Municipal Airport	CLU
1918	Q1656874	Bear Creek 3 Airport	BCC
1919	Q1656806	Bearskin Lake Airport	XBE
1920	Q1656882	Doylestown Airport	DYL
1921	Q1656797	Clearwater River Airport	
1922	Q1656785	Coronach/Scobey Border Station Airport	
1923	Q1656855	Drummondville Airport	
1924	Q1656845	Douglas Lake Airport	DGF
1925	Q1656846	Cobán Airport	CBV
1926	Q1656864	Cromwell Racecourse Aerodrome	
1927	Q1656817	Drumheller/Ostergard's Airport	
1928	Q1656813	Coeroenie Airstrip	
1929	Q1656838	Drayton Valley Industrial Airport	YDC
1930	Q1656487	Cowley Airport	YYM
1931	Q1656642	Beaverley Airport	
1932	Q1656502	Bed-ah-Wick Field	
1933	Q1656513	Cochrane/Arkayla Springs Airport	
1934	Q1656520	Collins Landing Strip	
1935	Q1656597	Confederation Lake Water Aerodrome	
1936	Q1656544	Courtenay (Smit Field) Airport	
1937	Q1656590	Cumberland House Airport	
1938	Q1656528	Creston Aerodrome	CFQ
1939	Q1656552	Benslimane Airport	GMD
1940	Q1656630	Diavik Airport	DVK
1941	Q1656573	Colonel James Jabara Airport	
1942	Q994903	Cherbourg – Maupertus Airport	CER
1943	Q981287	Antonio Nariño Airport	PSO
1944	Q986556	Baoshan Yunrui Airport	BSD
1945	Q980429	Bor Airport	
1946	Q991839	Esztergom Airport	
1947	Q991730	Lincang Airport	LNJ
1948	Q1431225	Dnipro International Airport	DNK
1949	Q1431200	Del Bajío International Airport	BJX
1950	Q1431221	Diego Aracena International Airport	IQQ
1951	Q1431204	Des Moines International Airport	DSM
1952	Q1014270	Quzhou Airport	JUZ
1953	Q1014276	Taizhou Luqiao Airport	HYN
1954	Q1014302	Wenshan Puzhehei Airport	WNH
1955	Q1014907	Vernon Regional Airport	YVE
1956	Q1015291	Luzhou Lantian Airport	
1957	Q286872	Mikkeli Airport	MIK
1958	Q286727	Grove Field	
1959	Q284240	Kaukura Airport	KKR
1960	Q285032	Melita Airport	
1961	Q284253	Elenak Airport	EAL
1962	Q2368364	Friday Harbor Airport	FRD
1963	Q2374055	General Ulpiano Paez Airport	SNC
1964	Q2374459	Teniente Coronel Luis a Mantilla International Airport	TUA
1965	Q2374473	Edmundo Carvajal Airport	XMS
1966	Q2374486	Reales Tamarindos Airport	PVO
1967	Q2374096	Ciudad de Catamayo Airport	LOH
1968	Q2374029	General Manuel Serrano Airport	MCH
1969	Q2374108	Colonel Carlos Concha Torres Airport	ESM
1970	Q1019286	Ankang Wulipu Airport	
1971	Q1018774	Weifang Airport	WEF
1972	Q1018789	Datong Yungang International Airport	DAT
1973	Q1019297	Tongren Fenghuang Airport	TEN
1974	Q1019284	Sado Airport	SDS
1975	Q1030716	Marau Airport	RUS
1976	Q1030420	Gabala International Airport	GBB
1977	Q1030546	Maota Airport	MXS
1978	Q1030536	Marie Louise Island Airport	
1979	Q1030705	Maridi Airport	
1980	Q1030646	Campbeltown Airport	CAL
1981	Q1431328	Foz do Iguaçu International Airport	IGU
1982	Q1431349	Fuerteventura Airport	FUE
1983	Q1431348	Gary/Chicago International Airport	GYY
1984	Q1431350	Gander International Airport	YQX
1985	Q338911	Nalchik Airport	NAL
1986	Q338950	Bamfield Water Aerodrome	YBF
1987	Q333137	Gagarin International Airport	GSV
1988	Q1656734	Belmont Airport	BEO
1989	Q1656746	Belleville Municipal Airport	RPB
1990	Q1656652	Conklin Airport	
1991	Q1656679	Crawford Bay Airport	
1992	Q1656747	Cree Lake (Crystal Lodge) Airport	
1993	Q1656669	Crystal City-Pilot Mound/Louise Municipal Airport	
1994	Q1656702	Cushing Lake Water Aerodrome	
1995	Q1656727	Cut Knife Airport	
1996	Q1656760	Deep River/Rolph Airport	
1997	Q1656774	Conklin (Leismer) Airport	CFM
1998	Q1656715	Collins Bay Airport	YKC
1999	Q1656721	Conway-Horry County Airport	
2000	Q1656739	Denham Aerodrome	
2001	Q2365437	Ardabil Airport	ADU
2002	Q2361055	Taiyuan Wusu International Airport	TYN
2003	Q2367755	Port-de-Paix Airport	PAX
2004	Q2365220	Djanet Inedbirene Airport	DJG
2005	Q2359503	Stuttgart Municipal Airport	SGT
2006	Q301648	Guiuan Airport	
2007	Q305185	Lunéville-Croismare Airport	
2008	Q304719	Cheboksary Airport	CSY
2009	Q2413018	Tromsø Airport	TOS
2010	Q2401191	Pechora Airport	PEX
2011	Q2408225	São Filipe Airport	SFL
2012	Q2395917	Pelotas International Airport	PET
2013	Q2415100	Iqaluit Airport	YFB
2014	Q1657420	Copper Center Airport	CZC
2015	Q1657459	Dr. Juan C. Angara Airport	BQA
2016	Q1657494	Deer Park Airport	
2017	Q1657492	Savuti Airport	SVT
2018	Q1657550	Covington Municipal Airport	
2019	Q1657505	Beaverton Aerodrome	
2020	Q1657446	Bellevue Airfield	
2021	Q1657560	Dhangadhi Airport	DHI
2022	Q1657563	Tshabong Airport	TBY
2023	Q1657436	Columbus County Municipal Airport	
2024	Q1657375	Cueva Las Maravillas Airport	
2025	Q1657471	Double Springs–Winston County Airport	
2026	Q383124	Grazzanise Airbase	
2027	Q381808	Coimbra Airport	CBP
2028	Q1030846	Marble Canyon Airport	MYH
2029	Q1030725	Maribor Edvard Rusjan Airport	MBX
2030	Q1030854	Marinduque Airport	MRQ
2031	Q1030889	Maringá Regional Airport	MGF
2032	Q1030738	Marine Corps Air Station New River	NCA
2033	Q1030802	Maple Lake Municipal Airport	
2036	Q1030782	Marine Corps Air Station Santa Barbara	
2037	Q1030731	Marine Corps Outlying Field Camp Davis	
2038	Q2416169	Mont-Joli Airport	YYY
2039	Q2421203	Shijiazhuang Zhengding International Airport	SJW
2040	Q2415471	Manda Airport	LAU
2041	Q2426249	Grozny Airport	GRV
2042	Q1657723	Dibrugarh Airport	DIB
2043	Q1657585	Belize City Municipal Airport	TZA
2044	Q1657700	Francistown Airport	FRW
2045	Q1657622	Coronation Airport	YCT
2046	Q1657597	Nokaneng Airport	
2047	Q1657588	Tshane Airport	
2048	Q1657683	Amborovy Airport	MJN
2049	Q1657708	Ampapamena Airport	IVA
2050	Q387593	Bismarck Municipal Airport	BIS
2051	Q1430921	Maramures International Airport	BAY
2052	Q1430913	Austin-Bergstrom International Airport	AUS
2053	Q1430965	Aristides Pereira International Airport	BVC
2054	Q1430945	Banja Luka International Airport	BNX
2055	Q1657006	Cleveland Burke Lakefront Airport	BKL
2056	Q1657084	Cleveland Municipal Airport	
2057	Q1656975	Condon USFS Airport	
2058	Q1657051	Delta Municipal Airport	DTA
2059	Q1656986	Drachten Airfield	
2060	Q1657089	Clayton Municipal Airpark	CAO
2061	Q1657064	Nata Airport	
2062	Q1657067	Clearfield-Lawrence Airport	
2063	Q1657072	Culpeper Regional Airport	
2064	Q1656999	Serowe Airport	
2065	Q1657019	Khwai River Airport	KHW
2066	Q287077	Las Brujas Airport	CZU
2067	Q301121	Newtownards Airport	
2068	Q288537	Dease Lake Airport	YDL
2069	Q290527	Mangaluru Airport	IXE
2070	Q290929	Fayetteville Regional Airport	FAY
2071	Q287371	San Antonio de los Baños Airfield	
2072	Q2479758	F.D. Roosevelt Airport	EUX
2073	Q2479774	General Santos International Airport	GES
2074	Q2479108	Kalaupapa Airport	LUP
2075	Q2478048	Plestsy Airport	
2076	Q2485275	Kilkenny Airport	KKY
2077	Q2477949	Puka-Puka Airport	PKP
2078	Q2445706	Salekhard Airport	SLY
2079	Q2446044	Vung Tau Airport	VTG
2080	Q2446507	Nimule Airport	
2081	Q2448072	Mama Airport	
2082	Q2448327	Osh Airport	OSS
2083	Q2447999	Asalouyeh Airport	YEH
2084	Q1028335	Hendrik Van Eck Airport	PHW
2085	Q1029543	Marana Regional Airport	AVW
2086	Q1029695	Marine Corps Air Facility Quantico	NYG
2087	Q1027561	Dikhil Airport	
2088	Q1028672	Cameron Airpark	
2089	Q1027520	Mafikeng Airport	MBD
2090	Q1027555	Upington Airport	UTN
2091	Q370924	Joensuu Airport	JOE
2092	Q369185	La Crosse Regional Airport	LSE
2093	Q2376734	Alindao Airport	
2094	Q2382846	Tripoli Airbase	
2095	Q2393071	Zhezkazgan Airport	DZN
2096	Q2383453	Rzhevka Airport	RVH
2097	Q2375274	José María Velasco Ibarra Airport	MRR
2098	Q2384481	Chodo Airport	
2099	Q2381990	Khwahan Airport	KWH
2100	Q2393058	Arkalyk Airport	AYK
2101	Q1431784	Kruger Mpumalanga International Airport	MQP
2102	Q1431790	Kristiansand Airport, Kjevik	KRS
2103	Q1431734	Kisumu International Airport	KIS
2104	Q1431708	Kelowna International Airport	YLW
2105	Q1431804	Kukës International Airport Zayed	KFZ
2106	Q1657970	Comodoro D. Ricardo Salomón Airport	LGS
2107	Q1657996	Belaga Airport	BLG
2108	Q1657917	Bellona/Anua Airport	BNY
2109	Q1657929	Cruzeiro do Sul International Airport	CZS
2110	Q1657980	Dourados Airport	DOU
2111	Q1657955	Donakonda Airport	
2112	Q1431002	Broome International Airport	BME
2113	Q1431043	Carmelo Airport	
2114	Q1430982	Flamingo International Airport	BON
2115	Q1431022	Port Sudan New International Airport	PZU
2116	Q282238	Shri Guru Gobind Singh Ji Airport	NDC
2117	Q279167	Tartu Airport	TAY
2118	Q281305	Tabiteuea Nord Aerodrome	TBF
2119	Q282867	Irma Airport	
2121	Q1431302	Fes-Saïss Airport	FEZ
2123	Q1431257	Medellín-E. Olaya Herrera	EOH
2124	Q1431295	Fairbanks International Airport	FAI
2125	Q1657741	Belagavi Airport	IXG
2126	Q1657769	Begumpet Airport	BPM
2127	Q1657762	Corozal Airport	CZH
2128	Q1657734	Kadapa Airport	CDP
2129	Q1657751	Bellary Airport	BEP
2130	Q1656893	Converse County Airport	DGW
2131	Q1656932	Coral Harbour Airport	YZS
2132	Q1656934	Compton/Woodley Airport	CPM
2133	Q1656909	Corpus Christi International Airport	CRP
2134	Q1656965	Cuero Municipal Airport	
2135	Q1656886	Dickinson Theodore Roosevelt Regional Airport	DIK
2136	Q1656920	Columbia Airport	COA
2137	Q1656899	Clear Airport	
2138	Q1656942	Deesa Airport	
2139	Q1049288	Wilson Airport	WIL
2140	Q1049856	Rishiri Airport	RIS
2141	Q1031208	Mareeba Airfield	MRG
2142	Q1030915	Maquehue Airport	PZS
2143	Q1031046	Marathon Aerodrome	YSP
2144	Q1031022	Marek Farms Airport	
2145	Q1031288	Maple Airport	
2146	Q1031006	Maple Creek Airport	
2147	Q1031234	Marcy Field	
2148	Q1031032	Margaree Airport	
2149	Q1031367	Marden Airfield	
2150	Q1030902	Marília Airport	MII
2151	Q1031195	Marco Island Airport	MRK
2152	Q1658148	Dolbeau-Saint-Félicien Airport	YDO
2153	Q1658147	Comandante Gustavo Kraemer Airport	BGX
2154	Q1658155	Cochrane Water Aerodrome	
2155	Q1658132	Cottam Airport	
2156	Q1658177	Craik Airport	
2157	Q1658188	Dore Lake Airport	
2158	Q1658169	Cochrane Airport	YCN
2159	Q1658156	Doris Lake Aerodrome	JOJ
2160	Q1658139	Draughon-Miller Central Texas Regional Airport	TPL
2161	Q1658142	Digby/Annapolis Regional Airport	YDG
2162	Q1658122	Bella Bella Airport	ZEL
2163	Q320266	Nörvenich Air Base	
2164	Q1658297	Crooked Creek Airport	CKD
2165	Q1658368	Dirranbandi Airport	DRN
2166	Q1658340	Beaufort County Airport	BFT
2167	Q1658274	Colville Lake Airport	YCK
2168	Q1658290	Dillingham Airport	DLG
2169	Q1658303	Delano Municipal Airport	
2170	Q1658250	Corn Island Airport	RNI
2171	Q1658359	Dochra Airfield	
2172	Q1658259	Clyde River Airport	YCY
2173	Q1657799	Cortez Municipal Airport	CEZ
2174	Q1657788	Diu Airport	DIU
2175	Q1657797	Dera Ismail Khan Airport	DSK
2176	Q1657780	Dr. Babasaheb Ambedkar International Airport	NAG
2177	Q387108	Whale Cove Airport	YXN
2178	Q385466	Grenora Centennial Airport	
2179	Q386749	Lucky Lake Airport	
2180	Q387048	Asahikawa Airport	AKJ
2181	Q1657792	Dilling Airport	
2182	Q390522	Mojave Air and Space Port at Rutan Field	MHV
2183	Q1431631	Juanda International Airport	SUB
2184	Q1431601	Krasnoyarsk International Airport	KJA
2185	Q1431654	Mallam Aminu Kano International Airport	KAN
2186	Q1031829	March Air Reserve Base	RIV
2187	Q1031812	Wau Airport	WUU
2188	Q1032227	Aracaju International Airport	AJU
2189	Q1032134	Shearwater Heliport	YAW
2190	Q1054212	Albenga Airport-Riviera Airport	ALL
2191	Q1054219	Grosseto Airport	GRS
2192	Q1054204	Oristano-Fenosu Airport	FNU
2193	Q2448604	Maceió-Zumbi dos Palmares International Airport	MCZ
2194	Q2451398	Spilve Airport	
2195	Q2452159	Uytash Airport	MCX
2196	Q2449054	Salak Airport	MVR
2197	Q381428	Portimão Airport	PRM
2198	Q1432004	Malakal Airport	MAK
2199	Q1431949	Valle del Fuerte Federal International Airport	LMM
2200	Q1431925	Lomé-Tokoin Airport	LFW
2201	Q1431928	London International Airport	YXU
2202	Q2459307	Bugulma Airport	UUA
2203	Q2455220	Chios Island National Airport	JKH
2204	Q2457057	Goetsenhoven Military Airfield	
2205	Q2460414	Erebuni Airport	
2206	Q2455361	Cap Skirring Airport	CSK
2207	Q2464247	Perales Airport	IBE
2208	Q1431353	Gan International Airport	GAN
2209	Q1431399	Shirak International Airport	LWN
2210	Q1431412	Federico García Lorca Granada Airport	GRX
2211	Q1431529	Iași International Airport	IAS
2212	Q1431490	Hilo International Airport	ITO
2213	Q1431540	Crnl. FAP Francisco Secada Vignetta International Airport	IQT
2214	Q1431549	Ibiza Airport	IBZ
2215	Q2519198	Bouaké Airport	BYK
2216	Q2522379	Oyem Airport	OYE
2217	Q2526720	Khojaly Airport	
2218	Q2515134	Tigil aerodrome	
2219	Q2517576	Eastport Municipal Airport	
2220	Q2518466	Eduardo Falla Solano Airport	SVI
2221	Q2466458	Lalibela Airport	LLI
2222	Q2466858	Kotlas Airport	KSZ
2223	Q2475288	Kharkiv North Airport	
2224	Q2476695	Chersky Airport	CYX
2225	Q2475512	Gloucestershire Airport	GLO
2226	Q2470159	Samara Kryazh Airport	
2227	Q2469695	Axum Airport	AXU
2228	Q1658007	Coulter Field	CFD
2229	Q1658016	Dalbandin Airport	DBA
2230	Q1658036	Colorado Springs East Airport	
2231	Q1658096	Cookstown Airport	
2232	Q1658022	Cross Keys Airport	
2233	Q1658113	Dahio Trotwood Airport	
2234	Q1658086	Delta/Delta Heritage Air Park	
2235	Q1658012	Didsbury (Vertical Extreme Skydiving) Aerodrome	
2236	Q1658063	Downs Gulch Aerodrome	
2237	Q1658071	Donnelly Airport	YOE
2238	Q1658006	Bell Island Airport	
2239	Q1658052	Cold Lake Regional Airport	
2240	Q1658077	Consort Airport	
2241	Q2501155	Rockhampton Airport	ROK
2242	Q2499604	Slavyansk-na-Kubani	
2243	Q2486800	Tan Tan Airport	TTA
2244	Q2501139	Mackay Airport	MKY
2245	Q2493883	General Rodolfo Sánchez Taboada International Airport	MXL
2246	Q2495220	Banfora Airport	BNR
2247	Q2494459	Gaoua Airport	XGA
2248	Q1031517	Maria Cristina Airport	IGN
2249	Q1031434	Mariana Grajales Airport	GAO
2250	Q1031474	Margate Airport	MGH
2251	Q1031590	Mariehamn Airport	MHQ
2252	Q1031400	Maria Reiche Neuman Airport	NZC
2253	Q1031540	Margaret Lake Airport	
2254	Q1031433	Mao Airport	AMO
2255	Q1062308	Turin-Aeritalia Airport	
2256	Q2545194	Ulyanovsk Vostochny Airport	ULY
2257	Q2558386	Poltava Airport	PLV
2258	Q2559952	Alderney Airport	ACI
2259	Q2558410	Kamenny Ruchey	
2260	Q2550620	Palm Springs International Airport	PSP
2261	Q2553839	Long Xuyên airport	
2262	Q1431475	Hewanorra International Airport	UVF
2263	Q1431444	John C. Munro Hamilton International Airport	YHM
2264	Q1431445	Hefei Xinqiao International Airport	HFE
2265	Q1431468	General Ignacio Pesqueira García International Airport	HMO
2266	Q1431482	Herat International Airport	HEA
2267	Q1657268	Djibo Airport	XDJ
2268	Q1657287	Bellingham International Airport	BLI
2269	Q1657347	Constanza Airport	COZ
2270	Q1657334	Cooperstown Municipal Airport	
2271	Q1657328	Dinsmore Airport	
2272	Q1657365	Coronel Felipe Varela International Airport	CTC
2273	Q1657258	Columbia Metropolitan Airport	CAE
2274	Q1043277	Tenzing-Hillary Airport	LUA
2275	Q1431698	Erkilet International Airport	ASR
2276	Q1431674	Kansas City International Airport	MCI
2277	Q1431669	Karlovy Vary Airport	KLV
2278	Q1431675	Kasane Airport	BBK
2279	Q1657236	Coffeyville Municipal Airport	CFV
2280	Q1657104	Defiance Memorial Airport	DFI
2281	Q1657224	Beatty Airport	BTY
2282	Q1657249	Dedougou Airport	DGU
2283	Q1657143	Craig–Moffat Airport	CIG
2284	Q1657121	Dallas Executive Airport	RBD
2285	Q1657120	Belwood (Wright Field) Aerodrome	
2286	Q1657153	Conn Aerodrome	
2287	Q1657214	Craft's Field	
2288	Q1657187	D M Stevenson Ranch Airport	
2289	Q1657132	Dixie USFS Airport	
2290	Q1657204	Dowagiac Municipal Airport	
2291	Q1657226	Dodge Center Airport	
2292	Q1657197	McKinney National Airport	
2293	Q1064050	Nanki-Shirahama Airport	SHM
2294	Q1657819	Deer Lake Regional Airport	YDF
2295	Q1657827	Comandante Espora Airport	BHI
2296	Q1657851	Cox's Bazar Airport	CXB
2297	Q1657877	Dobo Airport	DOB
2298	Q1657868	Cut Nyak Dhien Airport	MEQ
2299	Q1657897	Beiseker Airport	
2300	Q1657906	Diffa Airport	
2301	Q452290	Monroe Regional Airport	MLU
2302	Q432481	Semey Airport	PLX
2303	Q432474	Vijayawada International Airport	VGA
2304	Q431097	Poplar Grove Airport	
2305	Q1658244	Cordova Municipal Airport	CKU
2306	Q1658235	Cochise County Airport	CWX
2307	Q1658236	Cooch Behar Airport	COH
2308	Q1658227	Divo Airport	DIV
2309	Q1658195	Deer Lake/Keyamawun Water Aerodrome	
2310	Q1658213	Doaktown Airport	
2311	Q1658220	Dolpa Airport	DOP
2312	Q1658243	Devi Ahilyabai Holkar Airport	IDR
2313	Q1692316	John Wayne Airport	SNA
2314	Q1703540	Sandane Airport	SDN
2315	Q1675277	Ithaca Tompkins Regional Airport	ITH
2316	Q1703543	Stokmarknes Airport	SKN
2317	Q373577	Smederevska Palanka Airport	SPL
2318	Q372280	Khabarovsk Novy Airport	KHV
2319	Q371500	Mohéli Bandar Es Eslam Airport	NWA
2320	Q372622	Rosetown Airport	
2321	Q372239	Shreveport Downtown Airport	DTN
2322	Q371955	Dawson Creek Airport	YDQ
2323	Q2529510	Gorno-Altaysk Airport	RGK
2324	Q2545136	Stavropol Shpakovskoye Airport	STW
2325	Q2545156	Kurgan Airport	KRO
2326	Q2545143	Petrozavodsk Airport	PES
2327	Q2542312	Wattisham Airfield	
2328	Q2545098	Ukhta Airport	UCT
2329	Q2531237	Negril Aerodrome	NEG
2330	Q1432006	Sultan Hasanuddin International Airport	UPG
2331	Q1432089	Mosul International Airport	OSM
2332	Q1432029	Governor Francisco Gabrielli International Airport	MDZ
2333	Q1432040	Ministro Victor Konder International Airport	NVT
2334	Q1432022	General Rafael Buelna International Airport	MZT
2335	Q1432199	Noumérat – Moufdi Zakaria Airport	GHA
2336	Q1432206	Norman Manley International Airport	KIN
2337	Q1432185	Nicosia International Airport	NIC
2338	Q1432196	Norfolk International Airport	ORF
2339	Q1707663	Chickasaw Municipal Airport	CHK
2340	Q1706607	Bougouni Airport	
2341	Q1707642	Chatham Municipal Airport	
2342	Q1707627	Chevak Airport	VAK
2343	Q1707737	David Wayne Hooks Memorial Airport	DWH
2344	Q1707747	Davis Airport	
2345	Q1707594	Dean Memorial Airport	
2346	Q1706632	Shire Airport	SHC
2347	Q1707744	Dansville Municipal Airport	DSV
2348	Q1706780	Kabri Dar Airport	ABK
2349	Q389079	Ferrara-San Luca Airport	
2350	Q389327	Pula Airport	PUY
2351	Q388563	Northwest Arkansas Regional Airport	XNA
2352	Q428292	Murcia-San Javier Airport	MJV
2353	Q427003	Pucón Airport	ZPC
2354	Q428081	Fort Nelson Airport	YYE
2355	Q427206	Kangiqsujuaq Airport	YWB
2356	Q1034428	Cape Girardeau Regional Airport	CGI
2357	Q1035011	Christmas Island Airport	XCH
2358	Q1033097	Canefield Airport	DCF
2359	Q1038664	Iki Airport	IKI
2360	Q2560483	Palana Airport	
2361	Q2567064	Tuktoyaktuk/James Gruben Airport	YUB
2362	Q2567730	Svea Airport	
2363	Q2559986	Nikolskoye Airport	
2364	Q2560037	Provideniya Bay Airport	PVS
2365	Q2567209	Whitsunday Coast Airport	PPP
2366	Q2566737	Yiwu Airport	YIW
2367	Q1432470	Portland International Jetport	PWM
2368	Q1432453	Port Harcourt International Airport	PHC
2369	Q1432473	Portorož Airport	POW
2370	Q1432440	John Glenn Columbus International Airport	CMH
2371	Q1431890	Harry Mwaanga Nkumbula International Airport	LVI
2372	Q1431914	Croydon Airport	
2373	Q1431863	Langkawi International Airport	LGK
2374	Q1431860	Lamezia Terme International Airport	SUF
2375	Q1057877	Minami-Daito Airport	MMD
2376	Q1060852	Jieyang Chaoshan International Airport	SWA
2377	Q1432178	Nizhny Novgorod International Airport	GOJ
2378	Q1432146	Nashville International Airport	BNA
2379	Q1432144	Nantes Atlantique Airport	NTE
2380	Q1432150	Navoi International Airport	NVI
2381	Q1432303	Mutiara Sis Al Jufri International Airport	PLW
2382	Q1432421	Poprad-Tatry Airport	TAT
2383	Q1432305	Palmerston North Airport	PMR
2384	Q1432372	Cap. FAP Guillermo Concha Iberico International Airport	PIU
2385	Q1432377	Piešťany Airport	PZY
2386	Q1432310	President Donald J. Trump International Airport	PBI
2387	Q1706437	Kita Airport	
2388	Q1703550	Sogndal Airport, Haukåsen	SOG
2389	Q1703557	Svolvær Airport	SVJ
2390	Q1704176	Stord Airport	SRP
2391	Q1703563	Sandnessjøen Airport	SSJ
2392	Q477555	Newquay Airport	NQY
2393	Q476480	Mason Jewett Field	
2394	Q1432218	Xoxocotlán International Airport	OAX
2395	Q1432234	Odesa International Airport	ODS
2396	Q1432260	Ostend-Bruges International Airport	OST
2397	Q1432126	Nador International Airport	NDR
2398	Q1432118	Manuel Crescencio Rejón International Airport	MID
2399	Q1432093	Ostafyevo International Airport	OSF
2400	Q1432098	Mostar International Airport	OMO
2401	Q1094289	Agstafa Airport	
2402	Q1094324	Stepanavan Airport	
2403	Q1085370	Jining Qufu Airport	
2404	Q1099383	Jakabszállás Airport	
2405	Q2579279	Imperatriz Airport	IMP
2406	Q2578887	International Airport of Vitória - Eurico de Aguiar Salles	VIX
2407	Q2578866	Campo de Marte Airport	RTE
2408	Q2578898	Paulo Afonso Airport	PAV
2409	Q2579289	Macaé Airport	MEA
2410	Q2579307	Juazeiro do Norte Airport	JDO
2411	Q1054857	Sendai Airport	SDJ
2412	Q1055073	Yushu Batang Airport	YUS
2413	Q1055941	Hostomel Airport	GML
2414	Q1056589	Taranto-Grottaglie Airport	TAR
2415	Q474682	Land's End Airport	LEQ
2416	Q472125	Szczecin - Dąbie Airstrip	
2417	Q466997	Opole-Kamień Śląski Airport	
2418	Q1432525	Pune Airport	PNQ
2419	Q1432488	Presidente Nicolau Lobato International Airport	DIL
2420	Q1432514	Puerto Princesa International Airport	PPS
2421	Q2584350	"Kastoria National Airport ""Aristotelis"""	KSO
2422	Q2587316	Ponta Porã International Airport	PMG
2423	Q2584031	Ataq Airport	AXK
2424	Q2587323	Pevek Airport	PWE
2425	Q2592237	Sumy Airport	UMY
2426	Q2587312	Petrolina Airport	PNZ
2427	Q1432281	Osvaldo Vieira International Airport	OXB
2428	Q1432294	Pakse International Airport	PKZ
2429	Q1432286	Sultan Mahmud Badaruddin II International Airport	PLM
2430	Q1658500	Wilmington Air Park	ILN
2431	Q1658491	Dimapur Airport	DMU
2432	Q1658409	Atlanta Speedway Airport	
2433	Q1658431	Beaver Oaks Airport	
2434	Q1658398	Condon State Airport	
2435	Q1658388	Cub Port Airport	
2436	Q1658528	Cornwall Regional Airport	YCC
2437	Q1658511	Devils Mountain Lodge Airport	
2438	Q1658886	Benbecula Airport	BEB
2439	Q1658451	Double Eagle II Airport	
2440	Q1658379	Donnington Airpark	
2441	Q1114107	Tortolì-Arbatax Airport	TTB
2442	Q1111094	Kiskunlacháza Airport	
2443	Q1107646	Nikunau Airport	NIG
2444	Q1105997	Kecskéd Airport	
2445	Q1101384	Ratmalana Airport	RML
2446	Q1105469	Cocos (Keeling) Islands Airport	CCK
2447	Q1107152	Wrocław – Copernicus Airport	WRO
2448	Q1138771	St. Paul Island Airport	SNP
2449	Q1138699	Boraldai Airport	BXJ
2450	Q1139087	Coastal Carolina Regional Airport	EWN
2451	Q1139412	Izumo Airport	IZO
2452	Q1433251	Erik Nielsen Whitehorse International Airport	YXY
2453	Q1433255	Wuxi Shuofang Airport	WUX
2454	Q1433157	V. C. Bird International Airport	ANU
2455	Q478620	Aalborg Airport	AAL
2456	Q1433111	Tucson International Airport	TUS
2457	Q1708865	Chestermere (Kirkby Field) Airport	
2458	Q1708906	De Winton/South Calgary Airport	
2459	Q1708812	Daytona Beach International Airport	DAB
2460	Q1708872	Chatham-Kent Airport	XCM
2461	Q1708897	Dawson City Airport	YDA
2462	Q1708831	Daporijo Airport	DEP
2463	Q1708846	Debert Airport	
2464	Q1708821	Dandong Langtou Airport	DDG
2465	Q1708881	Chibougamau/Chapais Airport	YMT
2466	Q1708587	Chenega Bay Airport	NCN
2467	Q1708672	Chernihiv Shestovytsia Airport	CEJ
2468	Q1708629	Dalton Municipal Airport	DNN
2469	Q1708576	Chignik Airport	KCG
2470	Q1708690	Daloa Airport	DJO
2471	Q1708644	Danville Regional Airport	DAN
2472	Q1708682	Darlington County Jetport	UDG
2473	Q1708651	Darley Moor Airfield	
2474	Q1708621	Deblois Flight Strip	
2475	Q1708659	Cheboygan County Airport	
2476	Q1708634	Cherokee County Airport	
2477	Q1708612	Dane County Regional Airport	MSN
2478	Q1125392	Saint Jerome Airport	SPU
2479	Q1119549	Dali Fengyi Airport	DLU
2480	Q1708040	Chesterfield County Airport	
2481	Q1708005	Daviess County Airport	
2482	Q1707924	Dannevirke Aerodrome	
2483	Q1708023	Danbury Municipal Airport	DXR
2484	Q1707965	Chautauqua County/Dunkirk Airport	DKK
2485	Q1707887	Davenport Municipal Airport	DVN
2486	Q1707948	Chehalem Airpark	
2487	Q1708057	Chenoweth Airpark	
2488	Q1707919	Danville Airport	
2489	Q1707897	David's Airport	
2490	Q1708016	De Leon Municipal Airport	
2491	Q1708031	Cheyenne County Municipal Airport	
2492	Q1707959	Cherokee County Airport	JKV
2493	Q1432786	Zaporizhzhia International Airport	OZH
2494	Q430485	Sitiawan Airport	SWY
2495	Q428353	Abernathy Field	
2496	Q429446	Oslo Rygge	RYG
2497	Q430333	Guerrero Negro Airport	GUB
2498	Q1067405	Goroka Airport	GKA
2499	Q1069088	Gurney Airport	GUR
2500	Q1067393	Gatokae Aerodrome	GTA
2501	Q1708129	Chesapeake Regional Airport	
2502	Q1708068	Decatur Airport	DEC
2503	Q1708084	Davis Field	MKO
2504	Q1708117	Davis Airport	
2505	Q1708272	Chattanooga Metropolitan Airport	CHA
2506	Q1708066	Cheraw Municipal Airport	HCW
2507	Q1708282	Dare County Regional Airport	MEO
2508	Q1708273	Chetek Municipal-Southworth Airport	
2509	Q1708096	Daniels Field	
2510	Q1708094	Davidson Field	
2511	Q1708105	Dayton–Wright Brothers Airport	MGY
2512	Q1708248	Davison Army Airfield	DAA
2513	Q1708147	Chester County G. O. Carlson Airport	CTH
2514	Q484730	Ulsan Airport	USN
2515	Q485662	Gwangju Airport	KWJ
2516	Q484722	Pohang Gyeongju Airport	KPO
2517	Q484718	Yeosu Airport	RSU
2518	Q2583916	Al Ghaydah Airport	AAY
2519	Q2582157	Fianarantsoa Airport	WFI
2520	Q2583892	Beihan Airport	BHN
2521	Q2584014	Hodeida International Airport	HOD
2522	Q2583928	Sayun Airport	GXF
2523	Q2583995	Socotra Airport	SCT
2524	Q483831	Uljin Airport	UJN
2525	Q484630	Jeonju Airport	CHN
2526	Q1708371	Chester Catawba Regional Airport	
2527	Q1708314	Davidson County Executive Airport	
2528	Q1708392	Chicken Airport	CKX
2529	Q1708348	Decatur County Industrial Air Park	BGE
2530	Q1708475	Dangriga Airport	DGA
2531	Q1708338	Chautauqua County-Jamestown Airport	JHW
2532	Q1708305	Chengde Airport	CDE
2533	Q1708294	Davis Field	
2534	Q1708382	Cherry Springs Airport	
2535	Q1708288	Van Wagnen Airport	
2536	Q1708361	Decatur Hi-Way Airport	DCR
2537	Q1708320	Chicago Executive Airport	PWK
2538	Q1432602	Rochester International Airport	RST
2539	Q1432589	Ras Al Khaimah International Airport	RKT
2540	Q1432606	Rivera International Airport	RVY
2541	Q1432529	Qamishli International Airport	KAC
2542	Q1432573	Rabat-Salé Airport	RBA
2543	Q1142410	Girona-Costa Brava Airport	GRO
2544	Q1142453	Tokushima Airport	TKS
2545	Q1134254	Butaritari Atoll Airport	BBG
2546	Q1132069	Pai Airport	PYY
2547	Q1131925	Vuktyl Airport	
2548	Q1134491	Tsushima Airport	TSJ
2549	Q1134280	Zhangjiajie Hehua Airport	DYG
2550	Q1077892	Uzhhorod International Airport	UDJ
2551	Q1082907	Guyuan Liupanshan Airport	GYU
2552	Q1083293	Shigatse Peace Airport	RKZ
2553	Q2502241	Nome Airport	OME
2554	Q2512004	Hachijojima Airport	HAC
2555	Q2507600	Luoyang Beijiao Airport	LYA
2556	Q2507539	Aba Tenna Dejazmach Yilma International Airport	DIR
2557	Q2502553	Torsby Airport	TYF
2558	Q2502745	Kenai Municipal Airport	ENA
2559	Q1142389	Skopje International Airport	SKP
2560	Q1142332	Tandag Airport	TDG
2561	Q489736	Pullman-Moscow Regional Airport	PUW
2562	Q488355	Sacheon Airport	HIN
2563	Q491258	Gunsan Airport	KUV
2564	Q488368	Kalma Airport	WOS
2565	Q485688	Seongmu Airport	
2566	Q490189	Jūrmala Airport	
2567	Q1432944	Szczytno-Szymany International Airport	SZY
2568	Q1432943	Surgut International Airport	SGC
2569	Q1141414	Rijeka Airport	RJK
2570	Q1141214	Tunis–Carthage International Airport	TUN
2571	Q1432622	Rosario – Islas Malvinas International Airport	ROS
2574	Q2581136	Babullah Airport	TTE
2575	Q2579901	Alphonse Airport	
2576	Q2580341	Kyiv Chaika Airfield	
2577	Q2579951	Kashgar Laining International Airport	KHG
2578	Q2631578	Ken Jones Aerodrome	POT
2579	Q2630866	Ili Yining International Airport	YIN
2580	Q2628900	Qinhuangdao Shanhaiguan Airport	SHP
2581	Q2630505	Karamay Airport	KRY
2582	Q2629079	Izhevsk Airport	IJK
2583	Q2631952	Khujand Airport	LBD
2584	Q1453722	Lungi International Airport	FNA
2585	Q1444681	Mano Dayak International Airport	AJY
2586	Q1457975	Jenderal Ahmad Yani International Airport	SRG
2587	Q2625512	Örebro Airport	ORB
2588	Q2618912	Grimbergen Airfield	
2589	Q2627988	Halli Airport	KEV
2590	Q2628568	Kauhava Airfield	KAU
2591	Q2625127	Jacarepaguá Airport	RRJ
2592	Q2617942	Yichun Lindu Airport	LDS
2593	Q1708966	Chichester/Goodwood Airport	QUG
2594	Q1708931	Damyns Hall Aerodrome	
2595	Q1708972	DeBolt Aerodrome	
2596	Q1708910	Chevery Airport	YHR
2597	Q1708916	Cheadle Airport	TIL
2598	Q1709001	Daniel Z. Romualdez Airport	TAC
2599	Q1708980	Davidson Municipal Airport	
2600	Q1708922	Davin Lake Airport	
2601	Q1708925	Dawson City Water Aerodrome	
2602	Q1708951	Dawson Creek (Flying L Ranch) Airport	
2603	Q1708947	De Lesseps Lake Airport	
2604	Q1708958	Debden Airport	
2605	Q1708937	Chetwynd Airport	YCQ
2606	Q507771	Lampedusa Airport	LMP
2607	Q510715	Pantelleria Airport	PNL
2608	Q511349	Bhavnagar Airport	BHU
2609	Q1444671	Eloy Alfaro International Airport	MEC
2610	Q1148619	Cyril E. King Airport	STT
2611	Q1150868	Kramfors-Sollefteå Airport	KRF
2612	Q1148447	Oki Airport	OKI
2613	Q1165367	Strasbourg Airport	SXB
2614	Q1708704	Daocheng Yading Airport	DCY
2615	Q1708714	Daru Airport	DAU
2616	Q1708725	Daqing Sartu Airport	DQA
2617	Q1708732	Chifeng Yulong Airport	CIF
2618	Q1708719	Chatham Islands / Tuuta Airport	CHT
2619	Q2670526	Kish International Airport	KIH
2620	Q2670713	Chokurdakh Airport	CKH
2621	Q2670580	Lemnos International Airport	LXS
2622	Q2670008	Cúcuta-Camilo Daza	CUC
2623	Q2670683	Magan Airport	GYG
2624	Q2574474	Yoshkar-Ola Airport	JOK
2625	Q2573798	Polyarny Airport	PYJ
2626	Q2572959	Leite Lopes Airport	RAO
2627	Q2571517	Begishevo Airport	NBC
2628	Q2576085	Takoradi Airport	TKD
2629	Q1708542	Chignik Lagoon Airport	KCL
2630	Q1708479	D'Arros Island Airport	
2631	Q1708509	Jeremiah Denton Airport	
2632	Q1708523	Chico Regional Airport	CIC
2633	Q1708512	Chignik Lake Airport	KCQ
2634	Q1708562	Chefornak Airport	CYF
2635	Q1708532	Chemehuevi Valley Airport	
2636	Q1708570	Chignik Fisheries Airport	
2637	Q1708491	Deadman's Cay Airport	LGI
2638	Q1708497	Deadhorse Airport	SCC
2639	Q1655907	Dr. Luis María Argaña International Airport	ESG
2640	Q1655978	Santiago Mariño Caribbean International Airport	PMV
2641	Q1151753	Bandar Lengeh Airport	BDH
2642	Q513474	Treviso Airport	TSF
2643	Q513344	Bajura Airport	BJU
2644	Q513609	Lavrentiya Airport	
2645	Q513684	Mehrabad International Airport	THR
2646	Q1825524	Bacolod-Silay International Airport	BCD
2647	Q1801326	Nouakchott Old Airport	
2648	Q1828233	Putao Airport	PBU
2649	Q1834135	Orenburg Tsentralny Airport	REN
2650	Q1827663	Hinche Airport	
2651	Q1827937	Kengtung Airport	KET
2652	Q2593243	Lic. Jesús Terán Peredo International Airport	AGU
2653	Q2602551	Smolensk South Airport	LNX
2654	Q2600422	Presidente Perón International Airport	NQN
2655	Q2604470	Arlit Airport	RLT
2656	Q2602132	Stary Oskol Airport	
2657	Q2607540	Igarka Airport	IAA
2658	Q2592871	Novgorod Airport	NVR
2659	Q2613681	Portland Airport, Australia	PTJ
2660	Q2607996	Sligo Airport	SXL
2661	Q2614363	Malindi Airport	MYD
2662	Q2614943	Herzliya Airport	
2663	Q2608493	Pobedilovo Airport	KVX
2664	Q2608594	Ixtapa-Zihuatanejo International Airport	ZIH
2665	Q1175431	Gold Coast Airport	OOL
2666	Q1170338	Nakhon Phanom Airport	KOP
2667	Q1169859	Trabzon Airport	TZX
2668	Q1708773	Chetumal International Airport	CTM
2669	Q1708790	Cheikh Larbi Tébessi Airport	TEE
2670	Q1708745	Dashoguz Airport	TAZ
2671	Q1708799	Rukumkot Airport	RUK
2672	Q1708737	Deauville – Saint-Gatien Airport	DOL
2673	Q525377	Diyarbakır Airport	DIY
2674	Q526459	Miskolc Airport	MCQ
2675	Q1141523	Kimberley Airport	KIM
2676	Q1141847	Tokunoshima Airport	TKN
2677	Q1141511	Komatsu Airport	KMQ
2678	Q1141913	Miho-Yonago Airport	YGJ
2679	Q1151899	Parsabad-Moghan Airport	PFQ
2680	Q1151977	Dasht-e Naz Airport	SRY
2681	Q1151984	Kermanshah Airport	KSH
2682	Q1151971	Sahand Airport	ACP
2683	Q1152366	Sanandaj Airport	SDG
2684	Q507683	Haast Aerodrome	
2685	Q1627015	Lubbock Preston Smith International Airport	LBB
2686	Q1626991	San Bernardino International Airport	SBD
2687	Q1835609	Chan Gurney Municipal Airport	YKN
2688	Q1835496	Punta Gorda Airport	PGD
2689	Q1836085	Chandalar Lake Airport	WCR
2690	Q1835578	Chandler Municipal Airport	
2691	Q1835459	Challis Airport	CHL
2692	Q1835720	Chambers County Airport	
2693	Q1835533	Shaheed Bhagat Singh International Airport	IXC
2694	Q1710539	Kubbe Airbase	
2695	Q1756906	Nepalgunj Airport	KEP
2696	Q1748483	Leshukonskoye Airport	LDG
2697	Q1749042	Meigs Field	CGX
2698	Q1754749	Jackson Hole Airport	JAC
2699	Q1748510	Solovki Airport	CSH
2700	Q1748568	Khibiny Airport	KVK
2701	Q1756900	Surkhet Airport	SKH
2702	Q1570890	Rick Husband Amarillo International Airport	AMA
2703	Q1528953	M'Vengue El Hadj Omar Bongo Ondimba International Airport	MVB
2704	Q1657858	Coleman A. Young International Airport	DET
2705	Q1658484	Crnl. FAP Carlos Ciriani Santa Rosa International Airport	TCQ
2706	Q1658001	Cotopaxi International Airport	LTX
2707	Q1657937	Dr. Augusto Roberto Fuster International Airport	PJC
2708	Q1657885	Del Norte International Airport	NTR
2709	Q2637229	Anqing Tianzhushan Airport	AQG
2710	Q2633552	Skardu Airport	KDU
2711	Q2636796	Kayes Airport	KYS
2712	Q2632133	Saint-Ghislain Airport	
2713	Q2635011	Vlieland Heliport	
2714	Q2636259	Kyzylorda Airport	KZO
2715	Q1837097	Charles M. Schulz–Sonoma County Airport	STS
2716	Q1836709	Chalgrove Airfield	
2717	Q1836793	Chambley-Bussières Air Base	
2718	Q1836723	Changi Air Base (East)	
2719	Q1837066	Chachapoyas Airport	CHH
2720	Q1836678	Chadwick Airport	
2721	Q1836739	Chapman Memorial Field	
2722	Q1836752	Charlot River Airport	
2723	Q1836596	Chapleau Airport	YLD
2724	Q1837059	Charters Towers Airport	CXT
2725	Q498954	Zhoushan Putuoshan Airport	HSN
2726	Q492694	Madrid-Torrejón Airport	TOJ
2727	Q493759	Phoenix–Mesa Gateway Airport	AZA
2728	Q492994	Andrau Airpark	
2729	Q531800	Qamdo Bamda Airport	BPX
2730	Q536585	Pérez Zeledón Airport	IPZ
2731	Q537632	Huesca-Pirineos Airport	HSK
2732	Q550335	Padua Airport	
2733	Q546587	Berbérati Airport	BBT
2734	Q548523	Fertőszentmiklós Airfield	
2735	Q550989	Bora Bora Airport	BOB
2736	Q543189	Toulon-Hyères Airport	TLN
2737	Q1657604	Clayton J. Lloyd International Airport	AXA
2738	Q1657573	Corumbá International Airport	CMG
2739	Q1657383	Del Rio International Airport	DRT
2740	Q1771329	Bryansk International Airport	BZK
2741	Q1748436	Providenciales International Airport	PLS
2742	Q1191625	Toyama Airport	TOY
2743	Q1191525	Brest Bretagne Airport	BES
2744	Q1192247	Weihai Dashuipo International Airport	WEH
2745	Q2672950	Jizan Regional Airport	GIZ
2746	Q2672939	Al Wajh International Airport	EJH
2747	Q2672934	Prince Naif bin Abdulaziz International Airport	ELQ
2748	Q2672944	Qaisumah Domestic Airport	AQI
2749	Q2704076	Nizhnevartovsk Airport	NJC
2750	Q2704391	Alberto Carnevalli Airport	MRD
2751	Q2673757	Sultan Iskandar Muda International Airport	BTJ
2752	Q2685156	Cape Palmas Airport	CPA
2753	Q2696338	Voinjama Airport	VOI
2754	Q2696045	Southern California Logistics Airport	VCV
2755	Q2694607	Brigham City Airport	BMC
2756	Q1146451	Lihue Airport	LIH
2757	Q1146471	Rouen Airport	URO
2758	Q1147420	Tunoshna Airport	IAR
2759	Q1147000	Dubrovnik Ruđer Bošković Airport	DBV
2760	Q1837152	"Changuinola ""Capitán Manuel Niño"" International Airport"	CHX
2761	Q1837181	Chashma Airport	
2762	Q1837127	Chachoan Airport	ATF
2763	Q1837288	Chadyr Lunga Airport	
2764	Q1837190	Chabua Air Force Station	
2765	Q1837108	Châlons Vatry Airport	XCR
2766	Q1837146	Chame Airport	
2767	Q1837451	Changzhou Benniu Airport	CZX
2768	Q2639197	Gwadar International Airport	GWD
2769	Q2655504	Dundee Airport	DND
2770	Q2637719	Khatanga Airport	HTG
2771	Q2650413	Beverlo Airport	
2772	Q2639537	Albertus Airport	FEP
2773	Q2645354	TrafficPort Venlo	
2774	Q2648429	Falköping Airport	
2775	Q2649112	Taebukpo Ri Airport	
2776	Q2655518	Wick Airport	WIC
2777	Q518910	Khanty-Mansiysk Airport	HMA
2778	Q520142	Kuujjuaq Airport	YVP
2779	Q1184874	Delta County Airport	ESC
2780	Q1187638	Peleliu Airfield	
2781	Q1187852	Bushehr Airport	BUZ
2782	Q1186422	Seymour Airport	GPS
2783	Q555412	Joseph State Airport	
2784	Q555489	Joseph A. Hardy Connellsville Airport	
2785	Q555419	Juan Simons Vela Airport	RIJ
2786	Q555444	Juan Pablo Pérez Alfonso Airport	VIG
2787	Q555406	Joya Andina Airport	UYU
2788	Q555437	Juan de Ayolas Airport	AYO
2789	Q555496	Joseph Y. Resnick Airport	
2790	Q555431	Guanaja Airport	GJA
2791	Q517600	Afobaka Airstrip	
2792	Q515748	Santa Barbara Municipal Airport	SBA
2793	Q1836163	Chanute Martin Johnson Airport	CNU
2794	Q1836384	Charlottetown Airport	YHG
2795	Q1836583	Charlevoix Airport	YML
2796	Q1836556	Chapman Aerodrome	
2797	Q1836219	Charleston Executive Airport	
2798	Q1836302	Charlotte-Monroe Executive Airport	
2799	Q1836114	Chadron Municipal Airport	CDR
2800	Q1836424	CFB Comox / Comox Valley Airport	YQQ
2801	Q1836193	Chamberlain USFS Airport	
2802	Q1836569	Chambly Airport	
2803	Q1836289	Chandelle Estates Airport	
2804	Q1836370	Charleston Municipal Airport	
2805	Q1836233	Charlie Hammonds Seaplane Base	
2806	Q2661286	Goiânia International Airport	GYN
2807	Q2661353	Jiamusi Songjiang International Airport	JMU
2808	Q2661278	Santarém-Maestro Wilson Fonseca Airport	STM
2809	Q2665143	Ust-Kamchatsk Airport	
2810	Q2660813	Utti Airport	UTI
2811	Q1769942	Farsund Airport	
2812	Q1777872	Oppdal Airport	
2813	Q1778297	Voss Airport	
2814	Q1778304	Tønsberg Airport	
2815	Q1781474	Værøy Airport	VRY
2816	Q1785757	Maxwell Air Force Base	MXF
2817	Q1781135	Ellison Onizuka Kona International Airport	KOA
2818	Q1156315	Kōchi Airport	KCZ
2819	Q1156420	Ibaraki Airport	IBR
2820	Q1156310	Kagoshima Airport	KOJ
2821	Q2673175	Örnsköldsvik Airport	OER
2822	Q2673008	Lokpriya Gopinath Bordoloi International Airport	GAU
2823	Q2673010	Jayprakash Narayan Airport	PAT
2824	Q1709039	Chicoutimi/Saint-Honoré Aerodrome	YRC
2825	Q1709224	Daman Airport	NMB
2826	Q1709003	Chesterfield Inlet Airport	YCS
2827	Q1709017	Datadawai Airport	DTD
2828	Q1709052	Dawson Community Airport	GDV
2829	Q1709059	Darke County Airport	VES
2830	Q1709203	David Jay Perry Airport	
2831	Q1709210	De Lesseps Field	
2832	Q1709030	Dargaville Aerodrome	DGR
2833	Q1709070	Daniel Field	DNL
2834	Q1807680	Port-Gentil International Airport	POG
2835	Q1797758	L.F. Wade International Airport	BDA
2836	Q1155685	Hakodate Airport	HKD
2837	Q1154516	Dunhuang Mogao International Airport	DNH
2838	Q1155940	Växjö/Kronoberg Airport	VXO
2839	Q556065	Juan H. White Airport	CAQ
2840	Q542588	Al Udeid Air Base	XJD
2841	Q540512	Anglesey Airport	VLY
2842	Q542734	Pembrey Airport	
2843	Q542097	Lampang Airport	LPT
2844	Q2673205	Guaraní International Airport	AGT
2845	Q2673196	Førde Airport	FDE
2846	Q2673185	Leknes Airport	LKN
2847	Q2673189	Rørvik Airport	RVK
2848	Q2673180	Sundsvall-Timrå Airport	SDL
2849	Q1163824	Batman Airport	BAL
2850	Q1164118	Mzuzu Airport	ZZU
2851	Q1163805	Ra's Lanuf Airport	
2852	Q1164085	Eskişehir Air Base	ESK
2853	Q1837615	Changbaishan Airport	NBS
2854	Q1837510	Chalon – Champforgeuil Airport	
2855	Q1837634	Charles Prince Airport	
2856	Q1837470	Chakulia Airport	
2857	Q1837469	Chaghcharan Airport	CCN
2858	Q1837475	Chapecó Airport	XAP
2859	Q1837460	Changhai Airport	CNI
2861	Q572387	Jaipur International Airport	JAI
2863	Q573524	Ovda Airport	VDA
2864	Q1199773	Kumamoto Airport	KMJ
2865	Q1164142	Amasya Merzifon Airport	MZH
2866	Q1164320	Balıkesir Airport	BZI
2867	Q1164133	Tokat Airport	TJK
2868	Q1164314	Siirt Airport	SXZ
2869	Q528578	Van Nuys Airport	VNY
2870	Q530071	Kuusamo Airport	KAO
2871	Q528184	Turin Airport	TRN
2872	Q2707180	Bata Airport	BSG
2873	Q2714211	Jönköping Airport	JKG
2874	Q2714240	Usinsk Airport	USK
2875	Q2718892	Vorkuta Airport	VKT
2876	Q2715707	Biysk Airport	
2877	Q1708765	Guanacaste Airport	LIR
2878	Q1708502	Cherkasy International Airport	CKC
2879	Q1708583	Chennault International Airport	CWF
2880	Q1708535	Chernivtsi International Airport	CWC
2881	Q2671159	Bahir Dar Airport	BJR
2882	Q2671978	Nawabshah Airport	WNS
2883	Q2671168	Nyagan Airport	NYA
2884	Q2671152	Nouadhibou International Airport	NDB
2885	Q2670834	Selaparang Airport	AMI
2886	Q2672666	Chaudhary Charan Singh Airport	LKO
2887	Q1231271	Farnborough Airport	FAB
2888	Q1230410	Patrick Space Force Base	COF
2889	Q1837682	Chalkyitsik Airport	CIK
2890	Q1837716	Charleville Airport	CTL
2891	Q1843329	Ugolny Airport	DYR
2892	Q1837643	Charlottesville Albemarle Airport	CHO
2893	Q1837694	Chambers County-Winnie Stowell Airport	
2894	Q1837742	Charles A. Chase Jr. Memorial Field	
2895	Q1847867	Noyabrsk Airport	NOJ
2896	Q555858	Juan Mendoza International Airport	ORU
2897	Q555654	Joyner Airport	
2898	Q555658	JPM Airport	
2899	Q2718975	Saint-Yan Airport	SYT
2900	Q2719335	Jan Mayensfield	ZXB
2901	Q2719346	Baikal International Airport	UUD
2902	Q2719297	Pskov Airport	PKV
2903	Q2719509	Ameland Airport	
2904	Q2719002	Orsk Airport	OSW
2905	Q2732089	Norfolk Island Airport	NLK
2906	Q2736618	Tarin Kowt Airport	TII
2907	Q2735084	Kadala Airport	HTA
2908	Q2733031	Zhuhai Jinwan Airport	ZUH
2909	Q2739991	Northeast Philadelphia Airport	PNE
2910	Q2786756	Barra del Colorado Airport	BCL
2911	Q2786807	Barcaldine Airport	BCI
2912	Q2787766	Barrow County Airport	WDR
2913	Q2785950	Bancroft Airport	
2914	Q2785948	Bar River Water Aerodrome	
2915	Q2785855	Barrett Field Airport	
2916	Q2786347	Barton Lake Ranch Airport	
2917	Q2786307	Barwick-LaFayette Airport	
2918	Q2786895	Basl Hill Farms Airport	
2919	Q2786937	Bassano Airport	
2920	Q2786376	Bar River Airport	YEB
2921	Q2787506	Bandiagara Airport	
2922	Q1932879	Ing. Alberto Acuña Ongay International Airport	CPE
2923	Q1932974	Josefa Camejo International Airport	LSP
2924	Q1932904	Venustiano Carranza International Airport	LOV
2925	Q1932928	Loreto International Airport	LTO
2926	Q1936910	Alfonso López Pumarejo Airport	VUP
2927	Q1933813	Robert L. Bradshaw International Airport	SKB
2928	Q1931349	Porbandar Airport	PBD
2929	Q1932826	San Luis Potosí International Airport	SLP
2930	Q1932815	Choibalsan Airport	COQ
2931	Q1932805	Temindung Airport	SRI
2932	Q2667517	Kodiak Airport	ADQ
2933	Q2667407	Stornoway Airport	SYY
2934	Q2667385	Zoersel-Oostmalle Airfield	OBL
2935	Q2668990	Wuyishan Airport	WUS
2936	Q2666312	Licenciado Gustavo Díaz Ordaz International Airport	PVR
2937	Q2668613	Qiemo Yudu Airport	IQM
2938	Q1881702	Hammerfest Airport	HFT
2939	Q1882673	Spa-La Sauvenière Airport	
2940	Q1911404	Yei Airport	
2941	Q1902094	Poeketi Airstrip	
2942	Q1914256	Ängelholm-Helsingborg Airport	AGH
2943	Q1880024	Fatmawati Soekarno Airport	BKS
2944	Q1257520	Bubaque Airport	BQE
2945	Q1257581	Fane Airport	FNE
2946	Q1257489	Agaun Airport	AUP
2947	Q2721096	Ziguinchor Airport	ZIG
2948	Q2721107	Tambacounda Airport	TUD
2949	Q2721100	Kaolack Airport	KLC
2950	Q2720492	Los Cabos International Airport	SJD
2951	Q2720229	Fresno Yosemite International Airport	FAT
2952	Q1197455	Naha Airport	OKA
2953	Q1196909	Oshima Airport	OIM
2954	Q1192253	Yanji Chaoyangchuan Airport	YNJ
2955	Q1914901	Centocelle Airport	
2956	Q1920426	Frans Seda Airport	MOF
2957	Q1919474	Bojnord Airport	BJB
2958	Q1914645	Sipaliwini Airstrip	
2959	Q1925763	Kayser Airstrip	
2960	Q1915140	Scatsta Airport	SCS
2961	Q1922577	Fagernes Airport, Leirin	VDB
2962	Q2750364	Texarkana Regional Airport	TXK
2963	Q2750047	Patrick Leahy Burlington International Airport	BTV
2964	Q2756463	Kastellorizo Airport	KZS
2965	Q2759601	Phaplu Airport	PPL
2966	Q2750353	Pondok Cabe Airport	PCB
2967	Q2756149	El Tepual Airport	PMC
2968	Q1930812	Qingyang Airport	IQN
2969	Q1931117	Tomás de Heres Airport	CBL
2970	Q1931140	Tres de Mayo Airport	PUU
2971	Q1931154	Loakan Airport	BAG
2972	Q1931168	Nadym Airport	NYM
2973	Q1930822	Kokura Airport	
2974	Q1930831	Kitadaito Airport	KTD
2975	Q1932889	Lawas Airport	LWY
2976	Q1932958	Bario Airport	BBN
2977	Q1932949	Tachilek Airport	THL
2978	Q1933049	Vilhelmina Airport	VHM
2979	Q1932938	Ciudad Constitución Airport	CUA
2980	Q1933061	Hemavan-Tärnaby Airport	HMV
2981	Q1257194	Mulika Lodge Airport	JJM
2982	Q1257330	Abau Airport	ABW
2983	Q1232433	Moorabbin Airport	MBW
2984	Q1253148	Nakhon Sawan Airport	
2985	Q1248782	Belluno Airport	BLX
2986	Q1247541	Dodge City Regional Airport	DDC
2987	Q1161027	Donegal Airport	CFN
2988	Q1857178	Richmond International Airport	RIC
2989	Q1927261	Komodo International Airport	LBJ
2990	Q1927133	Aji Pangeran Tumenggung Pranoto International Airport	AAP
2991	Q2724008	Yellowknife Airport	YZF
2992	Q2722850	Keshod Airport	IXK
2993	Q2726122	Astypalaia National Airport	JTY
2994	Q2732053	Gustavo Rojas Pinilla International Airport	ADZ
2995	Q2723683	Bost Airport	BST
2996	Q1930801	Longyan Guanzhaishan Airport	LCX
2997	Q1927846	Rio Grande Airport	RGA
2998	Q1927833	Cacique Aramare Airport	PYH
2999	Q1929029	Jessore Airport	JSR
3000	Q1930670	Baotou Donghe International Airport	BAV
3001	Q1279158	Saratov Tsentralny Airport	RTW
3002	Q1288635	Vunisea Airport	KDV
3003	Q1276973	Eareckson Air Station	SYA
3004	Q1296852	Szentes Airport	
3005	Q1285726	Kerman Airport	KER
3006	Q1932794	Querétaro International Airport	QRO
3007	Q1932866	Cabo San Lucas International Airport	
3008	Q1927552	General Leobardo C. Ruiz International Airport	ZCL
3009	Q1927818	Gobernador Horacio Guzmán International Airport	JUJ
3010	Q1197536	Niigata Airport	KIJ
3011	Q564109	Khujirt Airport	HJT
3012	Q569168	Cranfield Airport	XUD
3013	Q581004	Storuman Airport	SQO
3014	Q581901	La Florida Airport	LSC
3015	Q581683	Capitán FAP Renán Elías Olivera Airport	PIO
3016	Q2743305	Turaif Domestic Airport	TUI
3017	Q2743332	Wadi al-Dawasir Domestic Airport	WAE
3018	Q2743310	Gurayat Domestic Airport	URY
3019	Q2742390	Jalalabad Airport	JAA
3020	Q2744821	Abilene Regional Airport	ABI
3021	Q2743307	Rafha Domestic Airport	RAH
3022	Q1927103	Sampit Airport	SMQ
3023	Q1927092	Vliegveld Midden-Zeeland	
3024	Q1927124	Tommanggong Airport	TMG
3025	Q1927082	Long Lellang Airport	LGL
3026	Q1927116	Ba'kelalan Airport	BKM
3027	Q1301933	Atbara Airport	ATB
3028	Q1303153	Suceava International Airport	SCV
3029	Q1305145	Hastings Airport	HGS
3030	Q1299897	Szombathely Airport	
3031	Q1984520	Niagara Falls International Airport	IAG
3032	Q2006710	Toamasina Airport	TMM
3033	Q2011096	Abdullahi Yusuf International Airport	GLK
3034	Q1955907	Birjand International Airport	XBJ
3035	Q1962002	Cataratas del Iguazú International Airport	IGR
3036	Q1987608	Tancredo Neves International Airport	CNF
3037	Q2748237	Saint John Airport	YSJ
3038	Q2748890	Upernavik Airport	JUV
3039	Q2748848	South Bimini Airport	BIM
3040	Q2748862	Qaanaaq Airport	NAQ
3041	Q2748390	Moi Air Base	
3042	Q2744827	Ruben Berta International Airport	URG
3043	Q1927801	Cañal Bajo Carlos Hott Siebert Airport	ZOS
3044	Q1927346	Kikai Airport	KKX
3045	Q1927565	Minatitlán International Airport	MTT
3046	Q2090101	Greater Natal International Airport	NAT
3047	Q2076613	Ketchikan International Airport	KTN
3048	Q2233018	Juwata International Airport	TRK
3049	Q2231932	Jacinto Lara International Airport	BRM
3050	Q2233057	Sherbro International Airport	BTE
3051	Q2233125	Pilanesberg International Airport	NTY
3052	Q2233103	Polokwane International Airport	PTG
3053	Q576468	Qianjiang Wulingshan Airport	JIQ
3054	Q575865	Montpellier – Méditerranée Airport	MPL
3055	Q576956	Bilwi Airport	PUZ
3056	Q2763148	Lakselv Airport, Banak	LKL
3057	Q2784942	Basango Mboliasa Airport	KRZ
3058	Q2781064	Sasstown Airport	SAZ
3059	Q2775871	Surat International Airport	STV
3060	Q2784927	Bandon State Airport	BDY
3061	Q2784112	Mizan Teferi Airport	MTF
3062	Q2779964	Kemayoran Airport	
3063	Q1849321	Agra Civil Enclave	AGR
3064	Q1872414	Kien An Airport	
3065	Q1875901	Godo Holo Airstrip	
3066	Q1858312	Barnaul Airport	BAX
3067	Q1862823	Gamba Airport	GAX
3068	Q1877066	Kumasi Airport	KMS
3069	Q584491	Esquel Airport	EQS
3070	Q586862	Jerez Airport	XRY
3071	Q583916	Bousso Airport	OUT
3072	Q2785102	Barra do Garças Airport	BPG
3073	Q2784946	Baracoa Regional Airport	MGN
3074	Q2785373	Walney Aerodrome	BWF
3075	Q2785810	Bandundu Airport	FDU
3076	Q2785701	Baraga Airport	
3077	Q2785149	Baruun-Urt Airport	UUN
3078	Q2785255	Barberton Airport	
3079	Q2785252	Bardera Airport	BSY
3080	Q2785389	Barkley Regional Airport	PAH
3081	Q1934910	Bar Yehuda Airfield	MTZ
3082	Q1934556	Xuzhou Guanyin Airport	XUZ
3083	Q1934920	Ein Yahav Airfield	EIY
3084	Q1935013	Prague-Kbely Airport	
3085	Q1935016	Sarzana-Luni Military Airfield	
3086	Q1933087	Trollhättan-Vänersborg Airport	THN
3087	Q1936042	St. Catherine International Airport	SKV
3088	Q1200842	Beijing Nanyuan Airport	NAY
3089	Q597081	Black Hills Airport	SPF
3090	Q592770	Quiché Airport	AQB
3091	Q597000	Blue Ridge Airport	
3092	Q597007	Bishop Municipal Airport	
3093	Q597097	Blaine Municipal Airport	
3094	Q597035	Bloyer Field	
3095	Q593862	Ingeniero Jacobacci Airport	IGB
3096	Q583453	Ajaccio Napoleon Bonaparte Airport	AJA
3097	Q582306	Zonguldak Airport	ONQ
3098	Q582746	Bodaybo Airport	ODO
3099	Q1320088	Hanamaki Airport	HNA
3100	Q1320347	Nyaung U Airport	NYU
3101	Q1320550	Thandwe Airport	SNW
3102	Q1319721	Vrsar Airport	
3103	Q1320404	Gia Lam Airport	
3104	Q1320523	Abraham Lincoln Capital Airport	SPI
3105	Q1937955	Xiangyang Liuji Airport	XFN
3106	Q1937966	Enshi Xujiaping Airport	ENH
3107	Q1937973	Ganzhou Huangjin Airport	KOW
3108	Q1937403	Jiayuguan Airport	JGN
3109	Q1937984	Xingyi Wanfenglin Airport	ACX
3110	Q1322156	General José Francisco Bermúdez Airport	CUP
3111	Q1322391	Okayama Airport	OKJ
3112	Q1322423	Chelyabinsk Airport	CEK
3113	Q1322397	José Leonardo Chirino Airport	CZE
3114	Q1322429	El Embrujo Airport	PVA
3115	Q1322374	El Caraño Airport	UIB
3116	Q597483	Block Island State Airport	BID
3117	Q597419	Biliran Airport	
3118	Q597390	Birchwood Airport	
3119	Q597484	Blytheville Municipal Airport	HKA
3120	Q597331	Bíldudalur Airport	BIU
3121	Q597405	Blairstown Airport	
3122	Q597471	Bluffton Airport	
3123	Q597460	Birao Airport	IRO
3124	Q597366	Billy Mitchell Airport	HNC
3125	Q1927310	Yoron Airport	RNJ
3126	Q1927323	Shonai Airport	SYO
3127	Q1927195	Tanjung Manis Airport	TGC
3128	Q1927143	Sittwe Airport	AKY
3129	Q1927187	Pangsuma Airport	PSU
3130	Q2161272	Garoua International Airport	GOU
3131	Q2163819	Lanseria International Airport	HLA
3132	Q1209993	Shizuoka Airport	FSZ
3133	Q2875370	Amougies Airfield	
3134	Q2875376	Arlon-Sterpenich airport	
3135	Q2875408	Bar-le-Duc - Les Hauts-de-Chée Airport	
3136	Q2875440	Chalais Airport	
3137	Q2875457	Château-Arnoux-Saint-Auban Airport	
3138	Q2875486	Farah Airport	FAH
3139	Q2875420	Bakel Airport	BXE
3140	Q2875360	Aix-en-Provence Aerodrome	QXB
3141	Q2875374	Khodynka Aerodrome	
3142	Q2875439	Cerfontaine Airfield	
3143	Q2875357	Alençon - Valframbert Airport	
3144	Q2875462	Darwaz Airport	DAZ
3145	Q1321687	Kawthaung Airport	KAW
3146	Q1321667	Ruben Cantu Airport	SYP
3147	Q1321390	Alghero Fertilia airport	AHO
3148	Q1321678	Kalaymyo Airport	KMV
3149	Q1321647	Sanga-Sanga Airport	TWT
3150	Q1321635	Eros Airport	ERS
3151	Q1321656	Antonio Rivera Rodríguez Airport	VQS
3152	Q1936891	La Nubia Airport	MZL
3153	Q1936925	Santa Ana Airport	CRC
3154	Q1936968	Alcides Fernández Airport	ACD
3155	Q1936943	Yacuiba Airport	BYC
3156	Q1937357	Wuhai Airport	WUA
3157	Q2063380	Sloulin Field International Airport	ISN
3158	Q2034869	Zhengzhou Xinzheng International Airport	CGO
3159	Q2875724	Guayaramerín Airport	GYA
3160	Q2875718	Antoine-Simon Airport	CYA
3161	Q2875717	Captain Aníbal Arab International Airport	CIJ
3162	Q2875716	Boeing Field	BFI
3163	Q2875721	Captain Nicolas Rojas International Airport	POI
3164	Q2875720	Capitán Germán Quiroga Guardia Airport	SRJ
3165	Q2231898	Arturo Michelena International Airport	VLN
3166	Q2262149	Waalhaven	
3167	Q2286957	Cap-Haitien International Airport	CAP
3168	Q2285574	King Mswati III International Airport	SHO
3169	Q2293938	Subic Bay International Airport	SFS
3170	Q2875737	Abu Ali Airport	
3171	Q2875746	Touat-Cheikh Sidi Mohamed Belkebir Airport	AZR
3172	Q2875740	West Virginia International Yeager Airport	CRW
3173	Q2875744	Adam Airport	AOM
3174	Q2875736	Shah Makhdum Airport	RJH
3175	Q2875743	Teniente Jorge Henrich Arauz Airport	TDD
3176	Q2854870	Maasvlakte Heliport	
3177	Q2874467	Avon Park Executive Airport	AVO
3178	Q2855888	Lede Kalumbang Airport	TMC
3179	Q2813736	Boulder City Municipal Airport	BLD
3180	Q2849564	Angers – Loire Airport	ANE
3181	Q2812451	Ichon Airport	
3182	Q2812468	Sonchon Airport	
3183	Q2839784	Zaliv Kresta Airport	
3184	Q2843791	Morón Airport and Air Base	
3185	Q1931181	Weerawila Airport	WRZ
3186	Q1931291	Rajahmundry Airport	RJA
3187	Q1931305	Shillong Airport	SHL
3188	Q1931194	Tajima Airport	TJH
3189	Q1931319	Prayagraj Airport	IXD
3190	Q2231506	Barcelona Internacional Gral J. A. Anzoátegui Airport	BLA
3191	Q2228220	Chlef International Airport	CFK
3192	Q2220544	Ian Fleming International Airport	OCJ
3193	Q1322497	Nagoya Airfield	NKM
3194	Q1322467	Vaasa Airport	VAA
3195	Q1322435	Bogashevo Airport	TOF
3196	Q2788436	Barnwell Regional Airport	BNL
3197	Q2787794	Bangassou Airport	BGU
3198	Q2788471	Bantry Aerodrome	BYT
3199	Q2788470	Cape Cod Gateway Airport	HYA
3200	Q2788207	Barkerville Airport	
3201	Q2788467	Barcelos Airport	BAZ
3202	Q2788148	Banning Municipal Airport	BNG
3203	Q2788740	Basco Airport	BSO
3204	Q2788529	Barrhead Airport	
3205	Q2788303	Basankusu Airport	BSU
3206	Q2875512	Lesparre - Saint-Laurent-Médoc Airport	
3207	Q2875578	Quiberon Airport	
3208	Q2875517	Khost Airfield	KHT
3209	Q2875494	Île d'Yeu Aerodrome	IDY
3210	Q2875500	La Roche-sur-Yon - Les Ajoncs Airport	EDM
3211	Q2875492	Hwangju Airport	
3212	Q2875530	Maymana Airport	MMZ
3213	Q2875548	Montbéliard – Courcelles Aerodrome	
3214	Q2875495	Hao Airport	HOI
3215	Q1266681	Altay Airport	AAT
3216	Q1263279	Dubuque Regional Airport	DBQ
3217	Q1264524	Isparta Süleyman Demirel Airport	ISE
3218	Q1262876	Vajnory Airport	
3219	Q1270197	Charlevoix Municipal Airport	
3220	Q1313587	Vicenza Airport	VIC
3221	Q1314151	Pamplona Airport	PNA
3222	Q1319272	Essendon Airport	MEB
3223	Q1307034	Ağrı Ahmed-i Hani Airport	AJI
3224	Q1309265	La Môle – Saint-Tropez Airport	LTT
3225	Q1315027	Kars Airport	KSY
3226	Q1961870	Casablanca-Anfa Airport	CAS
3227	Q1961993	Špiro Mugoša Airport	
3228	Q1961585	Central Wisconsin Airport	CWA
3229	Q1961528	Cayley/A. J. Flying Ranch Airport	
3230	Q1961925	Carthago Airport	
3231	Q1961538	Carp Airport	YRP
3232	Q1962311	Carrington Municipal Airport	
3233	Q1961519	Cartwright Airport	YRF
3234	Q1321698	Tanjung Harapan Airport	TJS
3235	Q1321827	Dawei Airport	TVY
3236	Q1321743	Villa Gesell Airport	VLG
3237	Q1321723	Tirupati airport	TIR
3238	Q1321733	Roxas Airport	RXS
3239	Q2233195	Luhansk International Airport	VSG
3240	Q1323400	César Gaviria Trujillo Airport	PDA
3241	Q1323625	Godofredo P. Ramos Airport	MPH
3242	Q1323338	Germán Olano Airport	PCR
3243	Q1977854	La Florida Airport	TCO
3244	Q1963048	Caxias do Sul Airport	CXJ
3245	Q1963044	Cartersville Airport	
3246	Q1964699	Stadskanaal Airfield	
3247	Q1972346	Khanskaya Airport	
3248	Q1971597	Tardamu Airport	SAU
3249	Q1963022	Central Jersey Regional Airport	JVI
3250	Q1963037	Castor Airport	
3251	Q1977535	Ahe Airport	AHE
3252	Q1967286	Turlatovo Airport	RZN
3253	Q1332979	Reus Airport	REU
3254	Q580554	Norrköping Airport	NRK
3255	Q577790	Lihir Island Airport	LNV
3256	Q2789500	Bartolomeu Lysandro Airport	CAW
3257	Q2789325	Banff Airport	YBA
3258	Q2789070	Bassatine Air Base	MEK
3259	Q2789540	Bartow Municipal Airport	BOW
3260	Q2789479	Bannu Airport	BNP
3261	Q2788745	Bareilly Airport	BEK
3262	Q2789533	Bandera State Airport	
3263	Q2788837	Barreiras Airport	BRA
3264	Q2789542	Barstow-Daggett Airport	DAG
3265	Q2791859	Shelby County Airport	
3266	Q2791673	Ardmore Airport	AMZ
3267	Q2791930	Enterprise Municipal Airport	ETS
3268	Q2798474	Lamidanda Airport	LDN
3269	Q2789750	Barter Island LRRS Airport	BTI
3270	Q2789706	Westfield-Barnes Regional Airport	BAF
3271	Q2789600	Baraboo-Wisconsin Dells Airport	
3272	Q2792074	Enterprise Municipal Airport	
3273	Q2791588	Westport Airport, New Zealand	WSZ
3274	Q2792155	Cullman Regional Airport-Folsom Field	
3275	Q2791655	Franklin Field	
3276	Q2791819	Logan Field	
3277	Q597770	Big Spring McMahon-Wrinkle Airport	HCA
3278	Q597718	Birch Creek Airport	KBC
3279	Q597647	Blackwell Field	
3280	Q597664	Birr Aerodrome	
3281	Q597677	Biltine Airport	
3282	Q597755	Blairsville Airport	
3283	Q597742	Bloomsburg Municipal Airport	
3284	Q2875817	Debre Tabor Airport	DBT
3285	Q2875811	Bamyan Airport	BIN
3286	Q2875809	Bejaia Soummam – Abane Ramdane Airport	BJA
3287	Q2875819	Debre Marqos Airport	DBM
3288	Q2875808	Boudghene Ben Ali Lotfi Airport	CBH
3289	Q2875814	Chiloquin State Airport	CHZ
3290	Q2875820	Churchill Airport	YYQ
3291	Q2576078	Tabatinga International Airport	TBT
3292	Q2566659	Cahul International Airport	
3293	Q2564541	Goma International Airport	GOM
3294	Q1951782	Aguenar–Hadj Bey Akhamok Airport	TMR
3295	Q1958564	Kostroma–Sokerkino Airport	KMW
3296	Q1948430	Abadan International Airport	ABD
3297	Q1951123	Terlet Airfield	
3298	Q1953794	Preguiça Airport	SNE
3299	Q1957542	Lakeba Airport	LKB
3300	Q2358345	Bandar Abbas International Airport	BND
3301	Q2388744	Zhukovsky International Airport	ZIA
3302	Q2371274	Daugavpils International Airport	DGP
3303	Q1961094	Cecil Airport	VQQ
3304	Q1961086	Casco Cove Coast Guard Station	ATU
3305	Q1961100	Centerville Municipal Airport	GHM
3306	Q1961079	Centerville Municipal Airport	TVK
3307	Q1961117	Cauayan Airport	CYZ
3308	Q1961124	Carroll County-Tolson Airport	
3309	Q1960988	Severouralsk Airport	
3310	Q1961156	Central Nebraska Regional Airport	GRI
3311	Q1961147	Carrizozo Municipal Airport	
3312	Q1961110	Carroll County Airport	
3313	Q1961070	Catarman National Airport	CRM
3314	Q1334422	Aeropuerto Nacional de Tamuín	TSL
3315	Q1333925	Kushiro Airport	KUH
3316	Q1334391	Angling Lake/Wapekeka Airport	YAX
3317	Q1334342	Lashio Airport	LSH
3318	Q1334380	Szeged Airport	QZD
3319	Q1986577	Lydd Airport	LYX
3320	Q1981104	Pryluky	
3321	Q1979387	Abbeville Municipal Airport	
3322	Q1980626	Bakharevka Airport	
3323	Q1983668	Vorkuta Sovetsky	
3324	Q1983675	Migalovo	KLD
3325	Q1981182	Aba Segud Airport	JIM
3326	Q2875759	Lehigh Valley International Airport	ABE
3327	Q2875758	Alpha Airport	ABH
3328	Q2875749	Al-Baha Domestic Airport	ABT
3329	Q2875753	Southwest Georgia Regional Airport	ABY
3330	Q2875755	Al-Jawf Domestic Airport	AJF
3331	Q2875750	Al-Ahsa International Airport	HOF
3332	Q2505424	Juneau International Airport	JNU
3333	Q2493876	Grand Bahama International Airport	FPO
3334	Q2492784	Kharkiv International Airport	HRK
3335	Q2875666	Verviers-Theux Aerodrome	
3336	Q2875662	Valenciennes-Denain Airport	
3337	Q2875649	Sheghnan Airport	SGA
3338	Q2875606	Qala i Naw Airport	LQN
3339	Q2875618	Saint-Laurent-du-Maroni Airport	LDX
3340	Q2875669	Taloqan Airport	TQN
3341	Q2875612	Saint-Hubert Airport	
3342	Q2875681	Havre - Saint-Romain-de-Colbosc Airport	
3343	Q2875655	Sheberghan Airfield	
3344	Q2875651	Sha Tin Airfield	
3345	Q598231	Birsa Munda Airport	IXR
3346	Q598259	Blue Grass Airport	LEX
3347	Q598252	Black Rock Airport	ZUN
3348	Q1329887	Tri-Cities Regional Airport	TRI
3349	Q1328906	Yamaguchi Ube Airport	UBJ
3350	Q1330931	Iskandar Airport	PKN
3351	Q1330977	Bayankhongor Airport	BYN
3352	Q2670307	Bakili Muluzi International Airport	BLZ
3353	Q1961164	Central Maine Airport of Norridgewock	OWK
3354	Q1961307	Caye Chapel Airport	CYC
3355	Q1961499	Cat Lake Airport	YAC
3356	Q1961318	Cartierville Airport	YCV
3357	Q1961483	Carstairs/Bishell's Airport	
3358	Q1961438	Carroll County Airport	
3359	Q1961366	Central Airport	CEM
3360	Q1961419	Carrabelle-Thompson Airport	
3361	Q1961359	Cavalier Municipal Airport	
3362	Q1961510	Central Butte Airport	
3363	Q1961397	Centre Municipal Airport	
3364	Q1961172	Centredale Aerodrome	
3365	Q1961288	Cedar City Regional Airport	CDC
3366	Q1936233	Long Seridan Airport	ODN
3367	Q1936787	Sam Mbakwe Airport	QOW
3368	Q1936151	Jolly Grant Airport	DED
3369	Q1936290	Tippi Airport	TIE
3370	Q1936851	Abdul Rachman Saleh Airport	MLG
3371	Q1962796	Caye Caulker Airport	CUK
3372	Q1962825	Cayana Airstrip	AAJ
3373	Q1962803	Carrillo Airport	PLD
3374	Q1962678	Carroll County Regional Airport	
3375	Q1962669	Caucayá Airport	LQM
3376	Q1962745	Catalina Airport	AVX
3377	Q1962757	Casselton Robert Miller Regional Airport	
3378	Q1962658	Cavanaugh Bay Airport	
3379	Q1962731	Cedarville Airport	
3380	Q1962787	Caruaru Airport	CAU
3381	Q1328849	Tolmachevo Airport	OVB
3382	Q1327599	Tokol Airport	
3383	Q598164	Bob Baker Memorial Airport	IAN
3384	Q2510194	Mohamed Boudiaf International Airport	CZL
3385	Q2525980	Ölgii International Airport	ULG
3386	Q2536144	Kortrijk-Wevelgem International Airport	KJK
3387	Q2670829	El Edén International Airport	AXM
3388	Q2671345	Jorge Wilstermann International Airport	CBB
3389	Q2670961	Atar International Airport	ATR
3390	Q1321133	Ilhéus Jorge Amado Airport	IOS
3391	Q1321162	Gobernador Gregores Airport	GGS
3392	Q1320846	Heho Airport	HEH
3393	Q1321142	Joinville-Lauro Carneiro de Loyola Airport	JOI
3394	Q1320868	Barinas Airport	BNS
3395	Q1320857	Manuel Carlos Piar International Airport	PZO
3396	Q1321171	Atlin Airport	
3397	Q597496	Birdsville Airport	BVI
3398	Q597508	Bocanda Airport	
3399	Q597543	Bocaranga Airport	
3400	Q597487	Bob Sikes Airport	CEW
3401	Q597556	Bloomfield Municipal Airport	
3402	Q598724	Bluefields Airport	BEF
3403	Q598749	Bima Airport	BMU
3404	Q598738	Bintulu Airport	BTU
3405	Q598699	Bisha Domestic Airport	BHH
3406	Q2875727	Airport Le Mans-Arnage	LME
3407	Q2875733	Roland-Désourdy Airport	ZBM
3408	Q2875725	Jack Edwards Airport	GUF
3409	Q2875735	Saidpur Airport	SPD
3410	Q2875732	Michel-Pouliot Gaspé Airport	YGP
3411	Q2875729	Guardiamarina Zañartu Airport	WPU
3412	Q2875728	El Trompillo Airport	SRZ
3413	Q2875906	Rupsi Airport	RUP
3414	Q2875907	Saint-Nazaire - Montoir Airport	SNR
3415	Q2875896	Ras Al-Mishab Airport	
3416	Q2875897	Ras Tanura Airport	
3417	Q2875901	Qikiqtarjuaq Airport	YVM
3418	Q2875905	Riberalta Airport	RIB
3419	Q2875904	Rivière-du-Loup Airport	YRI
3420	Q2875899	La Grande Rivière Airport	YGL
3421	Q2875838	Jiuzhai Huanglong Airport	JZH
3422	Q2875836	Húsavík Airport	HZK
3423	Q2875827	El Portillo Airport	EPS
3424	Q2875824	Ghriss Airport	MUW
3425	Q2875830	Grímsey Airport	GRY
3426	Q2875833	Hornafjörður Airport	HFN
3427	Q2875829	Gambela Airport	GMB
3428	Q591998	Waskaganish Airport	YKQ
3429	Q591028	Fresno Chandler Executive Airport	FCH
3430	Q587399	La Morgal Airport	
3431	Q587560	Ranong Airport	UNN
3432	Q598627	Bob Quinn Lake Airport	YBO
3433	Q598547	Big Trout Lake Airport	YTL
3434	Q598617	Black Tickle Airport	YBI
3435	Q598602	Bloodvein River Airport	YDV
3436	Q598652	Biratnagar Airport	BIR
3437	Q598537	Blackbushe Airport	BBS
3438	Q598637	Birch Mountain Airport	
3439	Q598556	Blue River Airport	
3440	Q598566	Bird River Water Aerodrome	
3441	Q598578	Black Diamond/Cu Nim Airport	
3442	Q598589	Bissett Water Aerodrome	
3443	Q1343495	Shakawe Airport	SWX
3444	Q1345758	Islay Airport	ILY
3445	Q2579272	Augusto Severo International Airport	NAT
3446	Q2593750	Toluca International Airport	TLC
3447	Q2580525	Santo-Pekoa International Airport	SON
3448	Q1347310	Kittilä Airport	KTT
3449	Q597873	Bislig Airport	BPH
3450	Q597840	Black River Falls Area Airport	BCK
3451	Q597869	Blanding Municipal Airport	BDG
3452	Q597798	Blue Canyon–Nyack Airport	BLU
3453	Q597811	Bir Moghrein Airport	
3454	Q597815	Blackstone Army Airfield	BKT
3455	Q597854	Blackwell–Tonkawa Municipal Airport	BWL
3456	Q597828	Blackwater Airport	BLT
3457	Q597839	Bloomfield Municipal Airport	
3458	Q597826	Blythe Airport	BLH
3459	Q597793	Boca Raton Airport	BCT
3460	Q2670003	Rafael Núñez International Airport	CTG
3461	Q2633549	Turbat International Airport	TUK
3462	Q2631115	Playa de Oro International Airport	ZLO
3463	Q2635747	Kokshetau International Airport	KOV
3464	Q2735729	Fredericton International Airport	YFC
3465	Q1334603	Takamatsu Airport	TAK
3466	Q1336514	Akita Airport	AXT
3467	Q1334587	Oita Airport	OIT
3468	Q2875772	Asosa Airport	ASO
3469	Q2875762	Arraias Airport	AAI
3470	Q2875766	Eagle Creek Airpark	
3471	Q2875764	Aramac Airport	AXC
3472	Q2875767	El Bayadh Airport	EBH
3473	Q2875773	Guemar Airport	ELU
3474	Q2875769	Arar Domestic Airport	RAE
3475	Q2875854	Kugluktuk Airport	YCO
3476	Q2875856	Makoua Airport	MKJ
3477	Q2875870	Morlaix – Ploujean Airport	MXN
3478	Q2875872	Neuville Airport	
3479	Q2875875	Nancy-Essey Airport	ENC
3480	Q2875866	Mollendo Airport	
3481	Q2875858	Mécheria Airport	MZW
3482	Q2875873	Nevers-Fourchambault Airport	NVS
3483	Q2875865	Mala Mala Airport	AAM
3484	Q2875887	Sir Gaëtan Duval Airport	RRG
3485	Q2875885	Patreksfjörður Airport	PFJ
3486	Q2875878	Nero-Mer Airport	BBV
3487	Q2875890	Pontoise – Cormeilles Aerodrome	POX
3488	Q2875880	Newport State Airport	NPT
3489	Q2875888	Pokemouche Airport	
3490	Q2875882	Ouésso Airport	OUE
3491	Q1962346	Cessna Aircraft Field	CEA
3492	Q1962644	Casa Grande Municipal Airport	CGZ
3493	Q1962363	Catbalogan Airport	
3494	Q1962633	Cavern City Air Terminal	CNM
3495	Q1962339	Carson Airport	CSN
3496	Q1962601	Celje Airport	
3497	Q1962553	Castle Airport	MER
3498	Q1962329	Cedars North Airpark	
3499	Q1962354	Cascade Locks State Airport	CZK
3500	Q1962462	Central Illinois Regional Airport	BMI
3501	Q2022069	Sibulan Airport	DGT
3502	Q2025626	Amderma Airport	AMV
3503	Q2030362	Gitega Airport	GID
3504	Q2024353	Kazanlak Airport	
3505	Q2022991	Lund Airport	
3506	Q2030071	Voronezh Malshevo	
3507	Q2031102	Krasnokamensk Airport	
3508	Q2029942	Kirundo Airport	KRE
3509	Q1946625	Tezpur Airport	TEZ
3510	Q1939560	Sri Sathya Sai Airport	PUT
3511	Q1945992	Tiree Airport	TRE
3512	Q1937997	Nanyang Jiangying Airport	NNY
3513	Q1941464	Mobile International Airport	BFM
3514	Q1946339	Monticello Regional Airport	MXO
3515	Q2875806	Cabo Rojo Airport	CBJ
3516	Q2875796	Ain Eddis Airport	BUJ
3517	Q2875792	Baker Lake Airport	YBK
3518	Q2875795	Boundiali Airport	BXI
3519	Q2875793	Boulia Airport	BQL
3520	Q2875797	Bordj Mokhtar Airport	BMW
3521	Q2875794	Raja Loloda Mokoagow Airport	LKM
3522	Q607086	Bengbu Airport	BFU
3523	Q606067	Liege Airport	LGG
3524	Q605579	Manresa Airport	
3525	Q604872	Oryol Yuzhny Airport	OEL
3526	Q606813	Boardman Airport	
3527	Q605739	McCall Municipal Airport	MYL
3528	Q604547	Dayrestan Airport	GSM
3529	Q598024	Bilaspur Airport	PAB
3530	Q597891	Blosser Municipal Airport	CNK
3531	Q597879	Bismarck Memorial Airport	
3532	Q597902	Bijie Feixiong Airport	BFJ
3533	Q1995004	Ivanovo Yuzhny Airport	IWA
3534	Q1997645	Gelendzhik Airport	GDZ
3535	Q1996169	Tambov Donskoye Airport	TBW
3536	Q1999184	Manchester City Airport & Heliport	
3537	Q1993204	Rach Gia Airport	VKG
3538	Q1989502	Ulyanovsk Baratayevka Airport	ULV
3539	Q1373238	Minsk-1 Airport	MHP
3540	Q2875965	Sidi Mahdi Airport	TGR
3541	Q2875964	Trois-Rivières Airport	YRQ
3542	Q2875951	Tiaret - Abdelhafid Boussouf Bou Chekif Airport	TID
3543	Q2875946	Ain Arnat Airport	QSF
3544	Q2875952	Timimoun Airport	TMX
3545	Q2875963	Tshimpi Airport	MAT
3546	Q2875949	Stara Zagora Airport	SZR
3547	Q598311	Bikini Atoll Airport	BII
3548	Q598296	Bo Airport	KBS
3549	Q598489	Blackie/Wilderman Farm Airport	
3550	Q598324	Blackall Airport	BKQ
3551	Q598526	Biggar Airport	
3552	Q598515	Birch Hills Airport	
3553	Q598462	Bird River (Lac du Bonnet) Airport	
3554	Q598476	Black Lake Water Aerodrome	
3555	Q598282	Bloemfontein Airport	BFN
3556	Q1330995	Cannes – Mandelieu Airport	CEQ
3557	Q1332254	Obihiro Airport	OBO
3558	Q2674281	Bucaramanga-Palonegro International Airport	BGA
3559	Q2684487	Duhok International Airport	
3560	Q2699491	Hector International Airport	FAR
3561	Q608306	Gondar Airport	GDQ
3562	Q611949	Guillermo León Valencia Airport	PPN
3563	Q608992	Novi Sad Airport	QND
3564	Q2875783	Udhayliyah Airport	
3565	Q2875788	Baco Airport	BCO
3566	Q2875774	In Guezzam Airport	INF
3567	Q2875785	Owando Airport	FTX
3568	Q2875776	Takhamalt Airport	VVZ
3569	Q2875780	Orléans – Saint-Denis-de-l'Hôtel Airport	ORE
3570	Q2875784	Bagotville Airport	YBG
3571	Q2875791	Beica Airport	BEI
3572	Q2875786	Épinal – Mirecourt Airport	EPL
3573	Q1341664	Aarhus Airport	AAR
3574	Q1337719	Pangborn Memorial Airport	EAT
3575	Q1343422	Phitsanulok Airport	PHS
3576	Q1338842	Castres–Mazamet Airport	DCM
3577	Q1339525	Foligno Airport	
3578	Q2876001	Zhanjiang Airport	ZHA
3579	Q2875976	Valence-Chabeuil Airport	VAF
3580	Q2875969	Zenata – Messali El Hadj Airport	TLM
3581	Q2875971	Troyes – Barberey Airport	QYR
3582	Q2875975	Vannes - Golfe du Morbihan Airport	VNE
3583	Q2875989	Vopnafjörður Airport	VPN
3584	Q2983995	Kuqa Qiuci Airport	KCA
3585	Q2983967	Hotan Airport	HTN
3586	Q2983621	Tacheng Airport	TCG
3587	Q2983335	Aasiaat Airport	JEG
3588	Q2875840	Khafji Airport	
3589	Q2875848	Laval - Entrammes Airport	LVA
3590	Q2875853	L'Mekrareg Airport	LOO
3591	Q2875852	Kugaaruk Airport	YBB
3592	Q2875839	Jijel Ferhat Abbas Airport	GJL
3593	Q2875845	Korhogo Airport	HGO
3594	Q2875847	Jérémie Airport	JEE
3595	Q2042079	Cam Ly Airport	
3596	Q2031874	Tilichiki Airport	
3597	Q2037569	Kimry Airport	
3598	Q2056043	Texel International Airport	
3599	Q613569	Dallas Love Field	DAL
3600	Q598785	Blida Airport	QLD
3601	Q598850	Biju Patnaik Airport	BBI
3602	Q598831	Blackpool Airport	BLK
3603	Q598817	Hollywood Burbank Airport	BUR
3604	Q619642	Bermuda Dunes Airport	UDD
3605	Q619653	Big Bear City Airport	RBF
3606	Q619659	Bert Mooney Airport	BTM
3607	Q619607	Big Mountain Air Force Station	BMX
3608	Q619651	Big Lake Airport	BGQ
3609	Q619662	Benguera Island Airport	BCW
3610	Q619664	Bhamo Airport	BMO
3611	Q619602	Bentonville Municipal Airport	
3612	Q619644	Bessemer Airport	
3613	Q1347950	RAF Cranwell	
3614	Q1347672	Eppley Airfield	OMA
3615	Q2876055	Simón Bolívar International Airport	SMR
3616	Q2876067	Gafsa – Ksar International Airport	GAF
3617	Q2876065	Herrera International Airport	HEX
3618	Q2876031	Green Bay–Austin Straubel International Airport	GRB
3619	Q2876050	Presidente Castro Pinto International Airport	JPA
3620	Q2876048	Piloto Civil Norberto Fernández International Airport	RGL
3621	Q1356892	Hawkins Field	HKS
3622	Q1355808	Rankin Inlet Airport	YRT
3623	Q2875920	Shaybah Airport	
3624	Q2875943	Tanajib Airport	
3625	Q2875922	Siglufjörður Airport	SIJ
3626	Q2875945	São Carlos Airport	QSC
3627	Q2875938	Sisimiut Airport	JHS
3628	Q2875926	Sioux Gateway Airport	SUX
3629	Q2876028	Gatineau-Ottawa Executive Airport	YND
3630	Q2875911	Rurrenabaque Regional and Tourist Airport	RBQ
3631	Q2875918	Savannakhet Airport	ZVK
3632	Q2875916	Sept-Îles Airport	YZV
3633	Q2875908	Rouyn-Noranda Airport	YUY
3634	Q2875909	Ruse Airport	ROU
3635	Q2875915	San Cristóbal Airport	SCY
3636	Q2875913	Selfoss Airport	
3637	Q1406531	Alykel Airport	NSK
3638	Q1407275	Bydgoszcz Ignacy Jan Paderewski Airport	BZG
3639	Q1409415	Le Havre – Octeville Airport	LEH
3640	Q2016903	Inta Airport	INA
3641	Q2009894	Obock Airport	OBC
3642	Q2000703	Kirensk Airport	KCK
3643	Q2011846	Maio Airport	MMO
3644	Q2010105	Lamco Airport	
3645	Q2000691	Krechevitsy Airport	
3646	Q2876027	Westchester County Airport	HPN
3647	Q2876026	Sharurah Domestic Airport	SHW
3648	Q2876005	Þórshöfn Airport	THO
3649	Q2876015	Le Touquet – Élisabeth II Airport	LTQ
3650	Q2876019	New Castle Airport	ILG
3651	Q2876017	Antrim County Airport	ACB
3652	Q2876024	Le Puy – Loudes Airport	LPY
3653	Q2876003	In Aménas Airport	IAM
3654	Q2984444	Khovd Airport	HVD
3655	Q2985800	Gilgit Airport	GIL
3656	Q2984299	Mörön Airport	MXV
3657	Q2985188	Parachinar Airport	PAJ
3658	Q2985129	Sukkur Airport	SKZ
3659	Q2992490	Kursk Vostochny Airport	URS
3660	Q617351	Kindu Airport	KND
3661	Q619575	Berkeley County Airport	
3662	Q619376	Nakhchivan International Airport	NAJ
3663	Q619572	Beverly Municipal Airport	BVY
3664	Q619581	Bethel Regional Airport	
3665	Q619590	Big Sandy Airport	
3666	Q619579	Benson Municipal Airport	BBB
3667	Q617585	Airport Lavumisa	
3668	Q1366065	Yao Airport	
3669	Q1366663	Saga Airport	HSG
3670	Q2876108	Astoria Regional Airport	AST
3671	Q2876124	Rapid City Regional Airport	RAP
3672	Q2876121	Lafayette Regional Airport	LFT
3673	Q2876107	Aberdeen Regional Airport	ABR
3674	Q2876123	Ha'il Regional Airport	HAS
3675	Q2876116	Laramie Regional Airport	LAR
3676	Q2876127	Sioux Falls Regional Airport	FSD
3677	Q604275	La Gomera Airport	GMZ
3678	Q602178	Mobaye Mbanga Airport	
3679	Q603430	Livno Airport	
3680	Q598859	Binaka Airport	GNS
3681	Q601389	Tepoe Airstrip	KCB
3682	Q1368739	Hamilton International Airport	HLZ
3683	Q1367075	Wickenby Aerodrome	
3684	Q1370928	Cherif Al Idrissi Airport	AHU
3685	Q1368593	Iejima Airport	IEJ
3686	Q1368344	Wakkanai Airport	WKJ
3687	Q1367059	Bristol Filton Airport	FZO
3688	Q2902044	Jaime González Airport	CFG
3689	Q2901831	Bahías de Huatulco International Airport	HUX
3690	Q2902763	Asaba International Airport	ABB
3691	Q2902159	Astor Piazzolla International Airport	MDQ
3692	Q2902617	Jefferson County International Airport	TWD
3693	Q2900549	Oakland County International Airport	PTK
3694	Q1415441	London Southend Airport	SEN
3695	Q1414877	Kuria Airport	KUC
3696	Q1413172	Kemi-Tornio Airport	KEM
3697	Q1401995	Warsaw-Modlin Mazovia Airport	WMI
3698	Q1405771	Manston Airport	MSE
3699	Q1378785	French Frigate Shoals Airport	
3700	Q1390825	Ploče Airport	
3701	Q1392310	Bamburi Airport	BMQ
3702	Q1388166	Nakhon Si Thammarat Airport	NST
3703	Q1392430	Pemba Airport	POL
3704	Q2875822	Francazal Airport	
3705	Q2962573	Kempen Airport	
3706	Q2977538	Kankan Airport	KNN
3707	Q2931169	Northeast Iowa Regional Airport	CCY
3708	Q2976623	Tefé Airport	TFF
3709	Q2977154	Faranah Airport	FAA
3710	Q2963647	Seymchan Airport	
3711	Q2949671	Altoona–Blair County Airport	AOO
3712	Q2944786	Ewer Airport	EWE
3713	Q2932134	Christmas Creek Airport	CXQ
3714	Q2930455	Ursel Airbase	
3715	Q1360757	Karpathos National Airport	AOK
3716	Q1361639	Poznań-Ławica Airport	POZ
3717	Q1398381	Durango–La Plata County Airport	DRO
3718	Q1392965	Dodoma Airport	DOD
3719	Q2876740	Wekweètì Airport	YFJ
3720	Q2884441	Jaryaguinskiy Heliport	
3721	Q2886470	Mourmelon Airbase	
3722	Q2876136	Ta’if Regional Airport	TIF
3723	Q2880686	General Pico Airport	GPO
3724	Q2877625	Nanyuki Airport	NYK
3725	Q2877389	Tehini Airport	BQO
3726	Q2876145	Tabuk Regional Airport	TUU
3727	Q2060150	Anvik Airport	ANV
3728	Q2060188	Kotlik Airport	KOT
3729	Q2058359	Sainte Marie Airport	SMS
3730	Q2060296	False Pass Airport	KFP
3731	Q2060348	Alakanuk Airport	AUK
3732	Q1418691	Adschdabiya Airport	
3733	Q1416876	Vigo-Peinador Airport	VGO
3734	Q1373250	Vitebsk Vostochny Airport	VTB
3735	Q1378640	Miyazaki Airport	KMI
3736	Q2980547	Vavaʻu International Airport	VAV
3737	Q2902808	JAGS McCartney International Airport	GDT
3738	Q2902969	Arrachart Airport	DIE
3739	Q2985601	Sevastopol International Airport	UKS
3740	Q2902777	Arua Airport	RUA
3741	Q3243613	Guiyang Longdongbao International Airport	KWE
3742	Q3243622	Ningbo Lishe International Airport	NGB
3743	Q3267344	Ángel Albino Corzo International Airport	TGZ
3744	Q3243402	Ventspils International Airport	VNT
3745	Q2748239	Thunder Bay International Airport	YQT
3746	Q2739813	Fujairah International Airport	FJR
3747	Q2743319	Abha Regional Airport	AHB
3748	Q3016006	Mati Airport	MXI
3749	Q3016266	Independence Municipal Airport	
3750	Q3016218	Neosho Hugh Robinson Airport	EOS
3751	Q3016189	Indianola Municipal Airport	
3752	Q3016235	Ingenio Quisqueya Field	
3753	Q3016272	Naval Air Station Lemoore	NLC
3754	Q3015963	Nulato Airport	NUL
3755	Q3015944	Nunapitchuk Airport	NUP
3756	Q3016254	Indian Lake Airport	
3757	Q3016199	Indianapolis Downtown Heliport	
3758	Q3016210	Iron Crown Airport	
3759	Q3016016	Nebbi Airport	
3760	Q3015988	Neil Armstrong Airport	AXV
3761	Q619825	Bertoua Airport	BTA
3762	Q619835	Betoambari Airport	BUW
3763	Q619837	Bhojpur Airport	BHP
3764	Q619822	Beringin Airport	GXA
3765	Q619845	Bern Airport	BRN
3766	Q2876104	Greater Moncton International Airport	YQM
3767	Q2876084	Sfax–Thyna International Airport	SFA
3768	Q2876082	Sikasso Airport	KSS
3769	Q2876106	"Naxos National Airport ""Apollon"""	JNX
3770	Q2876092	Mount Pleasant Municipal Airport	MOP
3771	Q2876090	Yamoussoukro Airport	ASK
3772	Q2876097	Wauchula Municipal Airport	
3773	Q2896204	Hans Christian Andersen Airport	ODE
3774	Q2892827	Salluit Airport	YZG
3775	Q2886473	Metz-Frescaty Air Base	MZM
3776	Q2895532	Jardines del Rey Airport	CCC
3777	Q2893712	Hay River/Merlyn Carter Airport	YHY
3778	Q2896949	Ramon Airport	ETM
3779	Q3234734	Lanzhou Zhongchuan International Airport	LHW
3780	Q3086140	Ilorin International Airport	ILR
3781	Q3086164	Ignacio Agramonte International Airport	CMW
3782	Q3234818	Hefei Luogang International Airport	
3783	Q619993	Benguela Airport	BUG
3784	Q619977	Bergerac Dordogne Périgord Airport	EGC
3785	Q619959	Big Sandy Regional Airport	
3786	Q619949	Big Creek Airport	
3787	Q619952	Benson Municipal Airport	
3788	Q619940	Bernard's Airport	
3789	Q619947	Biddeford Municipal Airport	
3790	Q619953	Big Beaver Airport	
3791	Q619961	Big Muddy Ranch Airport	
3792	Q619956	Big Sand Lake Airport	
3793	Q619944	Benjina Airport	BJK
3794	Q614687	Gualeguaychú Airport	GHU
3795	Q616894	Krabi Airport	KBV
3796	Q615917	Gällivare Airport	GEV
3797	Q615458	Nyingchi Mainling Airport	LZY
3798	Q2887446	Rock Sound International Airport	RSD
3799	Q2878674	Limón International Airport	LIO
3800	Q2876080	Puerto Suárez International Airport	PSZ
3801	Q2886480	Base aérienne de Ouakam	
3802	Q2876075	Plattsburgh International Airport	PBG
3803	Q1430796	Ángel Adami Airport	
3804	Q1430769	Amami Airport	ASJ
3805	Q1430783	Anaco Airport	AAO
3806	Q1430785	Anaa Airport	AAA
3807	Q1430778	Alta Airport	ALF
3808	Q3273846	General Pedro J. Méndez International Airport	CVM
3809	Q3270994	Yinchuan Hedong International Airport	INC
3810	Q3274238	Chippewa County International Airport	CIU
3811	Q3273831	Glacier Park International Airport	FCA
3812	Q3274023	Laguindingan Airport	CGY
3813	Q3016323	Naval Outlying Field Summerdale	
3814	Q3016364	Naval Outlying Field Spencer	
3815	Q3016300	Ishasha Airport	
3816	Q3016289	Isiolo Airport	
3817	Q3016331	Needles Airport	EED
3818	Q3016367	Naval Air Station Joint Reserve Base Fort Worth	FWH
3819	Q3016378	Independence Airport	
3820	Q3016303	Independence State Airport	
3821	Q3016411	Ironhead Airport	
3822	Q3016347	Naval Air Station Houma	
3823	Q3016338	Naval Air Station Oakland	
3824	Q3016396	Naval Air Station Squantum	
3825	Q3016349	Nelson Ranch Airport	
3826	Q2901224	Baise Bama Airport	AEB
3827	Q2901155	Azua Dominican Field	
3828	Q2901167	Bahía Tortugas Airfield	
3829	Q2901232	J. Lynn Helms Sevier County Airport	
3830	Q2901234	Okinoerabu Airport	OKE
3831	Q2901193	Northeast Ohio Regional Airport	JFN
3832	Q2901204	Jixi Xingkaihu Airport	JXA
3833	Q2901208	Joliet Regional Airport	JOT
3834	Q2901219	Avi Suquilla Airport	
3835	Q2901159	Johnson Creek Airport	
3836	Q2901163	Oakland Southwest Airport	
3837	Q2900584	Austin Municipal Airport	AUM
3838	Q2900393	Andøya Airport	ANX
3839	Q2900512	Ayawasi Airport	AYW
3840	Q2900561	Austin Airport	ASQ
3841	Q2900502	Arnold Field	
3842	Q2900556	Auberge Des Fleurs Airport	
3843	Q2899363	Florø Airport	FRO
3844	Q630524	Tallinn Airport	TLL
3845	Q628429	Aomori Airport	AOJ
3846	Q625782	Jinhae Airport	CHF
3847	Q629769	Dibba Airport	BYB
3848	Q2900808	Ocean Reef Club Airport	OCA
3849	Q2900733	Ashe County Airport	
3850	Q2900701	Joplin Regional Airport	JLN
3851	Q2900707	Jacquinot Bay Airport	JAQ
3852	Q2900727	Jaisalmer Airport	JSA
3853	Q2900722	Arthur Dunn Airpark	
3854	Q2900755	Backachers Ranch Airport	
3855	Q2900738	Jenkins Airport	
3856	Q2900746	Ochs Private Airport	
3857	Q2900695	Southern Nevada Supplemental Airport	
3858	Q2900751	Atkamba Airport	ABP
3859	Q2900681	Oakdale Airport	ODC
3860	Q2900627	Jim Hamilton – L.B. Owens Airport	CUB
3861	Q2900666	Jiaxing Nanhu Airport	JNH
3862	Q2900645	Oconee County Regional Airport	CEU
3863	Q2900611	John F. Kennedy Memorial Airport	ASX
3864	Q2900621	Atlanta Airport	
3865	Q2900660	Arnold Field	
3866	Q2900651	Islesboro Airport	
3867	Q2900638	Johnsons Strawberry Farm Airport	
3868	Q2900594	Ogle County Airport	
3869	Q2900686	Ashland Municipal Airport	AHM
3870	Q619720	Bhuntar Airport	KUU
3871	Q619666	Biała Podlaska Airport	BXP
3872	Q619716	Bhuj Airport	BHJ
3873	Q619672	Bidar Airport	IXX
3874	Q619817	Béziers Cap d'Agde Airport	BZR
3875	Q619753	Big Hook Wilderness Camp Water Aerodrome	
3876	Q619755	Big River Airport	
3877	Q619674	Bicester Airfield	
3878	Q1421837	René Mouawad Airport	KYE
3879	Q1422799	Centennial Airport	APA
3880	Q3497747	Morava Airport	KVO
3881	Q3498820	Antonio Roldán Betancourt Airport	APO
3882	Q3496971	East London Airport	ELS
3883	Q3497345	Maiduguri International Airport	MIU
3884	Q3497354	Akanu Ibiam International Airport	ENU
3885	Q3016436	Independence Municipal Airport	IDP
3886	Q3016543	Inuvik (Mike Zubko) Airport	YEV
3887	Q3016552	Inukjuak Airport	YPH
3888	Q3016422	Ingersoll Airport	
3889	Q3016500	Nelson Airport	ZNL
3890	Q3016517	Imperial Airport	
3891	Q3016536	Iroquois Airport	
3892	Q3016415	Naval Air Station Sanford	
3893	Q3016525	Neepawa Airport	
3894	Q3016427	Nehalem Bay State Airport	
3895	Q3016489	Neilburg Airport	
3896	Q3016484	Nekweaga Bay Airport	
3897	Q3016449	Naval Air Facility El Centro	NJK
3898	Q2901280	Ayapel Airport	AYA
3899	Q2901260	Balclutha Aerodrome	
3900	Q2901283	Bagabag Airport	
3901	Q2901334	Jesse Viertel Memorial Airport	
3902	Q2901272	Oeiras Airport	
3903	Q2901247	Awaba Airport	AWB
3904	Q2901296	Bagasbas Airport	DTE
3905	Q2901327	Babo Airport	BXB
3906	Q2901321	Augusta Municipal Airport	
3907	Q2901292	Azare Airstrip	
3908	Q1424725	Arad International Airport	ARW
3909	Q1423278	Osijek Airport	OSI
3910	Q3015351	Región de Murcia International Airport	RMU
3911	Q3015545	Necochea Airport	NEC
3912	Q3015527	Naval Auxiliary Landing Field Fentress	
3913	Q3015536	Inongo Airport	INO
3914	Q3015471	Nuiqsut Airport	NUI
3915	Q3015859	Inyokern Airport	IYK
3916	Q3015597	Indiana County-Jimmy Stewart Airport	IDI
3917	Q3015507	Indian Creek USFS Airport	
3918	Q3015765	Nouna Airport	XNU
3919	Q2901021	Jeh Airport	JEJ
3920	Q2901027	Balmaceda Airport	BBA
3921	Q2901147	Oktyabrsky Airport	OKT
3922	Q2901010	Janakpur Airport	JKR
3923	Q2901042	Bamenda Airport	BPC
3924	Q2901128	Jackpot Airport	KPT
3925	Q2901137	Athens Municipal Airport	
3926	Q2901000	Aur Airport	AUL
3927	Q2900814	Aykhal Airport	
3928	Q2900990	Aviador Carlos Campos Airport	CPC
3929	Q2900954	Jagdalpur Airport	JGB
3930	Q2900847	Bagdogra Airport	IXB
3931	Q2900879	Jasper Ridge Airstrip	
3932	Q2900983	Johnston Atoll Airport	
3933	Q2900888	Odessa/Strawberry Lakes Aerodrome	
3934	Q2900894	Joaquín de Agüero Airport	
3935	Q619915	Berens River Airport	YBV
3936	Q619876	Berlevåg Airport	BVG
3937	Q619881	Benin Airport	BNI
3938	Q619918	Benham Airport	
3939	Q619924	Betz Airport	
3940	Q619935	Bernam River Airfield	
3941	Q620005	Bharatpur Airport	BHR
3942	Q619997	Bethel Airport	BET
3943	Q620026	Bentiu Airport	
3944	Q620028	Bezymyanka Airport	
3945	Q620034	Benton Field	BZF
3946	Q620032	Bettles Airport	BTT
3947	Q1430713	A Coruña Airport	LCG
3948	Q1430723	Afyon Airport	AFY
3949	Q1431005	Brønnøysund Airport, Brønnøy	BNN
3950	Q1431028	Buriram Airport	BFV
3951	Q1431035	Bălți City Airport	
3952	Q1431038	Caen – Carpiquet Airport	CFR
3953	Q1431012	Brussels South Charleroi Airport	CRL
3954	Q3014972	Iowa City Municipal Airport	IOW
3955	Q3015001	Indianapolis Metropolitan Airport	UMP
3956	Q3014736	Nelson Lagoon Airport	NLG
3957	Q3014879	Inisheer Aerodrome	INQ
3958	Q3015050	Indianapolis Regional Airport	
3959	Q3014964	Isbell Field	
3960	Q3015021	Naval Outlying Field Coupeville	
3961	Q3014528	Nebraska City Municipal Airport	
3962	Q3014903	Navojoa Airport	
3963	Q3014982	Inverness Airport	
3964	Q3014945	Indian Mountain LRRS Airport	UTO
3965	Q3014507	Imeson Field	
3966	Q637948	Maradi Airport	MFQ
3967	Q1430759	Amapá Airport	
3968	Q1430749	Akureyri Airport	AEY
3969	Q3239110	Senai International Airport	JHB
3970	Q3235708	Shaikh Zayed International Airport	RYK
3971	Q3238282	Hohhot Baita International Airport	HET
3972	Q3238350	Nanning Wuxu International Airport	NNG
3973	Q2902065	Jičín Airport	
3974	Q2902032	Auki Gwaunaru'u Airport	AKS
3975	Q2902086	Jolo Airport	JOL
3976	Q2902133	Aurukun Airport	AUU
3977	Q2902126	Jaluit Airport	UIT
3978	Q2902106	Balchik Airfield	
3979	Q3084534	Humboldt Municipal Airport	HUD
3980	Q3084586	Igiugig Airport	IGG
3981	Q3084717	Hutchinson County Airport	BGD
3982	Q3084356	Ifrane Airport	
3983	Q3084546	Iberia Airport	IBP
3984	Q3084603	Humboldt Airport	
3985	Q3084555	Huntsville (North) Water Aerodrome	
3986	Q3084663	Huntsville/Bella Lake Water Aerodrome	
3987	Q3084613	Huntsville/Deerhurst Resort Airport	
3988	Q3084726	IIT Kanpur Airport	
3989	Q3084641	Île aux Coudres Airport	
3990	Q3084623	Ignace Municipal Airport	ZUC
3991	Q3275527	Chingozi Airport	TET
3992	Q3274478	General Francisco Javier Mina International Airport	TAM
3993	Q3275110	Ciudad Acuña International Airport	ACN
3994	Q3275128	Gerardo Tobar López Airport	BUN
3995	Q3274636	Peoria International Airport	PIA
3996	Q3274472	General Guadalupe Victoria International Airport	DGO
3997	Q1425537	Djerba–Zarzis International Airport	DJE
3998	Q2901606	Ocean City Municipal Airport	OCE
3999	Q2901528	Jimmy Carter Regional Airport	
4000	Q2901554	John C. Tune Airport	
4001	Q2901593	Auguste George Airport	NGD
4002	Q2901589	Artesia Municipal Airport	ATS
4003	Q2901510	John H. Batten Airport	RAC
4004	Q2901607	Bambari Airport	BBY
4005	Q2901581	Austin Executive Airpark	
4006	Q2901520	Ocean Ridge Airport	
4007	Q2901500	Aurora Municipal Airport	AUZ
4008	Q2901599	Avenger Field	SWW
4009	Q2901569	Baigua Field	
4010	Q1431045	Calvi – Sainte-Catherine Airport	CLY
4011	Q1431062	Castellón-Costa Azahar Airport	CDT
4012	Q1431051	Le Castellet airport	CTT
4013	Q1431065	Cayo Coco Airport	CCC
4014	Q1431046	Cascais Municipal Aerodrome	CAT
4015	Q620037	Bicycle Lake Army Airfield	BYS
4016	Q620043	Beru Island Airport	BEZ
4017	Q620051	Big Creek Airport	BGK
4018	Q620063	Bensbach Airport	BSP
4019	Q620047	Bhadrapur Airport	BDP
4020	Q620071	Bethlehem Airport	
4021	Q620075	Benton Municipal Airport	
4022	Q620061	Bero Field	
4023	Q620053	Białystok-Krywlany Airport	
4024	Q620068	Bibb County Airport	
4025	Q3015305	Ine Airport	IMI
4026	Q3015261	Navrongo Airport	
4027	Q3015083	Indianapolis Executive Airport	
4028	Q3015130	Ipil Airport	IPE
4029	Q3015273	Naval Air Warfare Center Warminster	
4030	Q3015267	Island Lake Airport	YIV
4031	Q3015060	Nut Tree Airport	VCB
4032	Q3015106	Inspiration Airport	
4033	Q3015290	N'Délé Airport	NDL
4034	Q3015091	Nyeri Airport	NYE
4035	Q3015312	Inhambane Airport	INH
4036	Q3085046	Ihu Airport	IHU
4037	Q3084992	Huntington Municipal Airport	
4038	Q3084949	Ilebo Airport	PFR
4039	Q3085034	Huron County Memorial Airport	
4040	Q3085001	Hwange National Park Airport	HWN
4041	Q3084942	Humacao Airport	HUC
4042	Q3085044	Hyon Ni Airport	
4043	Q3085022	Ihyon Airport	
4044	Q3085011	Illinois Valley Airport	
4045	Q1430931	Ban Huoeisay Airport	HOE
4046	Q1430951	Bastia – Poretta Airport	BIA
4047	Q1430948	Baucau Airport	BCH
4048	Q1430946	Be'er Sheva Airport	BEV
4049	Q3016810	Nay Pyi Taw International Airport	NYT
4050	Q3083185	Gao International Airport	GAQ
4051	Q3085934	Iloilo International Airport	ILO
4052	Q3016766	"Ioannina National Airport ""King Pyrros"""	IOA
4053	Q3016614	Nemba Airport	
4054	Q3016701	Indigo Bay Lodge Airport	IBL
4055	Q3016621	Ipota Airport	IPA
4056	Q3016603	Inishmaan Aerodrome	IIA
4057	Q3016678	Imperial County Airport	IPL
4058	Q3016636	Nemiscau Airport	YNS
4059	Q3016595	Inishmore Aerodrome	IOR
4060	Q3016588	Néma Airport	EMN
4061	Q1430974	Braga Airport	BGZ
4062	Q1430977	Branson Airport	BKG
4063	Q1430971	Boise Airport	BOI
4064	Q1430976	Bragança Airport	BGC
4065	Q3084809	Idiofa Airport	IDF
4066	Q3084732	Hutchinson Municipal Airport	
4067	Q3084752	Idaho County Airport	IDH
4068	Q3084862	Huntsville Regional Airport	HTV
4069	Q3084881	Hummel Field	
4070	Q3084771	Humphreys County Airport	
4071	Q3084780	Huntsville Municipal Airport	
4072	Q3084890	Hwangsuwon Airport	
4073	Q3084743	Hyampom Airport	
4074	Q3084829	Hyde County Airport	
4075	Q3084817	Hyesan Airfield	
4076	Q3084800	Ichon Northeast Airport	
4077	Q3506282	Stephenville International Airport	YJT
4078	Q3499628	Domine Eduard Osok International Airport	SOQ
4079	Q3499545	Al Najaf International Airport	NJF
4080	Q3505324	Vilo Acuña Airport	CYO
4081	Q3499608	Exuma International Airport	GGT
4082	Q3498937	Puerto Escondido International Airport	PXM
4083	Q1430981	Perm International Airport	PEE
4084	Q1431001	Brač Airport	BWK
4085	Q1430989	Brescia Airport	VBS
4086	Q3086073	Îles-de-la-Madeleine Airport	YGR
4087	Q3085740	Iliamna Airport	ILI
4088	Q3086051	Ilford Airport	ILF
4089	Q3085806	Ilulissat Airport	JAV
4090	Q3085923	Igloolik Airport	YGT
4091	Q3085060	Huron Regional Airport	HON
4092	Q3085079	Ilo Airport	ILQ
4093	Q3085442	Idaho Falls Regional Airport	IDA
4094	Q3085095	Iba Airport	
4095	Q3085191	Humaitá Airport	HUW
4096	Q3085214	Huizhou Airport	HUZ
4097	Q3085097	Humboldt Municipal Airport	
4098	Q3085086	Hunsdon Airfield	
4099	Q3085109	Huntington Municipal Airport	
4100	Q3085668	Icy Bay Airport	ICY
4101	Q1431193	De Kooy Airfield	DHR
4102	Q1431182	Dalanzadgad Airport	DLZ
4103	Q1431199	Denizli Çardak Airport	DNZ
4104	Q1430810	Annecy – Haute-Savoie – Mont Blanc Airport	NCY
4105	Q1430806	Hatay Airport	HTY
4106	Q1430805	Anapa Airport	AAQ
4107	Q1430822	Andrés Sabella Airport	ANF
4108	Q1430802	Angoulême – Brie – Champniers Airport	ANG
4109	Q1430894	Atyrau Airport	GUW
4110	Q1430905	Aurillac Airport	AUR
4111	Q2901736	Aurora Municipal Airport	
4112	Q2901764	Jack Barstow Municipal Airport	
4113	Q2901720	Jonesville Mine Airport	
4114	Q2901817	Ji-Paraná Airport	JPR
4115	Q2901783	Auburn/Lewiston Municipal Airport	LEW
4116	Q2901827	Bacacheri Airport	BFH
4117	Q2901731	Ocean City Municipal Airport	
4118	Q2901743	Ashland County Airport	
4119	Q2901712	Ocotillo Airport	
4120	Q2901757	Bade Airport	BXD
4121	Q3017621	Immokalee Airport	IMM
4122	Q3017096	Naval Outlying Field Barin	NHX
4123	Q3017215	Ishurdi Airport	IRD
4124	Q3017144	Negage Airport	GXG
4125	Q3017086	Naval Auxiliary Landing Field San Clemente Island	
4126	Q3017740	Nusatupe Airport	GZO
4127	Q3017125	Naval Air Station Joint Reserve Base New Orleans	NBG
4128	Q3017805	Isfara Airport	
4129	Q3017130	Nazran Airport	
4130	Q3017076	Naval Air Station Jacksonville	NIP
4131	Q1431106	Cold Bay Airport	CDB
4132	Q1431127	Comiso Airport	CIY
4133	Q1431102	Colmar-Houssen Airport	CMR
4134	Q1431113	Ciudad Real Central Airport	CQM
4135	Q1431123	Clermont-Ferrand Auvergne Airport	CFE
4136	Q1431249	El Hierro Airport	VDE
4137	Q1431260	Enfidha–Hammamet International Airport	NBE
4138	Q1431244	Elazığ Airport	EZS
4139	Q1430826	Aktau Airport	SCO
4140	Q1430828	Aosta Valley Airport	AOT
4141	Q1430836	Aktobe International Airport	AKX
4142	Q1430852	Artigas Airport	ATI
4143	Q1430853	Arcata-Eureka Airport	ACV
4144	Q3084258	Illinois Valley Regional Airport	VYS
4145	Q3080337	Boende Airport	BNB
4146	Q3018067	In Salah Airport	INZ
4147	Q3073279	Haradh Airport	
4148	Q3045688	Hafar Al-Batin Domestic Airport	KMC
4149	Q3017824	Innisfail Airport	
4150	Q3018293	Iroquois Falls Airport	
4151	Q3049018	Nerlerit Inaat Airport	CNP
4152	Q2902235	Ashland Regional Airport	
4153	Q2902261	Jimani Field	
4154	Q2902231	Arnold Palmer Regional Airport	LBE
4155	Q2902252	Attawapiskat Airport	YAT
4156	Q2902212	Oban Airport	OBN
4157	Q2902253	Jefferson City Memorial Airport	JEF
4158	Q2902268	Arnprior Water Aerodrome	
4159	Q2902228	Arnstein Airport	
4160	Q2902285	Ashern Airport	
4161	Q2902271	Atikokan Water Aerodrome	
4162	Q2902287	Baddeck (Crown Jewel) Airport	
4163	Q2902238	John D'Or Prairie Aerodrome	
4164	Q2902219	Obre Lake/North of Sixty Airport	YDW
4165	Q2902273	Arthur N. Neu Airport	CIN
4166	Q2902480	Baker Municipal Airport	
4167	Q2902444	Itaituba Airport	ITB
4168	Q2902409	Ohio State University Airport	OSU
4169	Q2902472	Oceanside Municipal Airport	OCN
4170	Q2902435	Jacksonville Executive at Craig Airport	CRG
4171	Q2902452	Jaffrey Airport – Silver Ranch Airpark	AFN
4172	Q2902459	Baker City Municipal Airport	BKE
4173	Q2902476	Atlantic Municipal Airport	AIO
4174	Q2902415	Arthur (Peskett Field) Aerodrome	
4175	Q2902428	Asahikawa Air Field	
4176	Q1430736	Agen La Garenne Airport	AGF
4177	Q1430726	Adıyaman Airport	ADF
4178	Q1430731	Adisucipto Airport	JOG
4179	Q1430743	Aktion National Airport	PVK
4180	Q2901444	Ashland/Lineville Airport	
4181	Q2901466	Jandakot Airport	JAD
4182	Q2901475	Auburn University Regional Airport	AUO
4183	Q2901339	Atuona Airport	AUQ
4184	Q2901479	Arnold Airstrip	
4185	Q2901409	Arthur (Metz Field) Aerodrome	
4186	Q2901419	Arviat Water Aerodrome	
4187	Q2901486	Atlanta Municipal Airport	
4188	Q2901423	Auburn Municipal Airport	
4189	Q2901394	Jean Airport	
4190	Q2901432	Oakes Municipal Airport	
4191	Q2901381	Jim Kelly Field	LXN
4192	Q2902186	Asheboro Regional Airport	
4193	Q2902195	Isle of Wight/Sandown Airport	
4194	Q2902176	Jenpeg Airport	ZJG
4195	Q2902151	Ashburton Aerodrome	ASG
4196	Q2902206	Assiniboia Airport	
4197	Q2902165	Baldwin Airport	
4198	Q2902199	Joliette Airport	
4199	Q2902141	Balalae Airport	BAS
4200	Q2902185	Athabasca Airport	
4201	Q1430662	University of Illinois Willard Airport	CMI
4202	Q1430350	Floyd Bennett Field	
4203	Q1430914	Coronel FAP Alfredo Mendívil Duarte Airport	AYP
4204	Q1430916	Avignon – Caumont Airport	AVN
4205	Q1430922	Balakovo Airport	BWO
4206	Q620082	Berlin Regional Airport	BML
4207	Q620090	Benjamín Rivera Noriega Airport	CPX
4208	Q620095	Berdiansk Airport	ERD
4209	Q620446	Lublin Airport	LUZ
4210	Q620101	Biarritz – Anglet – Bayonne Airport	BIQ
4211	Q620078	Bermejo Airport	BJO
4212	Q3456412	Great Falls International Airport	GTF
4213	Q3434640	Larestan International Airport	LRR
4214	Q3433938	Konarak Airport	ZBR
4215	Q3385055	Brownsville/South Padre Island International Airport	BRO
4216	Q3443067	Payam International Airport	PYK
4217	Q3457490	Kalamazoo/Battle Creek International Airport	AZO
4218	Q1431308	"Foggia ""Gino Lisa"" Airport"	FOG
4219	Q1431316	Frederico Westphalen Airport	
4220	Q1431320	Fort St. John Airport	YXJ
4221	Q1431319	Flores Airport	FLW
4222	Q2901640	Audubon County Airport	
4223	Q2901667	Bahía Ballenas Airstrip	
4224	Q2901648	Augusta State Airport	AUG
4225	Q2901627	Bagdad Airport	BGT
4226	Q2901694	Atmautluak Airport	ATT
4227	Q2901636	Johnson County Executive Airport	OJC
4228	Q2901620	Bader Field	AIY
4229	Q2901659	Johnson Field	
4230	Q2901673	Arthur (Arthur South) Aerodrome	
4231	Q2901697	Bacolod City Domestic Airport	
4232	Q2901682	Jensens Strip	
4233	Q2901652	Jonesboro Airport	
4234	Q2901680	Oie Lake/Dougall Campbell Field Aerodrome	
4235	Q2901709	Aspen/Pitkin County Airport	ASE
4236	Q3490779	Kunovice Airport	UHE
4237	Q3496664	Abel Santamaría Airport	SNU
4238	Q3465662	Madurai International Airport	IXM
4239	Q3496541	"Albrook ""Marcos A. Gelabert"" International Airport"	PAC
4240	Q3495781	Resistencia International Airport	RES
4241	Q3495906	Vance W. Amory International Airport	NEV
4242	Q1431087	"Châteauroux-Centre ""Marcel Dassault"" Airport"	CHR
4243	Q1431085	Khasab Airport	KHS
4244	Q1431074	Chaves Airport	CHV
4245	Q1431086	Charlottetown Airport	YYG
4246	Q1431066	The Eastern Iowa Airport	CID
4247	Q1431076	Chambéry Airport	CMF
4248	Q631235	Dr. Antonio Nicolás Briceño Airport	VLV
4249	Q631430	Kangerlussuaq Airport	SFJ
4250	Q631156	Aldan Airport	ADH
4251	Q630703	"Sitia Public Airport ""Vitsentzos Kornaros"""	JSH
4252	Q3277758	Duluth International Airport	DLH
4253	Q3275990	Cap. FAP José A. Quiñones Gonzáles International Airport	CIX
4254	Q3275688	Charles Kirkconnell International Airport	CYB
4255	Q3294586	Appleton International Airport	ATW
4256	Q3275909	General Enrique Mosconi International Airport	CRD
4257	Q3566301	Minot International Airport	MOT
4258	Q3536484	Roswell International Air Center	ROW
4259	Q3565547	Missoula International Airport	MSO
4260	Q3566524	Midland International Airport	MAF
4261	Q3545149	Laughlin/Bullhead International Airport	IFP
4262	Q3566281	Mfuwe Airport	MFU
4263	Q3565752	Minna Airport	MXJ
4264	Q3016981	Naval Outlying Field San Nicolas Island	
4265	Q3016844	Nyac Airport	ZNC
4266	Q3016787	Inagua Airport	IGA
4267	Q3017031	Nunukan Airport	NNX
4268	Q3016916	Indus/Winters Aire Park Airport	
4269	Q3016927	Ingenika Airport	
4270	Q3017058	Ionia County Airport	
4271	Q3016969	Isla San Marcos Airstrip	
4272	Q3016934	Nueltin Lake Airport	
4273	Q3016866	Nejanilini Lake Airport	YNN
4274	Q2902379	Bakhuys Airstrip	
4275	Q2902298	Bafoulabé Airport	
4276	Q2902402	Itbayat Airport	
4277	Q2902309	Johnson Lake Airport	
4278	Q2902372	Oakland/Troy Airport	
4279	Q2902323	Ogoki Post Airport	YOG
4280	Q2902296	Atwood Airport	
4281	Q2902386	B Bar Ranch Airport	
4282	Q2902291	Jackass Aeropark	
4283	Q2902320	Jan Lake Airport	
4284	Q2902395	Jantzer Airport	
4285	Q2902301	Jean Marie River Airport	
4286	Q2902318	Jones Field	
4287	Q2902351	Jhansi Airport	
4288	Q2901846	José Aponte de la Torre Airport	NRR
4289	Q2901855	Odienné Airport	KEO
4290	Q2901843	Bajhang Airport	BJH
4291	Q2901853	Arthur's Town Airport	ATC
4292	Q2901837	Arso Airport	ARJ
4293	Q2901878	Jinja Airport	JIN
4294	Q2901871	Bafoussam Airport	BFX
4295	Q3187886	Jubail Airport	
4296	Q3206610	Hongyuan Airport	AHJ
4297	Q3178230	Hanzhong Chenggu Airport	HZG
4298	Q3206567	Holiday Airport	
4299	Q3206617	Horizon Airport	
4300	Q3206587	Houston County Airport	
4301	Q3188822	Gaggal Airport	DHM
4302	Q3206591	Houlton International Airport	HUL
4303	Q3179044	Zanaga Airport	ANJ
4304	Q2902825	Jorge Enrique González Torres Airport	SJE
4305	Q2902794	Jiwani Airport	JIW
4306	Q2902745	Oamaru Airport	OAM
4307	Q2902769	Oława-Stanowice Airport	
4308	Q2902785	José Celestino Mutis Airport	BSC
4309	Q2902801	Jabot Airport	JAT
4310	Q2902817	Awang Airport	CBO
4311	Q3661908	Istanbul Airport	IST
4312	Q3595649	Kannur International Airport	CNN
4313	Q3613163	Mopah International Airport	MKQ
4314	Q3606099	Toliara Airport	TLE
4315	Q3206633	Aketi Airport	
4316	Q3206656	South Texas Regional Airport at Hondo	
4317	Q3206770	Hopedale Industrial Park Airport	
4318	Q3206702	Hope Airport	
4319	Q3206635	Holtville Airport	
4320	Q3206625	Honey Acres Airport	
4321	Q3206712	Hoopa Airport	
4322	Q3206684	Hoover Field	
4323	Q3206761	Hope Brook Aerodrome	
4324	Q3206751	Hope Municipal Airport	
4325	Q3206645	Houston Municipal Airport	
4326	Q3206675	Huai'an Lianshui Airport	HIA
4327	Q645232	Saint-Étienne-Loire Airport	EBU
4328	Q650075	McComb-Pike County Airport	MCB
4329	Q650116	Medicine Hat/Schlenker Airport	
4330	Q649942	Mariquita Airport	MQU
4331	Q649964	McAlester Regional Airport	MLC
4332	Q650085	Marion Municipal Airport	MZZ
4333	Q650113	Marlin Airport	
4334	Q650081	Marlboro County Jetport	BTN
4335	Q649914	Marr Field	
4336	Q650069	Massenya Airport	
4337	Q650103	McArthur River Airport	
4338	Q650104	Merillat Airport	
4339	Q650108	Mary's Harbour Airport	YMH
4340	Q650060	Marshfield Municipal Airport	
4341	Q1430874	Arvidsjaur Airport	AJR
4342	Q1430859	Aspern Airport	
4343	Q623400	Wonju Airport	WJU
4344	Q3207552	Mangya Airport	HTT
4345	Q3207464	Hubballi Airport	HBX
4346	Q3207533	Hood Aerodrome	MRO
4347	Q3207571	Hugoton Municipal Airport	
4348	Q3207581	Houston County Airport	
4349	Q3207537	Houston Southwest Airport	
4350	Q3207560	Hosur Airport	
4351	Q3207472	Hoonah Airport	HNH
4352	Q3207523	Hola Airport	HOA
4353	Q3207504	Hughes Airport	HUS
4354	Q3207415	Holbrook Municipal Airport	HBK
4355	Q3813536	Calexico International Airport	CXL
4356	Q3888046	Harrisburg International Airport	MDT
4357	Q3812243	Noida International Airport	DXN
4358	Q3813677	Cabo Frio International Airport	CFB
4359	Q3884833	Bugesera International Airport	
4360	Q3100416	Ypenburg Airport	
4361	Q3086468	"Ikaria National Airport ""Icarus"""	JIK
4362	Q3087136	Hyderabad Airport	HDD
4363	Q3086150	Iférouane Airport	
4364	Q3086463	Ignace Water Aerodrome	
4365	Q3086121	Île-à-la-Crosse Airport	
4366	Q3086113	Isle-aux-Grues Airport	
4367	Q1431211	City of Derry Airport	LDY
4368	Q1431207	Desierto de Atacama Airport	CPO
4369	Q2901938	Austin Executive Airport	
4370	Q2901972	Balen-Keiheuvel Aerodrome	
4371	Q2902013	Okadama Airport	OKD
4372	Q2901911	Okmulgee Regional Airport	OKM
4373	Q2901903	Baimuru Airport	VMU
4374	Q2901996	Arxan Yi'ershi Airport	YIE
4375	Q2901946	Atqasuk Edward Burnell Sr. Memorial Airport	ATK
4376	Q2901892	Augusta Regional Airport	AGS
4377	Q2901953	Baker Airport	
4378	Q2901928	Jim's Airstrip	
4379	Q2901886	John Bell Williams Airport	
4380	Q644963	Maya-Maya Airport	BZV
4381	Q644133	Pagadian Airport	PAG
4382	Q2902547	Athboy Aerodrome	
4383	Q2902514	Atwood–Rawlins County City–County Airport	
4384	Q2902490	Jack Brooks Regional Airport	BPT
4385	Q2902527	Athens Ben Epps Airport	AHN
4386	Q2902568	Jonesboro Municipal Airport	JBR
4387	Q2902486	Okeechobee County Airport	OBE
4388	Q2902562	Ogden-Hinckley Airport	OGD
4389	Q2902537	Aubrey Mountain Airstrip	
4390	Q2902519	Axe Lake Aerodrome	
4391	Q2902560	Iwon Airport	
4392	Q2902506	Jacumba Airport	
4393	Q2902553	Oceano County Airport	
4394	Q3242002	Tweed-New Haven Regional Airport	HVN
4395	Q2903205	Assumption Island Airport	
4396	Q2903150	Asau Airport	AAU
4397	Q2903185	Okha Airport	OHH
4398	Q2903313	Arnes Airport	
4399	Q2903253	Arnprior Airport	
4400	Q2903337	Arthur (Walter's Field) Aerodrome	
4401	Q2903194	Arthur Airport	
4402	Q2903319	Atwood/Coghlin Airport	
4403	Q2903307	Baie-Comeau (Manic 1) Airport	
4404	Q2903329	Oak Hammock Air Park Airport	
4405	Q2903165	Shanghai Jiangwan Airport	
4406	Q649119	McMinn County Airport	MMI
4407	Q647253	Enschede Airport Twente	ENS
4408	Q649221	Marshall County Airport	
4409	Q649195	McKellar-Sipes Regional Airport	MKL
4410	Q649243	Merritt Island Airport	COI
4411	Q649136	Medina Municipal Airport	
4412	Q649207	Mehsana Airport	
4413	Q649213	Vincent Fayks Airport	OEM
4414	Q4273083	Kualanamu International Airport	KNO
4415	Q4342531	Palenque International Airport	PQM
4416	Q4111595	Havryshivka Vinnytsia International Airport	VIN
4417	Q4115512	Sohag International Airport	HMB
4418	Q4189775	Tanga Airport	TGT
4419	Q1431265	Erzurum Airport	ERZ
4420	Q1431293	Van Ferit Melen Airport	VAN
4421	Q1431262	Erzincan Airport	ERC
4422	Q1431269	Hasan Polatkan Airport	AOE
4423	Q1431300	Figari Sud-Corse Airport	FSC
4424	Q1431291	Flin Flon Airport	YFO
4425	Q3232281	Yandina Airport	XYA
4426	Q3212151	Paros National Airport	PAS
4427	Q3232076	Suavanao Airport	VAO
4428	Q3207625	Hope Bay Aerodrome	UZM
4429	Q3234757	Xishuangbanna Gasa International Airport	JHG
4430	Q3207615	Houma-Terrebonne Airport	HUM
4431	Q3219935	Lawson Army Airfield	LSF
4432	Q632829	Aurora State Airport	
4433	Q632277	Almería Airport	LEI
4434	Q634688	Siófok-Kiliti Airport	SFK
4435	Q636824	Agostinho Neto Airport	NTO
4436	Q1431146	Craiova Airport	CRA
4437	Q1431133	Coventry Airport	CVT
4438	Q1431141	Corvo Airport	CVU
4439	Q4059807	Akron Fulton International Airport	AKC
4440	Q3914644	Gombe Lawanti International Airport	GMO
4441	Q3912835	Region of Waterloo International Airport	YKF
4442	Q3914227	Frederick Douglass Greater Rochester International Airport	ROC
4443	Q3914496	Greenville-Spartanburg International Airport	GSP
4444	Q3913365	Greater Southwest International Airport	GSW
4445	Q3913646	Grant County International Airport	MWH
4446	Q3207331	Hornepayne Municipal Airport	YHN
4447	Q3207364	Hopedale Airport	YHO
4448	Q3207313	Hudson Bay Airport	YHB
4449	Q3207300	Hudson's Hope Airport	YNH
4450	Q3207120	Horace Williams Airport	
4451	Q3207123	Hoskins Airport	HKN
4452	Q3207342	Holland Landing Airpark	
4453	Q3207359	Homewood Airport	
4454	Q3207111	Honald Ranch Airport	
4455	Q3207322	Hoopers Lake Water Aerodrome	
4456	Q3207350	Hornepayne Water Aerodrome	
4457	Q3207308	Houston Aerodrome	
4458	Q3207371	Hudson Water Aerodrome	
4459	Q3207060	Houston County Airport	
4460	Q3207021	Houston Gulf Airport	SPX
4461	Q3207011	Hopkinsville-Christian County Airport	
4462	Q3206987	Houston Executive Airport	
4463	Q3207075	Hoxton Park Airport	
4464	Q3207051	Horizon Airport	
4465	Q3206969	Holiday Sky Ranch Airport	
4466	Q3206994	Homestead General Aviation Airport	
4467	Q3207102	Hooker Municipal Airport	
4468	Q3207085	Hot Springs Airport	
4469	Q3207066	Hualapai Airport	
4470	Q3207043	Holy Cross Airport	HCR
4471	Q3206977	Horn Island Airport	HID
4472	Q651511	Marsa Brega Airport	LMQ
4473	Q651533	Melfi Airport	MEF
4474	Q651520	Máximo Gómez Airport	AVI
4475	Q651576	Mayaguana Airport	MYG
4476	Q651525	Niuafoʻou Airport	NFO
4477	Q651562	Matei Airport	TVU
4478	Q2902722	Jorge Isaacs Airport	MCJ
4479	Q2902724	Ohkay Owingeh Airport	ESO
4480	Q2902738	Balurghat Airport	RGH
4481	Q2902692	Jodhpur Airport	JDH
4482	Q2902663	Joaçaba Airport	JCB
4483	Q2902684	Jharsuguda Airport	JRG
4484	Q2902713	Baie-Comeau Airport	YBC
4485	Q650346	Merrill Field	MRI
4486	Q650315	Melun Villaroche Aerodrome	
4487	Q650457	Mark Reynolds/North Mobile County Airport	
4488	Q650497	Melbourne Aerodrome	
4489	Q650388	Maryborough Airport	MBH
4490	Q650454	Mariposa-Yosemite Airport	RMY
4491	Q650403	Mark Anton Airport	
4492	Q650382	Matawatchan Aerodrome	
4493	Q650449	MC Ranch Airport	
4494	Q650442	Meadowbank Aerodrome	
4495	Q650456	McClellan Airfield	MCC
4496	Q1431173	Dabolim Airport	GOI
4497	Q2903017	Aweil Airport	
4498	Q2902947	Istanbul Samandıra Army Air Base	
4499	Q2902987	Janvier Airport	
4500	Q2903005	Jakkur Airfield	
4501	Q2902958	Ivujivik Airport	YIK
4502	Q2902840	Auburn Municipal Airport	AUN
4503	Q2902979	Atikokan Municipal Airport	YIB
4504	Q2903032	Arviat Airport	YEK
4505	Q3235075	Kumejima Airport	UEO
4506	Q3235149	Sindal Airport	CNL
4507	Q3235616	Sultan Haji Ahmad Shah Airport	KUA
4508	Q3235623	Sultan Abdul Halim Airport	AOR
4509	Q2903450	Atmore Municipal Airport	
4510	Q2903518	Ituna Airport	
4511	Q2915191	Yambio Airport	
4512	Q2903428	Jamestown Regional Airport	JMS
4513	Q2903486	Jasper Airport	YJA
4514	Q2903358	Atkinson Municipal Airport	PTS
4515	Q2903816	Jacqueline Cochran Regional Airport	TRM
4516	Q2903403	Ofu Airport	OFU
4517	Q2903548	Avey Field State Airport	
4518	Q2903423	Bakersfield Municipal Airport	
4519	Q2903386	Bald Mountain Airport	
4520	Q4759539	Andros Town International Airport	ASD
4521	Q4497328	Kherson International Airport	KHE
4522	Q4520104	HAL Airport	
4523	Q4789828	Argyle International Airport	SVD
4524	Q4725933	Alice International Airport	ALI
4525	Q4387053	Arkansas International Airport	BYH
4526	Q650215	Mason City Municipal Airport	MCW
4527	Q650231	Marshall Don Hunter Sr. Airport	MLL
4528	Q650124	Marion Municipal Airport	MNN
4529	Q650218	Mekoryuk Airport	MYU
4530	Q650129	Matheson Island Airport	
4531	Q650155	McQuesten Airport	
4532	Q650140	Melville Municipal Airport	
4533	Q650196	Massey Ranch Airpark	
4534	Q650204	McClusky Municipal Airport	
4535	Q3239106	Sultan Azlan Shah Airport	IPH
4536	Q2902633	Johnstown–Cambria County Airport	JST
4537	Q2902627	J. F. Mitchell Airport	BQU
4538	Q2902639	Ashiya Air Field	
4539	Q2902579	Jalgaon Airport	
4540	Q2902655	Avaré-Arandu Airport	QVP
4541	Q2902604	Jiagedaqi Airport	JGD
4542	Q2902587	Azamgarh Airport	AZH
4543	Q2902607	Arthur Municipal Airport	
4544	Q2902599	Bahía Asunción Airstrip	
4545	Q2902591	James Clements Municipal Airport	
4546	Q2902585	Oakridge State Airport	
4547	Q649881	Maripasoula Airport	MPY
4548	Q649404	Meerut Airport	
4549	Q649841	Martin County Airport	
4550	Q649760	Martha's Vineyard Airport	MVY
4551	Q649770	Martin Field	
4552	Q649802	Mekane Selam Airport	MKS
4553	Q649286	McCreary County Airport	
4554	Q649269	McGee Airport	
4555	Q649853	Mattituck Airport	
4556	Q649791	Merrimack Valley Seaplane Base	
4557	Q649779	Marion County – Rankin Fite Airport	HAB
4558	Q649376	Mbandaka Airport	MDK
4559	Q1431403	Pearls Airport	
4560	Q1431411	Grootfontein Airport	GFY
4561	Q1431400	Gorna Oryahovitsa Airport	GOZ
4562	Q3250639	Cambridge City Airport	CBG
4563	Q3246610	Eugene Airport	EUG
4564	Q3267068	Manihi Airport	XMH
4565	Q3267349	Wanzhou Wuqiao Airport	WXN
4566	Q3267356	Fuyang Airport	FUG
4567	Q1431231	Dongola Airport	DOG
4568	Q1431218	Dole–Jura Airport	DLE
4569	Q1431233	Balıkesir Koca Seyit Airport	EDO
4570	Q1431220	Dinard–Pleurtuit–Saint-Malo Airport	DNR
4571	Q1431383	Genoa Cristoforo Colombo Airport	GOA
4572	Q1431393	Fukue Airport	FUJ
4573	Q1431357	Oğuzeli Airport	GZT
4574	Q1431367	George Airport	GRJ
4575	Q1431430	Great Barrier Reef Airport	HTI
4576	Q1431422	Grenoble-Isère Airport	GNB
4577	Q1431419	H. Hasan Aroeboesman Airport	ENE
4578	Q1431432	Haluoleo Airport	KDI
4579	Q3206812	Hollister Municipal Airport	HLI
4580	Q3206832	Homerville Airport	
4581	Q3206778	Homa Bay Airport	
4582	Q3206823	Hot Springs Municipal Airport	
4583	Q3206787	Hoskins Field	
4584	Q3206842	Houston Fort Bend Airport	
4585	Q3206964	Hollin Airport	
4586	Q3206932	Hradčany Airport	
4587	Q3206872	Hooper Bay Airport	HPB
4588	Q3206803	Houghton County Memorial Airport	CMX
4589	Q3206848	Bunia Airport	BUX
4590	Q3274011	Hillsboro Airport	HIO
4591	Q3274003	Childress Municipal Airport	CDS
4592	Q3273979	Cape Sarichef Airport	WSF
4593	Q3273981	Gold King Creek Airport	
4594	Q3274015	Gaylord Regional Airport	GLR
4595	Q3273988	Canandaigua Airport	
4596	Q3274018	Golfito Airport	GLF
4597	Q3274008	Gardner Lake Airport	
4598	Q3274016	Gila Bend Municipal Airport	
4599	Q651288	Mehamn Airport	MEH
4600	Q651237	Maykop Airport	
4601	Q651297	Mary Airport	MYP
4602	Q651307	West Kutai Melalan Airport	GHS
4603	Q651316	Marudi Airport	MUR
4604	Q651365	Medicine Hat Airport	YXH
4605	Q651325	Melonguane Airport	MNA
4606	Q651346	Mayerthorpe Airport	
4607	Q651354	Matak Airport	MWK
4608	Q651392	Melilla Airport	MLN
4609	Q6378034	Katsina Airport	DKA
4610	Q6586746	Northwest Florida Beaches International Airport	ECP
4611	Q6586790	Newport News/Williamsburg International Airport	PHF
4612	Q6492168	Las Cruces International Airport	LRU
4613	Q6516447	Leesburg International Airport	LEE
4614	Q6586764	Nogales International Airport	OLS
4615	Q6465644	La Vanguardia Airport	VVC
4616	Q6586771	Nogales International Airport	NOG
4617	Q3271633	Porto Alegre Airport	PGP
4618	Q3272015	Lifuka Island Airport	HPA
4619	Q3272073	Golmud Airport	GOQ
4620	Q3271408	Kluang Airport	
4621	Q3270762	Limbang Airport	LMN
4622	Q6587102	Portsmouth International Airport at Pease	PSM
4623	Q6587070	Plan de Guadalupe International Airport	SLW
4624	Q6586952	Warroad International Airport	RRT
4625	Q6587079	Pensacola International Airport	PNS
4626	Q6586969	William R. Fairchild International Airport	CLM
4627	Q6586946	Watertown International Airport	ART
4628	Q6587665	Scholes International Airport at Galveston	GLS
4629	Q6587434	Van Don International Airport	VDO
4630	Q6587048	Presidente Médici International Airport	RBR
4631	Q2903072	Jendarata Airport	
4632	Q2903080	Ati Airport	ATV
4633	Q2903067	Nzérékoré Airport	NZE
4634	Q2903059	Chhatrapati Sambhajinagar Airport	IXU
4635	Q2903040	Djalaluddin Gorontalo Airport	GTO
4636	Q2903053	Jean Lake Airport	
4637	Q1431559	Iwami Airport	IWJ
4638	Q1431553	Inverness Airport	INV
4639	Q1431510	Hua Hin Airport	HHQ
4640	Q1431513	Honningsvåg Airport, Valan	HVG
4641	Q1431519	Horta Airport	HOR
4642	Q1431344	Galway Airport	GWY
4643	Q1431354	Antalya Gazipasa-Alanya Airport	GZP
4644	Q15221425	Garowe International Airport	GGR
4645	Q11824194	El Alamein International Airport	DBB
4646	Q12695173	Sub Teniente Nestor Arias Airport	SNF
4647	Q14697701	Chinggis Khaan International Airport	UBN
4648	Q15672491	Qingdao Jiaodong International Airport	TAO
4649	Q11824442	Itaipu International Airport	
4650	Q11370191	Kyushu International Airport	
4651	Q11824359	Jijiga Airport	JIJ
4652	Q2928993	Buttonville Municipal Airport	YKZ
4653	Q5388261	Erie-Ottawa International Airport	
4654	Q5110606	Rio Branco International Airport	RBR
4655	Q5472402	Fort Worth Meacham International Airport	FTW
4656	Q4903706	Bicol International Airport	DRP
4657	Q5472295	Fort Wayne International Airport	FWA
4658	Q5432482	Falls International Airport	INL
4659	Q5511766	Nürnberg-Fürth Industry Airfield	
4660	Q5608857	Griffiss International Airport	RME
4661	Q3273819	Chippewa Valley Regional Airport	EAU
4662	Q3273828	PAF Base Masroor	
4663	Q3273755	Camden Municipal Airport	
4664	Q3273773	Campbell Airport	
4665	Q3273815	Ghazni Airport	GZI
4666	Q3273860	Chowchilla Airport	
4667	Q3273779	Garberville Airport	
4668	Q3273845	Hinton-Alderson Airport	
4669	Q1431754	Konya Airport	KYA
4670	Q1431775	Roskilde Airport	RKE
4671	Q1431767	Sultan Ismail Petra Airport	KBR
4672	Q1431740	Kiruna Airport	KRN
4673	Q3273953	Gainesville Regional Airport	GNV
4674	Q3273975	Capital City Airport	FFT
4675	Q3273948	Gardner Municipal Airport	GDM
4676	Q3273974	Canaima Airport	CAJ
4677	Q3273876	Frontier Airport	
4678	Q3273903	Garden River Airport	
4679	Q3273888	Camrose Airport	
4680	Q3273954	Clackamas Heights Airport	
4681	Q3273957	George Felt Airport	
4682	Q3273962	Goering Ranches Airport	
4683	Q3273882	Hidden Bay Airport	
4684	Q3273965	Hiram Cure Airfield	
4685	Q3274335	Hervey Bay Airport	HVB
4686	Q3274311	Cape Gloucester Airport	CGC
4687	Q3274307	Galesburg Municipal Airport	GBG
4688	Q3274303	Furnace Creek Airport	DTH
4689	Q3274318	Gillette–Campbell County Airport	GCC
4690	Q3274292	Hillsboro Municipal Airport	
4691	Q3274316	Camp Edwards Heliport	
4692	Q3274304	Chinook Ultralight Airpark	
4693	Q3274333	Cielito Lindo Airstrip	
4694	Q3274298	Gardiner Airport	
4695	Q3274325	Gilmour Ag Air Airport	
4696	Q3274289	Geelong Airport	GEX
4697	Q2916266	Ein Shemer Airfield	HDA
4698	Q2918879	Ust-Koksa Airport	
4699	Q2924877	Kamina Airport	KMN
4700	Q2919631	Peace River Airport	YPE
4701	Q2920278	Kiryat Shmona Airport	KSW
4702	Q2917010	Yotvata Airfield	YOT
4703	Q2916022	Torit Airport	
4704	Q1431644	Kamloops Airport	YKA
4705	Q1431650	Khrabrovo Airport	KGD
4706	Q1431641	Garzê Kangding Airport	KGT
4707	Q1431637	Kahului Airport	OGG
4708	Q3606079	Morondava Airport	MOQ
4709	Q3606071	Lucca-Tassignano Airport	LCV
4710	Q3606080	Novi Ligure Airport	
4711	Q3606069	Legnago Airport	
4712	Q3606075	Massa-Cinquale Airport	
4713	Q3606056	Cremona-Migliaro Airport	
4714	Q3606078	Modena Airport	ZMO
4715	Q3606070	Lugo Airport	
4716	Q3606074	Manduria Airfield	
4717	Q3606082	Olbia-Venafiorita Airport	
4718	Q3606085	Pavullo nel Frignano Airport	
4719	Q3606055	Castelvetrano Airfield	
4720	Q3606076	Maleme Airport	
4721	Q1431455	Harstad/Narvik Airport	EVE
4722	Q1431464	Haugesund Airport, Karmøy	HAU
4723	Q6681265	Loring International Airport	LIZ
4724	Q7080093	Eugene F. Correia International Airport	OGL
4725	Q6768637	Sunyani Airport	NYI
4726	Q7130967	Bohol–Panglao International Airport	TAG
4727	Q7338967	Rivne International Airport	RWN
4728	Q6587733	Yantai Penglai International Airport	YNT
4729	Q6587748	Yuma International Airport	YUM
4730	Q7058187	Cagayan North International Airport	LLC
4731	Q3273378	Kerama Airport	KJP
4732	Q3272989	San José Airport	GSJ
4733	Q3273382	Hiroshima-Nishi Airport	HIW
4734	Q3273365	Fukui Airport	FKJ
4735	Q3272822	Linyi Qiyang Airport	LYI
4736	Q5659020	Chichen Itza International Airport	CZA
4737	Q6102047	Izmail International Airport	IZL
4738	Q6368126	Karakol International Airport	
4739	Q6347639	Kaieteur International Airport	KAI
4740	Q5617915	Gulu Airport	ULU
4741	Q6082890	Islamkot International Airport	
4742	Q5642669	Laredo International Airport	LRD
4743	Q5613723	Guangzhou Baiyun International Airport (1933–2004)	
4744	Q6031698	Ing. Fernando Espinosa Gutiérrez International Airport	
4745	Q6354856	Kalyan International Airport	
4746	Q652429	Meixian Airport	MXZ
4747	Q652383	Matari Airport	IRP
4748	Q652415	Ménaka Airport	
4749	Q652331	Matsumoto Airport	MMJ
4750	Q652325	Merowe Airport	MWE
4751	Q652405	Meekatharra Airport	MKR
4752	Q652394	Markala Airport	
4753	Q652492	Merritt Airport	YMB
4754	Q652443	Maupiti Airport	MAU
4755	Q652482	Matane Airport	YME
4756	Q652459	Mbanza Congo Airport	SSY
4757	Q652469	Melfort (Miller Field) Aerodrome	
4758	Q652501	McBride/Charlie Leake Field Aerodrome	
4759	Q651471	Mayor General FAP Armando Revoredo Iglesias Airport	CJA
4760	Q651495	McGhee Tyson Airport	TYS
4761	Q651482	Memanbetsu Airport	MMB
4762	Q651441	M'Boki Airport	MKI
4763	Q1431582	Francisco Carle Airport	JAU
4764	Q1431588	Yakutsk Airport	YKS
4765	Q3612569	Moranbah Airport	MOV
4766	Q3612341	Morristown Regional Airport	MOR
4767	Q3612335	Montevideo–Chippewa County Airport	MVE
4768	Q3612526	Montgomery-Gibbs Executive Airport	MYF
4769	Q3612301	Moore County Airport	SOP
4770	Q3612524	Monterey Regional Airport	MRY
4771	Q3612322	Montgomery County Airpark	GAI
4772	Q3612603	Monmouth Executive Airport	BLM
4773	Q3612310	Monterey Bay Academy Airport	
4774	Q3612327	Monument Municipal Airport	
4775	Q3612595	Mongo Airport	MVO
4776	Q3274085	Chinchaga Airport	
4777	Q3274027	Gogebic–Iron County Airport	IWD
4778	Q3274103	Chilko Lake (Tsylos Park Lodge) Aerodrome	CJH
4779	Q3274043	Campbell County Airport	
4780	Q3274128	Campo de Lorenzo Skypark	
4781	Q3274124	Christina Basin Airport	
4782	Q3274117	Church Lake Water Aerodrome	
4783	Q3274093	Churchbridge Airport	
4784	Q3274127	Gananoque Airport	
4785	Q3274135	Gardner Airport	
4786	Q3274088	Gilbert Plains Airport	
4787	Q3274112	Highgate Airport	
4788	Q3274107	Gimli Industrial Park Airport	YGM
4789	Q3274034	Hobart Regional Airport	HBR
4790	Q651167	Megiddo Airport	
4791	Q650767	McClellan–Palomar Airport	CLD
4792	Q651188	Adak Airport	ADK
4793	Q650535	Matagami Airport	YNM
4794	Q651156	Mbambanakira Airport	MBU
4795	Q650509	Mattawa Airport	
4796	Q650522	McGavock Lake Water Aerodrome	
4797	Q7703252	Terrance B. Lettsome International Airport	EIS
4798	Q7703348	Terre Haute International Airport	HUF
4799	Q7636403	Sullivan County International Airport	MSV
4800	Q7413855	San Felipe International Airport	SFH
4801	Q7359556	Rogue Valley International-Medford Airport	MFR
4802	Q7589731	Treasure Coast International Airport	FPR
4803	Q7376063	Old Mariscal Sucre International Airport	UIO
4804	Q7673600	Tabubil Airport	TBG
4805	Q1431508	Huahine – Fare Airport	HUH
4806	Q1431498	Hun Airport	HUQ
4807	Q1431477	High Level Airport	YOJ
4808	Q1431855	Leipzig-Mockau Airport	
4809	Q1431852	Lannion – Côte de Granit Rose Airport	LAI
4810	Q1431840	La Rochelle – Île de Ré Airport	LRH
4811	Q1431835	Colonia Airport	CYR
4812	Q1431842	Lahad Datu Airport	LDU
4813	Q1431667	Kastamonu Airport	KFS
4814	Q3612804	Monte Dourado Airport	MEU
4815	Q3612841	Moosonee Airport	YMO
4816	Q3612874	Mont-Laurier Airport	
4817	Q3612854	Mont-Tremblant/Saint-Jovite Airport	
4818	Q3612849	Montmagny Airport	
4819	Q3612846	Montréal/Aéroparc Île Perrot	
4820	Q3612825	Montréal/Mascouche Airport	
4821	Q3612862	Montréal/Saint-Lazare Aerodrome	
4822	Q3612859	Moose Jaw Municipal Airport	
4823	Q3612904	Morden Regional Aerodrome	
4824	Q3612758	Morehead-Rowan County Airport	
4825	Q3612811	Montes Claros Airport	MOC
4826	Q1431834	Kärdla Airport	KDL
4827	Q1431805	Kununurra Airport	KNX
4828	Q1431807	Kulusuk Airport	KUS
4829	Q1431826	Lae Nadzab Airport	LAE
4830	Q3267548	Qiqihar Sanjiazi Airport	NDG
4831	Q3268379	Rafaï Airport	RFA
4832	Q3267807	Sibu Airport	SBW
4833	Q3270356	Edmonton City Centre Airport	YXD
4834	Q3270757	Rand Airport	QRA
4835	Q3267866	Labuan Airport	LBU
4836	Q20455825	Valencia Airport	VLC
4837	Q18387412	Sir Ahmadu Bello International Airport	
4838	Q16534881	Platov International Airport	ROV
4839	Q16892685	International Pan American Airport	
4840	Q20979014	FAP Captain David Abensur Rengifo International Airport	PCL
4841	Q3274280	Gainesville Municipal Airport	GLE
4842	Q3274270	George T. Lewis Airport	CDK
4843	Q3274277	George Town Aerodrome	GEE
4844	Q3274227	Çiğli Air Base	IGL
4845	Q3274234	Captain Germán Olano Moreno Air Base	PAL
4846	Q3274221	Clarence E. Page Municipal Airport	
4847	Q3274206	Garba Tula Airport	
4848	Q3274263	Galatea Aerodrome	
4849	Q3274255	Fulton County Airport	
4850	Q3274212	Chorman Airport	
4851	Q3274250	Gilbert Field	
4852	Q3274245	Chino Airport	CNO
4853	Q21974262	Alluri Sitarama Raju International Airport	VTZ
4854	Q27349419	Williston Basin International Airport	XWA
4855	Q28716932	Sphinx International Airport	SPX
4856	Q21644281	Sabetta International Airport	SBT
4857	Q25337089	Nouakchott–Oumtounsy International Airport	NKC
4858	Q25037308	Corisco International Airport	OCS
4859	Q28716933	Capital International Airport	CCE
4860	Q24886990	Luau International Airport	
4861	Q21072127	Panamá Pacífico International Airport	BLB
4862	Q670038	Ivato Airport	TNR
4863	Q669060	Rome Urbe Airport	
4864	Q3274545	Campo Cuatro Milpas Airport	
4865	Q3274505	Geraldton Airport	GET
4866	Q3274509	Clarence A. Bain Airport	MAY
4867	Q3274538	Clarion County Airport	
4868	Q3274501	Ciudad Libertad Airport	
4869	Q3274519	Canton Island Airport	CIS
4870	Q3274542	Cannon Field	
4871	Q3274532	Chiriaco Summit Airport	
4872	Q3274527	Hessel Tractor Heliport	
4873	Q1431883	Linköping/Saab Airport	LPI
4874	Q1431870	Kushok Bakula Rimpochee Airport	IXL
4875	Q1431877	Lijiang Sanyi Airport	LJG
4876	Q1431875	Lelystad Airport	LEY
4877	Q652230	Marlboro Airport	MXG
4878	Q652201	Marion County Regional Airport	FLP
4879	Q652283	Menomonie Municipal Airport	
4880	Q652265	Meadows Field Airport	BFL
4881	Q652208	Memorial Field Airport	HOT
4882	Q652193	Marshfield Municipal Airport	MFI
4883	Q652179	Marsabit Airport	RBT
4884	Q652222	Mena Intermountain Municipal Airport	UMZ
4885	Q652264	McKenzie Bridge State Airport	
4886	Q652245	Memaloose USFS Airport	
4887	Q652306	Merle K. (Mudhole) Smith Airport	CDV
4888	Q3622400	Targovishte Airport	TGV
4889	Q3613096	Monroe County Airport	BMG
4890	Q3612914	Monroe County Airport	
4891	Q3612919	Moontown Airport	
4892	Q3613361	Montréal/Les Cèdres Airport	
4893	Q3613368	Moose Lake (Lodge) Airport	
4894	Q3612907	Moosomin Airport	
4895	Q3612935	Montgomery Regional Airport	MGM
4896	Q3612951	Lindi Airport	LDI
4897	Q3613134	Monticello Airport	MXC
4898	Q1431606	Kadugli Airport	KDX
4899	Q1431623	Kandi Airport	KDC
4900	Q1431605	Jomsom Airport	JMO
4901	Q1431619	Kahramanmaraş Airport	KCM
4902	Q1431604	John A. Osborne Airport	MNI
4903	Q3646815	Gustavo Rizo Airport	BCA
4904	Q3694556	PAF Base Mushaf	SGI
4905	Q3694524	Rawalakot Airport	RAZ
4906	Q3694521	PAF Base Shahbaz	JAG
4907	Q3647115	Pociūnai Airport	
4908	Q3694528	Khuzdar Airport	KDD
4909	Q3694513	Tarbela Dam Airport	TLB
4910	Q3654662	Taliedo Airfield	
4911	Q3694538	Sibi Airport	SBQ
4912	Q3274648	Gods Lake Narrows Airport	YGO
4913	Q3274621	Golfo de Morrosquillo Airport	TLU
4914	Q3274607	Godman Army Airfield	FTK
4915	Q3274631	Hillsdale Municipal Airport	
4916	Q3274627	Gansner Field	GNF
4917	Q3274662	Chilpancingo National Airport	
4918	Q3274612	Chindant	
4919	Q3274620	Gardner Airport	
4920	Q3274642	Clare Municipal Airport	
4921	Q3274633	Glasgow Industrial Airport	
4922	Q651920	Meridian Regional Airport	MEI
4923	Q651986	Mesa Del Rey Airport	KIC
4924	Q651940	Mason County Airport	LDM
4925	Q651887	Mefford Field Airport	TLR
4926	Q651735	Mendi Airport	MDU
4927	Q651993	McMinn Airport	
4928	Q651877	Mayville Municipal Airport	
4929	Q651905	McCook Army Airfield	
4930	Q651931	McDermitt State Airport	
4931	Q651964	McGehee Catfish Restaurant Airport	
4932	Q651976	McKinnon Airpark	
4933	Q651720	Merced Regional Airport	MCE
4934	Q1431795	Kudat Airport	KUD
4935	Q1431802	Sultan Abdul Aziz Shah Airport	SZB
4936	Q652794	McGrath Airport	MCG
4937	Q652835	Mejit Airport	MJB
4938	Q652738	Meriden Markham Municipal Airport	
4939	Q652825	Mbarara Airport	MBQ
4940	Q652764	Maryborough Airport	
4941	Q652776	Mathis Airport	
4942	Q652872	Mbuji Mayi Airport	MJM
4943	Q652750	McGill Airport	
4944	Q652840	Mawlamyaing Airport	MNU
4945	Q652936	Martín García Island Airport	
4946	Q3612641	Montrose Regional Airport	MTJ
4947	Q3612650	Morgantown Municipal Airport	MGW
4948	Q3612754	Montague Airport	ROF
4949	Q3612649	Montauk Airport	MTP
4950	Q3612707	Morehead-Rowan County Clyde A. Thomas Regional Airport	
4951	Q3612634	Monte Plata Batley Juan Sanchez Field	
4952	Q3612668	Moore County Airport	
4953	Q3612744	Monino Airfield	
4954	Q3612683	Monroe City Regional Airport	
4955	Q3612732	Montgomery County Airport	
4956	Q3612647	Monticello Airport	
4957	Q3612729	Moradabad Airport	
4958	Q3612613	Moraine Airpark	
4959	Q3756103	Zhaotong Airport	ZAT
4960	Q3750906	Xichang Qingshan Airport	XIC
4961	Q3734163	Edward G. Pitka Sr. Airport	GAL
4962	Q3696007	PAF Base Kohat	OHT
4963	Q3696119	Walton Airport	
4964	Q3696030	PAF Base Faisal	
4965	Q3696132	PAF Base Rafiqui	
4966	Q3696005	Pakistan Air Force Academy	
4967	Q3756119	Mianyang Nanjiao Airport	MIG
4968	Q3734883	Koyukuk Airport	KYU
4969	Q1431732	Kirkwall Airport	KOI
4970	Q1431712	Kinston Regional Jetport	ISO
4971	Q1431719	Kissimmee Gateway Airport	ISM
4972	Q1431737	Kirkenes Airport, Høybuktmoen	KKN
4973	Q3813503	Caldwell Municipal Airport	RWV
4974	Q3813505	Cabana Airstrip	
4975	Q3813500	Caldwell Industrial Airport	
4976	Q3813525	Butare Airport	BTQ
4977	Q3813501	Busselton Margaret River Airport	BQB
4978	Q3813498	Bradford Regional Airport	BFD
4979	Q3813506	Bradford Field	
4980	Q3813495	Booneville Municipal Airport	
4981	Q3813508	Boundary County Airport	
4982	Q3813499	Cable Creek Ranch Airport	
4983	Q3813497	Caiari Airport	
4984	Q3813504	California Valley Airport	
4985	Q3813507	Calzada Larga Airport	
4986	Q3813510	Parson Landing Airport	
4987	Q652974	Matsapha Airport	MTS
4988	Q653452	Dajabón Airport	
4989	Q652950	Matahora Airport	WNI
4990	Q652960	Mersing Airport	MEP
4991	Q55630162	Pokhara International Airport	PHH
4992	Q28725656	Yogyakarta International Airport	YIA
4993	Q85764840	Eduard Alexander Gummels Airport	EAX
4994	Q42377088	Rajkot International Airport	HSR
4995	Q97279714	Berenice International Airport	EES
4996	Q35298434	San Patricio International Airport	
4997	Q35318214	Weedpatch International Airport	
4998	Q48816856	Soledad International Airport	
4999	Q60649462	Dhoho International Airport	DHX
5000	Q61473846	Airport of the Pacific	
5001	Q55637197	Vlora Airport	VLO
5002	Q86502347	New International Airport of Heraklion Crete	
5003	Q29017968	Dutse International Airport	
5004	Q96675015	Red Sea International Airport	RSI
5005	Q658326	Dikson Airport	DKS
5006	Q657369	Awasa Airport	AWA
5007	Q658000	Tynda Airport	TYD
5008	Q658537	Vincenzo Florio Airport Trapani-Birgi	TPS
5009	Q597949	Matsu Nangan Airport	LZN
5010	Q3611999	Monroe County Airport	MVC
5011	Q3606095	Strezhevoy Airport	SWT
5012	Q3606089	Pontedera Airport	
5013	Q3606093	Rubtsovsk Airport	
5014	Q3606105	Voghera Airport	
5015	Q3606087	Prati Vecchi d'Aguscello Airport	
5016	Q3612040	Monticello Municipal Airport	
5017	Q3612046	Moorhead Municipal Airport	
5018	Q3606088	Ponte Olivo Airfield	
5019	Q3606102	Trapani-Milo Airport	
5020	Q3612057	Moondance Ranch Airport	
5021	Q3612262	Moritz Memorial Airport	
5022	Q3813451	Burlington-Alamance Regional Airport	
5023	Q3813444	Cacoal Airport	OAL
5024	Q3813431	Boone County Airport	
5025	Q3813430	Bowman Field	
5026	Q3813462	Bowman Field	
5027	Q3813455	Bradford County Airport	
5028	Q3813442	Brazil Clay County Airport	
5029	Q3813436	Byron Airport	
5030	Q3813453	Cabin Creek USFS Airport	
5031	Q3813438	Cadejé Airstrip	
5032	Q3813433	Calgary/Christiansen Field Aerodrome	
5033	Q3813435	Caledonia County Airport	LLX
5034	Q3813448	Boone County Airport	HRO
5035	Q664946	Stockholm Skavsta Airport	NYO
5036	Q666704	Monastir Habib Bourguiba International Airport	MIR
5037	Q2875738	Abqaiq Airport	
5038	Q2875998	Yanbu Airport	YNB
5039	Q3274738	Hettinger Municipal Airport	
5040	Q3274753	Christiansted Harbor Seaplane Base	SSB
5041	Q3274728	Ramsar Airport	RZR
5042	Q3274741	Gbangbatoke Airport	GBK
5043	Q3274747	Hluhluwe Airport	HLW
5044	Q3274732	George Downer Airport	AIV
5045	Q3274725	Gardner Airport	
5046	Q3274727	Cando Municipal Airport	
5047	Q3274718	Garrison Municipal Airport	
5048	Q3274722	Circle Hot Springs Airport	CHP
5049	Q1431679	Katowice-Muchowiec Airport	
5050	Q1431704	Khon Kaen Airport	KKC
5051	Q1431699	Kerry Airport	KIR
5052	Q3813584	Calverton Executive Airpark	CTO
5053	Q3813576	Cagayan de Sulu Airport	CDY
5054	Q3813578	Brackett Field	POC
5055	Q3813585	Bowerman Airport	HQM
5056	Q3813582	Bowling Green-Warren County Regional Airport	BWG
5057	Q3813573	Cambridge Municipal Airport	
5058	Q3813574	Bradford Field	
5059	Q3813572	Bonnie Field	
5060	Q3813586	Bourland Field	
5061	Q3813580	Burrill Airport	
5062	Q3813583	Calhoun County Airport	
5063	Q3813588	Brawley Municipal Airport	BWC
5064	Q3813575	Bowers Airport	ELN
5065	Q652061	Mesquite Metro Airport	
5066	Q652135	Marshall Army Airfield	FRI
5067	Q652112	Martin State Airport	MTN
5068	Q652124	Masvingo Airport	MVZ
5069	Q652055	May Creek Airport	MYK
5070	Q652079	Maxwell Private Airport	
5071	Q652153	William Robert Johnston Municipal Airport	
5072	Q652165	McKinley Field	
5073	Q652044	McEntire Joint National Guard Base	MMT
5074	Q652032	Mary River Aerodrome	YMV
5075	Q652109	McMinnville Municipal Airport	
5076	Q652039	Denali National Park Airport	MCL
5077	Q1432054	Monbetsu Airport	MBE
5078	Q1432070	Iconi Airport	YVA
5079	Q1432053	Mogador Airport	ESU
5080	Q1432050	Miri Airport	MYY
5081	Q1432091	Errachidia Moulay Ali Cherif Airport	ERH
5082	Q7930082	Vilankulo Airport	VNX
5083	Q8190630	San Fernando Airport	SFE
5084	Q10853735	Kismayo Airport	KMU
5085	Q8077814	Çukurova International Airport	COV
5086	Q10847328	Lawrenceville-Vincennes International Airport	LWV
5087	Q10847213	St. Clair County International Airport	PHN
5088	Q7838426	Trent Lott International Airport	PGL
5089	Q11074678	Chengdu Tianfu International Airport	TFU
5090	Q3274788	Girdwood Airport	AQY
5091	Q3274765	Cana Airport	
5092	Q3274784	Hōfu Air Field	
5093	Q3274796	Gladwin Zettel Memorial Airport	GDW
5094	Q3274758	Capitol Airport	
5095	Q3274809	Christina Lake Aerodrome	
5096	Q3274802	Goldfield Airport	
5097	Q3274773	Hesperia Airport	
5098	Q3274778	Hi Country No. 2 Airport	
5099	Q3274774	Hidden Lake Airport	
5100	Q3274771	Hoffpauir Airport	
5101	Q3813616	Braeburn Airport	
5102	Q3813615	Cadotte Airport	
5103	Q3813592	Butler-Choctaw County Airport	
5104	Q3813595	Calaveras County Airport	
5105	Q3813597	Camarillo Airport	
5106	Q3813591	Boswell Bay Airport	BSW
5107	Q3813593	Boonville Airport	
5108	Q3813613	Boston Brook Airport	
5109	Q3813610	Bouctouche Aerodrome	
5110	Q3813619	Brampton Airport	
5111	Q3813608	Cambridge/Reid's Field Airport	
5112	Q3813604	Burwash Airport	YDB
5113	Q3813606	Bradford Aerodrome	YFD
5114	Q656500	Tozeur–Nefta International Airport	TOE
5115	Q656592	Lutsk Airport	UCK
5116	Q654922	Shimojishima Airport	SHI
5117	Q3274816	Gannan Xiahe Airport	GXH
5118	Q3274856	Capital City Airport	HAR
5119	Q3274835	Canouan Airport	CIW
5120	Q3274812	Gaua Airport	ZGU
5121	Q3274848	Hokitika Airport	HKK
5122	Q3274813	Chimbu Airport	CMU
5123	Q3274842	Glasgow Valley County Airport	GGW
5124	Q3274819	Gawler Aerodrome	
5125	Q3274850	Cape Sabine DEW Line Station	
5126	Q3274890	Cimarron Municipal Airport	
5127	Q3274868	Garnett Municipal Airport	
5128	Q3274828	Highgate (South) Aerodrome	
5129	Q656777	Nouméa Magenta Airport	GEA
5130	Q3791988	Idroscalo Civile di Bracciano	
5131	Q3813399	Boscobel Airport	
5132	Q3756194	Dazhou Heshi Airport	DAX
5133	Q3813397	Brandywine Regional Airport	
5134	Q3813389	Bremerton National Airport	PWT
5135	Q3813391	Burns Municipal Airport	BNO
5136	Q3773364	La Seu d'Urgell Airport	LEU
5137	Q3813393	Cairns Army Airfield	OZR
5138	Q3791998	Idroscalo De Filippis	
5139	Q3813395	Cackleberry Airport	
5140	Q3791993	Idroscalo di Enna	
5141	Q3792149	Kjøllefjord Airport	QJL
5142	Q1431897	Lloydminster Airport	YLL
5143	Q1431894	Logan County Airport	
5144	Q1431886	Lipetsk Airport	LPK
5145	Q1431888	Lille Airport	LIL
5146	Q1432151	Nelson Airport	NSN
5147	Q1432137	Narathiwat Airport	NAW
5148	Q651629	Mercer County Regional Airport	
5149	Q651666	McCarthy Airport	MXY
5150	Q651595	Menongue Airport	SPP
5151	Q651687	Meghauli Airport	MEY
5152	Q651644	Maxson Airfield	AXB
5153	Q651654	Memphis Municipal Airport	
5154	Q651637	Mesquite Airport	MFH
5155	Q651607	Mercer County Airport	BLF
5156	Q651696	Mayor Buenaventura Vivas Airport	STD
5157	Q3274164	Gettysburg Regional Airport	GTY
5158	Q3274178	Kingston/Norman Rogers Airport	YGK
5159	Q3274191	Claremont Municipal Airport	CNH
5160	Q3274186	Ciudad Mante National Airport	MMC
5161	Q3274156	Chuathbaluk Airport	CHU
5162	Q3274201	George M. Bryan Airport	
5163	Q3274175	Claresholm Industrial Airport	
5164	Q3274140	Gananoque Water Aerodrome	
5165	Q3274168	Hilltop Airport	
5166	Q3274180	Hobart Sky Ranch Airport	
5167	Q3274137	Fuyun Koktokay Airport	FYN
5168	Q3274196	Gasmata Airport	GMI
5169	Q3643204	Nelspruit Airport	NLP
5170	Q3644152	Wonderboom Airport	PRY
5171	Q3634549	Arlington Municipal Airport	
5172	Q3629949	Silchar Airport	IXS
5173	Q3629936	Kargil Airport	
5174	Q3634535	Karnal Flying Club	
5175	Q3631101	Aviosuperficie Giubiliana (Ragusa)	
5176	Q3631102	Aviosuperficie Minotaurus e Medusa	
5177	Q3631773	Lilabari Airport	IXI
5178	Q125120548	Bokeo International Airport	BOR
5179	Q14331	Mount Gambier Airport	MGB
5180	Q3813728	Boyle Airport	
5181	Q3813739	Branch County Memorial Airport	
5182	Q3813700	Boutilimit Airport	OTL
5183	Q3813725	Cafunfo Airport	CFF
5184	Q3813690	Calabozo Airport	CLZ
5185	Q3813687	Burevestnik Airport	BVV
5186	Q3813722	Brangbiji Airport	SWQ
5187	Q3813719	Calgary/Airdrie Airport	
5188	Q3813731	Bonnyville Airport	YBY
5189	Q3813693	Bozoum Airport	BOZ
5190	Q14602117	Kamenica nad Cirochou	
5191	Q14602112	Očová	
5192	Q127269688	Nusantara International Airport	IVD
5193	Q14379182	Birrfeld airfield	
5194	Q14602134	Boleráz aerodrome	
5195	Q14602115	Ružomberok	
5196	Q14602102	Šurany	
5197	Q14602131	Dubová	
5198	Q125504926	Nasiriyah International Airport	XNH
5199	Q12694647	Rakovnik Airport	
5200	Q14602125	Ražňany	
5201	Q12695216	Tachov Airport	
5202	Q12694209	Nové Město Airport	
5203	Q12694456	Plasy Airport	
5204	Q12694464	Podhorany Airport	
5205	Q12694522	Pribram Airport	
5206	Q12694521	Přibyslav Airport	
5207	Q12695089	Spišská Nová Ves Airport	
5208	Q12695346	Touzim Airport	
5209	Q12695504	Vlasim Airport	
5210	Q12695514	Vysoke Myto Airport	
5211	Q126112956	Dominica International Airport	
5212	Q129262092	Kidepo International Airport	
5213	Q130215165	Ouagadougou-Donsin Airport	
5214	Q132813625	Gia Binh International Airport	
5215	Q1432103	Muş Airport	MSR
5216	Q1432110	"Mykonos National Airport ""Manto Mavrogeni"""	JMK
5217	Q1432100	Mtwara Airport	MYW
5218	Q1432096	Bykovo airport	BKA
5219	Q1432011	Amman City Airport	ADJ
5220	Q1432008	Malatya Erhaç Airport	MLX
5221	Q3274453	Garbaharey Airport	GBM
5222	Q3274459	Gandhinagar Airport	
5223	Q3274463	Hinton/Jasper-Hinton Airport	YJP
5224	Q3274445	Chipman Airport	
5225	Q3274467	Vadodara Airport	BDQ
5226	Q3274433	Gbenko Airport	
5227	Q3274451	Chipman Airport	
5228	Q3813544	Burlington Municipal Airport	
5229	Q3813535	Burnpur Airport	
5230	Q3813540	Brevig Mission Airport	KTS
5231	Q3813528	Caldwell Municipal Airport	
5232	Q3813531	Bowman Municipal Airport	BWM
5233	Q3813532	Bombay Farms Airport	
5234	Q3813539	Bottineau Municipal Airport	
5235	Q3813533	Butte Valley Airport	
5236	Q3813526	C. David Campbell Field	CRS
5237	Q3813543	Caldas Novas Airport	CLV
5238	Q3813674	Calbayog Airport	CYP
5239	Q3813662	Čačak-Preljina Airport	
5240	Q3813660	Bossembélé Airport	
5241	Q3813667	Botopassi Airstrip	BTO
5242	Q3813657	Bouar Airport	BOP
5243	Q3813685	Caçador Airport	CFC
5244	Q3813669	Boma Airport	BOA
5245	Q3813683	Cachimbo Airport	
5246	Q104861396	Simon Mwansa Kapwepwe International Airport	NLA
5247	Q106616277	Phnom Penh Techo International Airport	KTI
5248	Q110319433	Lachin International Airport	LHL
5249	Q115481355	King Salman International Airport	
5250	Q106511570	Siem Reap-Angkor International Airport	SAI
5251	Q104918311	Fuzuli International Airport	FZL
5252	Q109050463	Zangilan International Airport	ZZE
5253	Q97585842	Amaala International Airport	
5254	Q3813640	Calgary/Springbank Airport	
5255	Q3813644	Burns Lake Airport	YPZ
5256	Q3813642	Brant (Dixon Farm) Airport	
5257	Q3813646	Brantford Airport	
5258	Q3813623	Calling Lake Airport	
5259	Q3813628	Cache Creek Airport	YZA
5260	Q3813650	Brașov Airport	GHV
5261	Q3813636	Burditt Lake Water Aerodrome	
5262	Q3813626	Cable Head Airpark	
5263	Q3813637	Cabri Airport	
5264	Q3813632	Calgary/Okotoks Air Park	
5265	Q3813654	Bouca Airport	BCF
5266	Q3275007	Cincinnati Municipal Lunken Airport	LUK
5267	Q3275084	Gallup Municipal Airport	GUP
5268	Q3275017	Chinchilla Airport	CCL
5269	Q3275021	Hilton Head Airport	HHH
5270	Q3275011	Genesee County Airport	
5271	Q3275038	Girua Airport	PNP
5272	Q3275088	Ganado Airport	
5273	Q3274998	Gardner Farm Airport	
5274	Q3275034	Gila River Memorial Airport	
5275	Q3275043	Glendon Airport	
5276	Q3275053	Gabbs Airport	GAB
5277	Q4102	Lyon-Bron Airport	LYN
5278	Q137946514	Mokha International Airport	
5279	Q135919871	Old Beirut International Airport	
5280	Q137380145	Punta Águila International Airport	
5281	Q138027698	Valle Alto International Airport	
5282	Q664757	Son Bonet Aerodrome	
5283	Q662619	Monaco Heliport	MCM
5284	Q662935	Garissa Airport	GAS
5285	Q662933	Enontekiö Airport	ENF
5286	Q662434	Helsinki-Malmi Airport	HEM
5287	Q3886342	Broumov Airport	
5288	Q11824662	Olomouc Airport	OLO
5289	Q4176351	Senica Airport	
5290	Q4176321	Trenčín Airport	
5291	Q4456873	Zbraslavice Airport	
5292	Q11824854	Boľkovce-Lucenec	LUE
5293	Q11824339	Česká Lípa airport	
5294	Q11824498	Kladno Airport	
5295	Q11824607	Most Airport	
5296	Q11824762	Svidnik Airport	
5297	Q1431971	Luleå/Kallax Airport	LLA
5298	Q1431960	Lošinj Airport	LSZ
5299	Q1431966	Lüderitz Airport	LUD
5300	Q1431952	Tarbes-Lourdes-Pyrénées Airport	LDE
5301	Q1431968	Læsø Airport	BYR
5302	Q3275220	Gods River Airport	ZGI
5303	Q3275195	Gemena Airport	GMA
5304	Q3275167	Cape Dorset Airport	YTE
5305	Q3275228	Clacton Airport	
5306	Q3275209	Full Sutton Airfield	
5307	Q3275253	Camsell Portage Airport	
5308	Q3275230	Caniapiscau Aerodrome	
5309	Q3275191	Churchill Water Aerodrome	
5310	Q3275156	Chute-Saint-Philippe Aerodrome	
5311	Q3275237	Cigar Lake Airport	
5312	Q3275200	Clarenville Airport	
5313	Q3275221	Gahcho Kue Aerodrome	
5314	Q3275180	Gainsborough Airport	
5315	Q710284	Hengchun Airport	HCN
5316	Q717673	Qimei Airport	CMJ
5317	Q717735	Lanyu Airport	KYD
5318	Q708576	Taitung Airport	TTT
5319	Q717689	Wang-an Airport	WOT
5320	Q687341	Grenchen Airport	ZHI
5321	Q646013	Kinmen Airport	KNH
5322	Q651544	Martin Airfield	
5323	Q650361	Matsu Beigan Airport	MFK
5324	Q689079	Syangboche Airport	SYH
5325	Q3274578	General William J. Fox Airfield	WJF
5326	Q3274565	Chizhou Jiuhuashan Airport	JUH
5327	Q3274559	Camdenton Memorial Airport	OZS
5328	Q3274567	Hillsboro Municipal Airport	
5329	Q3274548	Cincinnati–Blue Ash Airport	
5330	Q3274579	Hilongos Airport	
5331	Q3274601	Hill City Municipal Airport	HLC
5332	Q3274552	Campbell Army Airfield	HOP
5333	Q3274572	Gardner Airport	
5334	Q3274597	Gillette Field Airport	
5335	Q3274585	Glide Aero Airport	
5336	Q3274594	Hinckley Airport	
5337	Q3274397	George Town Airport	
5338	Q3274343	Glasgow Municipal Airport	GLW
5339	Q3274348	Cape May Airport	WWD
5340	Q3274424	Georgetown Executive Airport	
5341	Q3274341	Cape Romanzof LRRS Airport	CZF
5342	Q3274369	Camden County Airport	
5343	Q3274384	Galveston Airport	
5344	Q3274421	Gardner Airport	
5345	Q3274365	General DeWitt Spain Airport	
5346	Q3274373	Georgetown-Scott County Airport	
5347	Q3274391	Hicks Airfield	
5348	Q3274351	Hilliard Airpark	
5349	Q3274387	Hillside Airport	
5350	Q3274363	Hoeyang Southeast Airport	
5351	Q3274983	Glentanner Aerodrome	GTN
5352	Q3274990	General Bernardo O'Higgins Airport	YAI
5353	Q3274932	Wayne Executive Jetport	
5354	Q3274974	Gabrovnitsa Air Base	
5355	Q3274958	Galion Municipal Airport	GQQ
5356	Q3274968	Hobby Field	
5357	Q3274977	Gatesville Municipal Airport	
5358	Q3274947	Gold Beach Municipal Airport	GOL
5359	Q3274938	Georgetown Airport	
5360	Q3274904	Galbraith Lake Airport	GBH
5361	Q3274952	Candlelight Farms Airport	
5362	Q3274915	Cape Blanco State Airport	
5363	Q3274963	Christmas Valley Airport	
5364	Q3274897	Fulton-Itawamba County Airport	
5365	Q652716	Meadow Lake Airport	
5366	Q652578	Mercedita Airport	PSE
5367	Q652572	Masset Airport	ZMT
5368	Q652704	Mau Hau Airport	WGP
5369	Q652545	Douglas–Charles Airport	DOM
5370	Q652515	Markham Airport	
5371	Q652523	McCreary Airport	
5372	Q1432123	Nakashibetsu Airport	SHB
5373	Q1432133	Nakhon Ratchasima Airport	NAK
5374	Q1432134	Nan Nakhon Airport	NNT
5375	Q12033118	Medlánky Airport	
5376	Q12033114	Kyjov Airport	
5377	Q12033120	Sazená Airport	
5378	Q12033113	Frýdlant Airport	
5379	Q12033115	Jihlava Airport	
5380	Q12033122	Soběslav Airport	
5381	Q12033124	Tábor Airport	
5382	Q12033123	Točná Airport	
5383	Q12033128	Žamberk Airport	
5384	Q12033119	Zlín Airport	
5385	Q12693031	Hořovice Airport	
5386	Q12693983	Mlada Boleslav Airport	
5387	Q12693040	Hranice Airport	
5388	Q12693390	Klatovy Airport	
5389	Q12693429	Krnov Airport	
5390	Q12693431	Kromeriz Airport	
5391	Q12691965	Bohuňovice Airport	
5392	Q12692596	Erpuzice Airport	
5393	Q12693178	Jaroměř Airport	
5394	Q12693603	Letkov Airport	
5395	Q12693771	Male Bielice Airport	
5396	Q670292	Lask Airport	
5397	Q671003	Berezniki Airport	
5398	Q671801	Fayzabad Airport	FBD
5399	Q3813810	Bourn Airfield	
5400	Q3813760	Pittsburgh-Butler Regional Airport	BTP
5401	Q3884843	Hazleton Municipal Airport	HZL
5402	Q3813757	Cambridge Municipal Airport	
5403	Q3814343	Anshan Teng'ao Airport	AOG
5404	Q3822466	Mid-Carolina Regional Airport	SRW
5405	Q3813742	Boonville Airport	
5406	Q3813750	Calvada Meadows Airport	
5407	Q3813855	Bow Island Airport	
5408	Q1432192	Noto Airport	NTQ
5409	Q1432172	Ngari Günsa Airport	NGQ
5410	Q1432159	New Tanegashima Airport	TNE
5411	Q1432167	Nevşehir Kapadokya Airport	NAV
5412	Q2875475	Ecuvillens airfield	
5413	Q1432457	Port Stanley Airport	PSY
5414	Q1053901	Siena-Ampugnano Airport	
5415	Q1431943	Long Beach Airport	LGB
5416	Q1431937	Lorient South Brittany Airport	LRT
5417	Q1431935	London Biggin Hill Airport	BQH
5418	Q3275259	Garden City Regional Airport	GCK
5419	Q3275365	Gökçeada Airport	GKD
5420	Q3275343	Geneva Municipal Airport	
5421	Q3275254	Cape Cod Airfield	
5422	Q3275315	Colorado Air and Space Port	
5423	Q3275353	Circle City Airport	IRC
5424	Q3275291	Gambell Airport	GAM
5425	Q3275298	Chisasibi Airport	YKU
5426	Q3275278	Gods Lake Airport	
5427	Q3275285	Gillam Airport	YGX
5428	Q3756136	Nanchong Gaoping Airport	NAO
5429	Q3756159	Guangyuan Panlong Airport	GYS
5430	Q3756176	Hanzhong Xiguan Airport	
5431	Q3756164	Changzhi Wangcun Airport	CIH
5432	Q3756170	Yulin Xisha Airport	UYN
5433	Q3756143	Pu'er Simao Airport	SYM
5434	Q1431985	Cuatro Vientos Airport	
5435	Q1431990	Mae Sot Airport	MAQ
5436	Q1431997	Sokol Airport	GDX
5437	Q1431989	Mae Hong Son Airport	HGN
5438	Q708281	Magong Airport	MZG
5439	Q708494	Ludao Airport	GNI
5440	Q1432042	Mineralnye Vody Airport	MRV
5441	Q1432038	Metz-Nancy-Lorraine Airport	ETZ
5442	Q661389	Lugano Airport	LUG
5443	Q661852	Swakopmund Airport	SWP
5444	Q659349	Tivat Airport	TIV
5445	Q662071	Lipetsk fighter-pilot school	
5446	Q3813415	Bonito Airport	BYO
5447	Q3813426	Busia Airport	
5448	Q3813410	Bongor Airport	OGR
5449	Q3813401	Buta Zega Airport	BZU
5450	Q3813428	Bragança Paulista Airport	BJP
5451	Q3813404	Boulder Municipal Airport	WBU
5452	Q3813422	Booneville/Baldwyn Airport	
5453	Q3813423	Boulder Airport	
5454	Q3813412	Butte Municipal Airport	
5455	Q3813427	Butter Valley Golf Port	
5456	Q3813413	California City Municipal Airport	
5457	Q1432236	Olbia Costa Smeralda Airport	OLB
5458	Q1432215	Nîmes-Alès-Camargue-Cévennes Airport	FNI
5459	Q1432242	Čepin Airport	
5460	Q1432227	Okushiri Airport	OIR
5461	Q3885398	Boigu Island Airport	GIC
5462	Q3885354	Mount Isa Airport	ISA
5463	Q3885386	Bodmin Airfield	
5464	Q3885302	Bokondini Airport	BUI
5465	Q3885282	Brough Aerodrome	
5466	Q3885371	Mtito Andei Airport	
5467	Q3885374	Mount Cook Aerodrome	MON
5468	Q3885284	Harrow Airport	
5469	Q3885286	Hawkesbury (Windover Field) Airport	
5470	Q3885393	Healdsburg Municipal Airport	
5471	Q3885379	Brockville-Thousand Islands Regional Tackaberry Airport	XBR
5472	Q3885357	Moro Airport	MXH
5473	Q1432282	Pajala Airport	PJA
5474	Q8995	Guernsey Airport	GCI
5475	Q9001	Isle of Man Airport	IOM
5476	Q3884863	Heber City Municipal Airport	
5477	Q3884873	Hawthorne Municipal Airport	HHR
5478	Q3884853	Hanover County Municipal Airport	
5479	Q3885280	Havre Saint-Pierre Airport	YGV
5480	Q3884906	Hatbox Field	HAX
5481	Q3885275	Brochet Airport	YBT
5482	Q3885166	Boise City Airport	
5483	Q3885182	Bucks Airport	
5484	Q3885185	Buffalo Airport	
5485	Q3885277	Buffalo Narrows Water Aerodrome	
5486	Q3884915	Harchenko Industrial Airport	
5487	Q3885015	Haysfield Airport	
5488	Q3885022	Hendricks County Airport	
5489	Q3885200	Helena Regional Airport	HLN
5490	Q3274689	Camiguin Airport	CGM
5491	Q3274675	Georgetown County Airport	GGE
5492	Q3274708	Hinton/Entrance Airport	
5493	Q3274695	Hespero Airport	
5494	Q3274683	Fulton County Airport	FTY
5495	Q3274690	Gode Airport	GDE
5496	Q3274698	High River Airport	
5497	Q3274704	Camden East Aerodrome	
5498	Q3274713	Canton–Plymouth Mettetal Airport	
5499	Q3274670	Heston Aerodrome	
5500	Q3274715	Cicia Airport	ICI
5501	Q3274717	Garrett County Airport	ODM
5502	Q674812	Juhu Aerodrome	
5503	Q673433	Arroyo Barril Airport	EPS
5504	Q676576	Ronald Reagan Washington National Airport	DCA
5505	Q681940	Aboisso Airport	ABO
5506	Q677360	Majoor Henk Fernandes Airport	ICK
5507	Q676718	Spriggs Payne Airport	MLW
5508	Q3275114	Chipata Airport	CIP
5509	Q3275137	Gamètì/Rae Lakes Airport	YRA
5510	Q3275106	Gabriel Vargas Santos Airport	TME
5511	Q3275133	Chilas Airport	CHB
5512	Q3275148	Churchill Falls Airport	ZUM
5513	Q3275120	Campo Arenal Aerodrome	
5514	Q3275092	Chinle Municipal Airport	
5515	Q3275101	Glaslyn Airport	
5516	Q3275144	Geraldton (Greenstone Regional) Airport	YGQ
5517	Q3813568	Branson West Airport	
5518	Q3813569	Bowman Field	LOU
5519	Q3813567	Bourem Airport	
5520	Q3813552	Bontang Airport	BXT
5521	Q3813545	Caballococha Airport	LHC
5522	Q3813570	Burley Municipal Airport	BYI
5523	Q3813555	Cambridge–Dorchester Airport	CGE
5524	Q3813561	Braden Airpark	
5525	Q3813559	Calgary/Okotoks (Rowland Field) Aerodrome	
5526	Q3813563	Calhoun County Airport	
5527	Q3813565	Calvert Peak STOLport	
5528	Q3813557	Borongan Airport	BPA
5529	Q3813571	Burnett County Airport	
5530	Q3275416	Campina Grande Airport	CPV
5531	Q3275395	Hesler-Noble Field	LUL
5532	Q3275421	Fullerton Municipal Airport	FUL
5533	Q3275404	Gaya Airport	
5534	Q3275393	George F. L. Charles Airport	SLU
5535	Q3275452	Gastonia Municipal Airport	
5536	Q3275388	Gaza Airstrip	
5537	Q3275418	Chisana Airport	CZN
5538	Q667216	Teesside International Airport	MME
5539	Q667965	Tumlingtar Airport	TMI
5540	Q667181	Carcassonne Airport	CCF
5541	Q4156	Dong Hoi Airport	VDH
5542	Q1432356	Petropavl Airport	PPK
5543	Q1432353	Phrae Airport	PRH
5544	Q1432361	Abruzzo Airport	PSR
5545	Q1432351	Perpignan–Rivesaltes Airport	PGF
5546	Q1432358	Phetchabun Airport	PHY
5547	Q687392	Lausanne-La Blécherette airfield	
5548	Q686923	Taksimo Airport	
5549	Q687300	Crotone Airport	CRV
5550	Q686526	Logroño-Agoncillo Airport	RJL
5551	Q3813464	Boulsa Airport	XBO
5552	Q3813478	Butler County Regional Airport	HAO
5553	Q3813494	Burnet Municipal Airport	
5554	Q3813482	Calhoun County Airport	
5555	Q3813491	Cambridge Municipal Airport	
5556	Q3813484	Brainerd Lakes Regional Airport	BRD
5557	Q3813492	Boquerón Airport	
5558	Q3813493	Borges-Clarksburg Airport	
5559	Q3813466	Bossangoa Airport	BSN
5560	Q3813472	Cable Airport	CCB
5561	Q1432335	Pau Pyrénées Airport	PUF
5562	Q1432313	Parakou Airport	PKO
5563	Q1432332	Paysandú Airport	PDU
5564	Q1432328	Pavlodar Airport	PWQ
5565	Q1432326	Parma Airport	PMF
5566	Q3280881	Huaihua Zhijiang Airport	HJJ
5567	Q3290440	En Nahud Airport	NUD
5568	Q3281145	Tianshui Maijishan Airport	THQ
5569	Q3280908	Xinyuan Nalati Airport	NLT
5570	Q3281135	Kanas Airport	KJI
5571	Q3290458	Rhinelander–Oneida County Airport	RHI
5572	Q3281915	Chumphon Airport	CJM
5573	Q8991	Jersey Airport	JER
5574	Q1432445	Pori Airport	POR
5575	Q1432451	Port Said Airport	PSD
5576	Q1432442	Chief Dawid Stuurman International Airport	PLZ
5577	Q3886055	Harbor Springs Municipal Airport	
5578	Q3886078	Healy River Airport	
5579	Q3886186	Hassi R'Mel Airport	HRM
5580	Q3886095	Mountain Village Airport	MOU
5581	Q3886062	Hawthorne Industrial Airport	HTH
5582	Q3886141	Hatchet Lake Airport	YDJ
5583	Q3886181	Brody	
5584	Q3886118	Brussels (Armstrong Field) Airport	
5585	Q3886101	Haycock Airport	
5586	Q3886132	Helmut Airport	
5587	Q3886109	Morrisburg Airport	
5588	Q3886126	Buffalo Narrows Airport	YVT
5589	Q3886175	Mount Hotham Airport	MHU
5590	Q1432246	Omsk Tsentralny Airport	OMS
5591	Q1432262	Ouani Airport	AJN
5592	Q1432275	Ouarzazate Airport	OZZ
5593	Q1432243	Oshakati airport	OHI
5594	Q1432245	Oranjemund Airport	OMD
5595	Q1432212	N'Dolo Airport	NLO
5596	Q687436	Samedan Airport	SMV
5597	Q687493	Les Eplatures Airport	
5598	Q687463	Sion Airport	SIR
5599	Q695127	Badajoz Airport	BJZ
5600	Q691574	Barkarby Airport	
5601	Q705963	Old Ishigaki Airport	ISG
5602	Q704675	Taiping Island Airport	
5603	Q704823	Zaragoza Airport	ZAZ
5604	Q703013	Mazar-i-Sharif Airport	MZR
5605	Q1432398	Agostinho-Neto Airport	PNR
5606	Q1432366	Pico Airport	PIX
5607	Q1432379	Plymouth City Airport	PLH
5608	Q3275873	Gautam Buddha Airport	BWA
5609	Q3275842	Gjögur Airport	GJR
5610	Q3275879	Gol Airport	GLL
5611	Q3275796	Frieda River Airport	FAQ
5612	Q3275806	Fulton County Airport	RCR
5613	Q3275888	Gobernador Edgardo Castello Airport	VDM
5614	Q3275831	Candle Lake Airpark	
5615	Q3275791	Chilhowee Gliderport	
5616	Q3275819	Glenboro Airport	
5617	Q3275512	Choiseul Bay Airport	CHY
5618	Q3275535	Golden Triangle Regional Airport	GTR
5619	Q3275467	Gatlinburg-Pigeon Forge Airport	GKT
5620	Q3275472	El Dorado/Captain Jack Thomas Memorial Airport	EDK
5621	Q3275478	Chipewyan Lake Airport	
5622	Q3275488	Gladstone Airport	GLT
5623	Q3275504	Gillespie Field	SEE
5624	Q3275497	Canyonlands Regional Airport	CNY
5625	Q3275523	Azaza Airport	GSU
5626	Q14324	Kingscote Airport	KGC
5627	Q14322	Kimba Airport	
5628	Q14329	Loxton Airport	
5629	Q14319	Cowell Airport	CCW
5630	Q14315	Cleve Airport	CVC
5631	Q14327	Leigh Creek Airport	LGH
5632	Q14316	Coober Pedy Airport	CPD
5633	Q1432481	Provincetown Municipal Airport	PVC
5634	Q1432485	Porto Santo Airport	PXO
5635	Q15111	Wudinna Airport	WUD
5636	Q15496	Devonport Airport	DPO
5637	Q15497	Flinders Island Airport	FLS
5638	Q15108	Waikerie Airport	
5639	Q15109	Whyalla Airport	WYA
5640	Q3276007	Gjoa Haven Airport	YHK
5641	Q3275961	Rebun Airport	RBJ
5642	Q3275895	Gogrial Airport	
5643	Q3275914	Gagnoa Airport	GGN
5644	Q1432498	Príncipe Airport	PCP
5645	Q1432520	Périgueux Bassillac Airport	PGX
5646	Q25471803	Panenský Týnec Airport	
5647	Q25471809	Prostějov Airport	
5648	Q25471798	Moravská Třebová Airport	
5649	Q14602137	Dubnica Airport	
5650	Q14602143	Holíč aerodrome	
5651	Q14602153	Nové Zámky Airport	
5652	Q25471814	Strunkovice Airport	
5653	Q25471780	Chotěboř Airport	
5654	Q25471790	Jindřichův Hradec Airport	
5655	Q19602340	Chrudim Airport	
5656	Q25471773	Břeclav Airport	
5657	Q25471782	Dvůr Králové Airport	
5658	Q25471785	Hodkovice Airport	
5659	Q25471793	Kolín Airport	
5660	Q25471794	Křižanov Airport	
5661	Q25471797	Mikulovice Airport	
5662	Q25471806	Polička Airport	
5663	Q25471808	Skuteč Airport	
5664	Q25471815	Stichovice Airport	
5665	Q25471816	Šumperk Airport	
5666	Q25471818	Ústí nad Orlicí Airport	
5667	Q25471820	Velké Poříčí Airport	
5668	Q25471819	Vyškov Airport	
5669	Q23824348	Zábřeh Airport	ZBE
5670	Q16765285	Bubovice Airport	
5671	Q14308	Parafield Airport	
5672	Q14312	Ceduna Airport	CED
5673	Q3275700	Giddings-Lee County Airport	
5674	Q3275656	Highland County Airport	
5675	Q3275769	Garner Field	UVA
5676	Q3275693	Gila Bend Air Force Auxiliary Field	
5677	Q3275746	Golden Airport	
5678	Q3275677	Chilton County Airport	
5679	Q3275712	Gakaba Airstrip	
5680	Q3275707	Geilo Airport	
5681	Q3275758	Friedman Memorial Airport	SUN
5682	Q3275763	Gardner Municipal Airport	
5683	Q3275783	Gang Ranch Airport	
5684	Q3275733	Gillam Water Aerodrome	
5685	Q707931	Chongjin Airport	RGO
5686	Q708517	Yonaguni Airport	OGN
5687	Q708499	Sondok Airport	DSO
5688	Q708244	Sinuiju Airport	
5689	Q3914547	Greater Binghamton Airport	BGM
5690	Q3914544	H. L. Sonny Callahan Airport	
5691	Q3914564	Fairview Airport	ZFW
5692	Q3914549	Wiarton Airport	YVV
5693	Q3914562	Greene County Regional Airport	
5694	Q3914553	Fort Liard Airport	YJF
5695	Q3914541	Exploits Valley (Botwood) Airport	
5696	Q3914558	Hagerstown Airport	
5697	Q3914539	Lac Agile (Mascouche) Airport	
5698	Q3914560	Pine Dock Water Aerodrome	
5699	Q3914546	Rosenort Airport	
5700	Q3914557	Ste. Rose du Lac Airport	
5701	Q3914573	Nottingham Airport	NQT
5702	Q3885954	Bronson Creek Airport	YBM
5703	Q3885838	Bundibugyo Airport	
5704	Q3885946	Hannibal Regional Airport	
5705	Q3885824	Hartselle–Morgan County Regional Airport	
5706	Q3885914	Heber Springs Municipal Airport	
5707	Q3885863	Bulolo Airport	BUL
5708	Q3885461	Brookneal/Campbell County Airport	
5709	Q3885820	Hanel Field	
5710	Q3885881	Harris Ranch Airport	
5711	Q3885408	Harvey Airfield	
5712	Q3885929	Hayfork Airport	
5713	Q3885897	Haynesville Airport	
5714	Q3885938	Moyglare Airfield	
5715	Q3885832	Muddy Creek Airport	
5716	Q3886037	Hermiston Municipal Airport	HES
5717	Q3886005	Buckeye Municipal Airport	BXK
5718	Q3885964	Hays Regional Airport	HYS
5719	Q3886041	Brundidge Municipal Airport	
5720	Q3885970	Herington Regional Airport	
5721	Q3885980	Britton Municipal Airport	TTO
5722	Q3886020	Buffalo Municipal Airport	
5723	Q3885989	Buffalo Municipal Airport	
5724	Q3885976	Hamilton Municipal Airport	VGC
5725	Q3886048	Bolivar Municipal Airport	
5726	Q3885996	Haraze Airport	
5727	Q3886013	Mount Washington Regional Airport	HIE
5728	Q15100	Naracoorte Airport	NAC
5729	Q15106	Renmark Airport	RMK
5730	Q15102	Port Lincoln Airport	PLO
5731	Q15101	Port Augusta Airport	PUG
5732	Q15103	Port Pirie Airport	PPI
5733	Q15107	Streaky Bay Airport	KBY
5734	Q3886384	Hearne Municipal Airport	
5735	Q3886404	Moyale Airport	OYL
5736	Q3886440	Bole Alashankou Airport	BPL
5737	Q3886359	Brimpton Airfield	
5738	Q3886398	Brunswick Executive Airport	NHZ
5739	Q3886420	Bolingbrook's Clow International Airport	
5740	Q3886375	Bruce's Airport	
5741	Q3886392	Happy Valley Airport	
5742	Q3886416	Hazen Municipal Airport	
5743	Q3886369	Hernando Village Airpark	
5744	Q3886427	Mountaindale Airport	
5745	Q3886424	Bodrum-Imsik Airport	BXN
5746	Q3886411	Harris County Airport	PIM
5747	Q695135	Vitoria Airport	VIT
5748	Q695659	Burgos Airport	RGS
5749	Q695570	Buon Ma Thuot Airport	BMV
5750	Q3886191	Brooks Airport	
5751	Q3886198	Hattiesburg-Laurel Regional Airport	PIB
5752	Q3886222	Bura East Airport	
5753	Q3886239	Moyne Aerodrome	
5754	Q3886345	Moyo Airport	OYG
5755	Q3886268	Bom Jesus da Lapa Airport	LAZ
5756	Q3886228	Harrison County Airport	ASL
5757	Q3886242	Mountain View Airport	
5758	Q3886206	Bristol (Whitchurch) Airport	
5759	Q3886234	Harvard State Airport	
5760	Q3886215	Hassan Airport	
5761	Q3886257	Mountain Valley Airport	
5762	Q1432399	Pokhara Airport	PKR
5763	Q1432424	João Paulo II Airport	PDL
5764	Q1432405	Poitiers – Biard Airport	PIS
5765	Q3275554	Galegu Airport	DNX
5766	Q3275547	Futuna Airport	FTA
5767	Q3275622	Garfield County Regional Airport	RIL
5768	Q3275630	Glendale Municipal Airport	
5769	Q3275605	Hickory Regional Airport	HKY
5770	Q3275613	Gisborne Airport	GIS
5771	Q3275540	Gisenyi Airport	GYI
5772	Q3275596	Fulton Airport	
5773	Q3275646	Goheen Airport	
5774	Q29524779	Vrchlabi Airport	
5775	Q41600027	Hosín Airport	
5776	Q42307610	Letiště Slaný	
5777	Q25471853	Hořice Airport	
5778	Q36838667	Raná	
5779	Q25471823	Znojmo Airport	
5780	Q115712345	Rokycany Airport	
5781	Q122609870	Shuozhou Zirun Airport	SZH
5782	Q115712286	Luhačovice Airport	
5783	Q46228067	Dobrá Niva Airport	
5784	Q115712270	Kvetoslavov Airport	
5785	Q115712387	Ústí nad Labem Airport	
5786	Q32191261	Unayzah Airport	
5787	Q86080735	Bayelsa International Airport	
5788	Q28021878	Strakonice Airport	
5789	Q122809649	Hainan Prefecture Gonghe Airport	
5790	Q141442260	Buen Futuro Airport	
5791	Q3296842	El Tajín National Airport	PAZ
5792	Q3299637	El Loa Airport	CJC
5793	Q3291597	Brigadier Mayor César Raúl Ojeda Airport	LUQ
5794	Q3305748	Destin–Fort Walton Beach Airport	VPS
5797	Q3299678	Almirante Marcos A. Zar Airport	REL
5798	Q3303234	Nantucket Memorial Airport	ACK
5799	Q3914669	Spiritwood Airport	
5800	Q3914695	Sachigo Lake Airport	ZPB
5801	Q3914661	Fairoaks Airport	
5802	Q3914680	Thicket Portage Airport	YTD
5803	Q3914683	Webequie Airport	YWP
5804	Q3914686	Fort MacKay/Horizon Airport	HZP
5805	Q3914677	Fort Chipewyan Airport	YPY
5806	Q3914689	Edam Airport	
5807	Q3914662	Grand River Airport	
5808	Q3914667	Roblin Airport	
5809	Q3914691	Saint-Bruno-de-Guigues Aerodrome	
5810	Q3914702	Saint-Michel-des-Saints Aerodrome	
5811	Q3914664	Sainte-Agnès-de-Dundee Aerodrome	
5812	Q698063	Maastricht Aachen Airport	MST
5813	Q702647	Haeju Airport	HAE
5814	Q701561	Salamanca Airport	SLM
5815	Q701217	Hsinchu Air Base	HSZ
5816	Q702844	Yevlakh Airport	YLV
5817	Q6661105	Llanbedr Airport	
5818	Q6663719	Lobito Airport	LLT
5819	Q6661673	Llano Municipal Airport	
5820	Q6668443	Loitokitok Airport	
5821	Q6666913	Logan-Cache Airport	LGU
5822	Q6666523	Lodwar Airport	LOK
5823	Q6666980	Logan County Airport	
5824	Q6665505	Lockhart River Airport	IRG
5825	Q6663566	Lobatse Airport	LOQ
5826	Q6662751	Lloyd Stearman Field	
5827	Q6666518	Lodwick Field	
5828	Q3886745	Mount Vernon Airport	MVN
5829	Q3886790	Harry Stern Airport	WAH
5830	Q3886707	Mount Airy/Surry County Airport	
5831	Q3886700	Moses Point Airport	MOS
5832	Q3886683	Hanford Municipal Airport	
5833	Q3886801	Bolton Field	TZR
5834	Q3886737	Henry County Airport	PHT
5835	Q3886770	Briggs Airport	
5836	Q3886763	Hemmingson Airport	
5837	Q3886758	Hechi Jinchengjiang Airport	HCJ
5838	Q3886782	Hattiesburg Bobby L. Chain Municipal Airport	HBG
5839	Q3886768	Mount Pleasant Municipal Airport	MPZ
5840	Q3887302	Hanover Saugeen Airport	
5841	Q3887288	Henry Tift Myers Airport	TMA
5842	Q3887271	Brookings Regional Airport	BKX
5843	Q3887332	Haverfordwest Airport	HAW
5844	Q3887343	Briercrest South Airport	
5845	Q3887310	Brockway Airport	
5846	Q3887276	Buckingham Field	
5847	Q3887348	Hanley Airport	
5848	Q3887324	Harbour Grace Airport	
5849	Q3887368	Hatchet Lake Water Aerodrome	
5850	Q3887282	Hatfield Aerodrome	
5851	Q3887316	Havelock Airport	
5852	Q3887377	Hawkesbury (East) Airport	
5853	Q3887295	Hartley Bay Water Aerodrome	YTB
5854	Q5341935	Edward Bodden Airfield	LYB
5855	Q5350402	Eket Airstrip	
5856	Q5349885	Eirunepé Airport	ERN
5857	Q5347553	Efogi Airport	EFG
5858	Q5350832	El Bolsón Airport	EHL
5859	Q5345064	Edward River Airport	EDR
5860	Q5342836	Edward F. Knapp State Airport	MPV
5861	Q5342853	Edward F Johnson Airport	
5862	Q5347490	Effingham County Memorial Airport	
5863	Q5350797	El Bagre Airport	EBG
5864	Q5347039	Eek Airport	EEK
5865	Q717708	Samjiyŏn Airport	YJS
5868	Q722416	Asheville	AVL
5869	Q723248	Cheyenne Regional Airport	CYS
5870	Q15520	Launceston Airport	LST
5871	Q15528	St Helens Airport	HLS
5872	Q15501	Cambridge Aerodrome	
5873	Q15540	Burnie Airport	BWT
5874	Q15514	King Island Airport	KNS
5875	Q15531	Smithton Airport	SIO
5876	Q15533	Strahan Airport	SRN
5877	Q3886807	Mota Lava Airport	MTV
5878	Q3886900	Bryce Canyon Airport	BCE
5879	Q3886847	Mostaganem Airport	MQV
5880	Q3886971	Bokoro Airport	BKR
5881	Q3886884	Hartford-Brainard Airport	HFD
5882	Q3886838	Broadus Airport	BDX
5883	Q3886892	Bruce Field	
5884	Q3886906	Hammonton Municipal Airport	
5885	Q3886833	Hancock County Airport	
5886	Q3886845	Hangzhou Jianqiao Airport	
5887	Q3886849	Happy Camp Airport	
5888	Q3886910	Hawthorne-Feather Airpark	
5889	Q3434537	Ulawa Airport	RNA
5890	Q3434411	Khorramabad Airport	KHD
5891	Q3434398	Lamerd International Airport	LFM
5892	Q3434546	Santa Cruz/Graciosa Bay/Luova Airport	SCZ
5893	Q3434138	Ilam Airport	IIL
5894	Q3434394	Dezful Airport	DEF
5895	Q3434613	Gorgan Airport	GBT
5896	Q3334016	Salem Airport	SXV
5897	Q3318057	Uberaba Airport	UBA
5898	Q3316786	Luena Airport	LUO
5899	Q3319255	Welwitschia Mirabilis International Airport	MSZ
5900	Q3318051	Parintins Airport	PIN
5901	Q6673058	Long Pasia Airport	GSA
5902	Q6671432	Lone Star Executive Airport	CXO
5903	Q6672551	Long Geng Airport	
5904	Q6671752	Lonesome Pine Airport	LNP
5905	Q6668446	Loiyangalani Airport	LOY
5906	Q6668694	Lokitaung Airport	
5907	Q6669752	London-Corbin Airport	LOZ
5908	Q6668901	Loliondo Airstrip	
5909	Q6670635	Khark Airport	KHK
5910	Q6672976	Long Marston Airfield	
5911	Q6669547	Lompoc Airport	LPC
5912	Q6671336	Lone Oaks Ranch Airport	
5913	Q6671351	Lone Pine Airport	
5914	Q6672417	Long Branch Aerodrome	
5915	Q3914968	Princeton Aerodrome	
5916	Q3914991	Salmon Arm Airport	YSN
5917	Q3914971	St. Thomas Municipal Airport	YQS
5918	Q3914994	Woodcock Airport	
5919	Q3914996	Fergus (Juergensen Field) Airport	
5920	Q3914986	Keene/Elmhirst's Resort Water Aerodrome	
5921	Q3914987	Kenora Water Aerodrome	
5922	Q3914980	Lac La Croix Water Aerodrome	
5923	Q3914992	Mac Tier/Francis Island Water Aerodrome	
5924	Q3914989	Port au Choix Airport	
5925	Q3914972	Stoney Creek Airport	
5926	Q3914982	Winterland Airport	
5927	Q3914974	Pinehouse Lake Airport	ZPO
5928	Q3914970	Kasba Lake Airport	YDU
5929	Q3914969	Tête-à-la-Baleine Airport	ZTB
5930	Q732214	Gabès – Matmata International Airport	GAE
5931	Q729886	Trondheim Airport	TRD
5932	Q3433946	Rasht Airport	RAS
5933	Q3402235	Caernarfon Airport	
5934	Q3422569	Hattfjelldal Airfield	
5935	Q3430540	Engeløy Airport	
5936	Q3434121	Mejametalana Airport	
5937	Q3373000	San Carlos Airport	SQL
5938	Q3418153	Albina Airstrip	ABN
5939	Q3277666	'Eua Airport	EUA
5940	Q3276974	Lal Bahadur Shastri Airport	VNS
5941	Q3276359	Kamigoto Airport	
5942	Q3277249	Kyaukpyu Airport	KYP
5943	Q3277532	Niuatoputapu Airport	NTT
5944	Q3276033	Geneina Airport	EGN
5945	Q3914776	Spring Valley (North) Airport	
5946	Q3914798	Porcupine Plain Airport	
5947	Q3914795	La Biche River Airport	
5948	Q3914782	Panshanger Aerodrome	
5949	Q3914780	Saint-Jean Airport	YJN
5950	Q3914790	Faro Airport	ZFA
5951	Q3914775	Ethel Airport	
5952	Q3914787	Nixon Airport	
5953	Q3914785	Sevogle Airport	
5954	Q3914773	South River/Sundridge Airport	
5955	Q3914800	Staunton Lake Water Aerodrome	
5956	Q3914801	Strathroy (Blue Yonder) Airport	
5957	Q3914793	The Pas/Grace Lake Airport	
5958	Q3914796	Winnipeg/Lyncrest Airport	
5959	Q3914770	Kirkland Lake Airport	YKX
5960	Q3307142	Kassos Public Airport	KSJ
5961	Q3308198	Londrina Airport	LDB
5962	Q3312490	Porto Seguro Airport	BPS
5963	Q3312031	Bor Airport	
5964	Q3312056	Akobo Airport	
5965	Q3311240	Burlington Airpark	
5966	Q3305800	Trenton-Robbinsville Airport	
5967	Q3357652	Otis Air National Guard Base	FMH
5968	Q3360229	Shinyanga Airport	SHY
5969	Q3366020	Kigoma Airport	TKQ
5970	Q3360329	Ibadan Airport	IBA
5971	Q3364802	Torslanda Airport	GOT
5972	Q3356156	Kjeller Airport	
5973	Q3362557	Bukoba Airport	BKZ
5974	Q3339360	Basongo Airport	BAN
5975	Q3350608	Tejgaon Airport	
5976	Q3339504	Bau Airport	
5977	Q3339437	Yangambi Airport	YAN
5978	Q3334278	Vellore Airport	
5979	Q3344188	Legazpi Airport	LGP
5980	Q3334432	Pondicherry Airport	PNY
5981	Q5318578	Dyersburg Regional Airport	
5982	Q5319331	Dysart Airport	DYA
5983	Q5328540	East Hampton Airport	HTO
5984	Q5325239	Eagle River Union Airport	EGV
5985	Q5325363	Eagles Nest Airport	
5986	Q5325364	Eagles Nest Airport	
5987	Q5325085	Eagle Field	
5988	Q5318553	Dyer Airport	
5989	Q5324975	Eagle's Nest Airport	
5990	Q5325081	Eagle Farm Airport	
5991	Q5325176	Eagle Nest Ranch Airport	
5992	Q5325915	Earl Henry Airport	
5993	Q5326555	Earlville Airport	
5994	Q5328847	East Linton Aerodrome	
5995	Q5329085	East Oregon Cattle Company Airport	
5996	Q5329522	East Texas Regional Airport	GGG
5997	Q3886677	Harar Meda Airport	QHR
5998	Q3886510	Bolívar Airport	
5999	Q3886630	Hastings Aerodrome	
6000	Q3886669	Buenos Aires Airport, Costa Rica	BAI
6001	Q3886454	Bucholz Army Airfield	KWA
6002	Q3886640	Hartness State Airport	VSF
6003	Q3886447	Hami Airport	HMI
6004	Q3886580	Havre City-County Airport	HVR
6005	Q3886575	Hana Airport	HNM
6006	Q708555	Pingtung Airport	PIF
6007	Q713881	Hateruma Airport	HTR
6008	Q3914593	Nipawin Airport	
6009	Q3914580	Fairmont Hot Springs Airport	YCZ
6010	Q3914591	Queen Charlotte City Water Aerodrome	ZQS
6011	Q3914589	Truro Aerodrome	
6012	Q3914582	Hagerstown Regional Airport	HGR
6013	Q3914574	Graham Field	
6014	Q3914610	East Gore Eco Airpark	
6015	Q3914575	Easterville Airport	
6016	Q3914609	Gowganda/Gowganda Lake Water Aerodrome	
6017	Q3914597	Kars/Rideau Valley Air Park	
6018	Q3914607	Rodney (New Glasgow) Airport	
6019	Q3914585	Tyendinaga (Mohawk) Airport	
6020	Q3914605	Winkler Airport	
6021	Q3914603	Kelsey Airport	KES
6022	Q3914596	Grand Central Airport	GCJ
6023	Q3435375	Khoy Airport	KHY
6024	Q3435274	Sabzevar Airport	AFZ
6025	Q3435260	Jiroft Airport	JYR
6026	Q3435252	Lavan Airport	LVP
6027	Q3434631	Yasuj Airport	YES
6028	Q3434652	shahid shadmani Hamadan internatonal Airport	HDM
6029	Q3914615	Grandes-Bergeronnes Airport	
6030	Q3914638	Willow Bunch Airport	
6031	Q3914618	Erickson Municipal Airport	
6032	Q3914612	Gooderham/Pencil Lake Water Aerodrome	
6033	Q3914617	Gravelbourg Airport	
6034	Q3914656	Kakabeka Falls Airport	
6035	Q3914616	Lac à la Perchaude Airport	
6036	Q3914622	Langille Lake Water Aerodrome	
6037	Q3914643	Norway House Water Aerodrome	
6038	Q3914620	Senneterre Airport	
6039	Q3914659	Sexsmith/Exeter Airport	
6040	Q3914624	Southend Water Aerodrome	
6041	Q3914649	Stoney Point Airport	
6042	Q3914613	Tsacha Lake Airport	
6043	Q3914651	Lansdowne House Airport	YLH
6044	Q3888169	Hammond Northshore Regional Airport	
6045	Q3888241	Brooksville–Tampa Bay Regional Airport	
6046	Q3888234	Morrilton Municipal Airport	
6047	Q3888204	Mount Pleasant Regional Airport	LRO
6048	Q3888176	Buffalo Airfield	
6049	Q3888207	Harvey's Acres Airport	
6050	Q3888198	Henderson Aviation Airport	
6051	Q3888212	Hendricks Field	
6052	Q3888192	Moussoro Airport	
6053	Q3888226	Mt. Hope Airport	
6054	Q3888181	Brookhaven Airport	WSH
6055	Q3888218	Bruce Campbell Field	DXE
6056	Q3888248	Hemet-Ryan Airport	HMT
6057	Q5309984	DuBois Regional Airport	DUJ
6058	Q5305340	Lowe Army Heliport	LOR
6059	Q5289501	Dolores Airport	
6060	Q5309998	DuPage Airport	DPA
6061	Q5309958	Dschang Airport	DSC
6062	Q5295380	Donalsonville Municipal Airport	
6063	Q5298623	Dorothy Scott Airport	
6064	Q5299435	Dothan Municipal Airport	
6065	Q5299827	Double JJ Resort Ranch Airport	
6066	Q5306800	Ralph M Sharpe Airport	
6067	Q5309352	Wakulla County Airport	
6068	Q5310411	Duanesburg Airport	
6069	Q5297074	Doomadgee Airport	DMD
6070	Q5303968	Dr. Arturo Umberto Illia Airport	GNR
6071	Q5293953	Donald Airport	
6072	Q3493320	Khmelnytskyi Airport	HMJ
6073	Q3487295	Yakima Air Terminal	YKM
6074	Q3493212	Lubin-Obora Airport	
6075	Q3468780	Tavan Tolgoi Airport	
6076	Q3480343	Sauðárkrókur Airport	SAK
6077	Q3468740	Baruunturuun Airport	
6078	Q3914727	Ross River Airport	XRR
6079	Q3914724	Old Buckenham Airport	
6080	Q3914736	Grande Prairie Airport	YQU
6081	Q3914713	Eatonia (Elvie Smith) Municipal Airport	
6082	Q3914732	Eston Airport	
6083	Q3914721	Fort Erie Airport	
6084	Q3914711	Juniper Airport	
6085	Q3914739	Kanawata Aeroparc	
6086	Q3914735	Lumsden (Colhoun) Airport	
6087	Q3914726	Points North Landing Water Aerodrome	
6088	Q3914707	Shelburne/Fisher Field Aerodrome	
6089	Q3914704	Wingham/Richard W. LeVan Aerodrome	
6090	Q3914722	Round Lake (Weagamow Lake) Airport	ZRJ
6091	Q3914716	Victoria Inner Harbour Airport	YWH
6092	Q3496903	Tamarindo Airport	TNO
6093	Q3496947	Maniitsoq Airport	JSU
6094	Q3496939	Paamiut Airport	JFR
6095	Q3496771	Palmyra Airport	PMS
6096	Q6659643	Livingston County Spencer J. Hardy Airport	OZW
6097	Q6649964	Little Falls/Morrison County Airport	
6098	Q6654081	Liupanshui Yuezhao Airport	LPF
6099	Q6660515	Lizard Island Airport	LZR
6100	Q6647478	Litchfield Municipal Airport	
6101	Q6607209	Witham Field	SUA
6102	Q6652906	Littlebrook Air Park	
6103	Q6652959	Littlefield Municipal Airport	
6104	Q6651684	Little River Airport	
6105	Q6655942	Jam Airport	KNR
6106	Q6631573	Ridge Landing Airpark	
6107	Q6647474	Litchfield Municipal Airport	
6108	Q6659671	Livingston Municipal Airport	
6109	Q6659672	Livingston Municipal Airport	
6110	Q5351860	El Ponton Field	
6111	Q5352316	El Valle Field	
6112	Q5351739	El Palomar Airport	EPA
6113	Q5352004	El Reno Regional Airport	RQO
6114	Q5351317	El Golea Airport	ELG
6115	Q5351691	El Nido Airport	ENI
6116	Q5351106	Ed Dueim Airport	
6117	Q5350842	El Buen Pastor Airstrip	
6118	Q5351601	El Mirage Field	
6119	Q5352230	El Tehuelche Airport	PMY
6120	Q5351112	El Debba Airport	EDB
6121	Q5337503	Panan-awan Airport	
6122	Q5330646	Easterwood Airport	CLL
6123	Q5330867	Easton State Airport	ESW
6124	Q5330354	Eastern Oregon Regional Airport	PDT
6125	Q5330836	Easton Airport	ESN
6126	Q5331758	Ebensburg Airport	
6127	Q5332680	Echo Bay Airport	
6128	Q5339004	Edmonton/Calmar (Maplelane Farm) Aerodrome	
6129	Q5339006	Edmonton/Lechelt Field Aerodrome	
6130	Q5339007	Edmonton/Villeneuve (Rose Field) Aerodrome	
6131	Q5337188	Edgar County Airport	
6132	Q5331911	Ebon Airport	EBO
6133	Q5330472	Eastern Slope Regional Airport	FRY
6134	Q3915084	Edmundston Airport	
6135	Q3915068	Lasham Airfield	QLA
6136	Q3915104	Tillsonburg Airport	
6137	Q3915064	Kegaska Airport	ZKG
6138	Q3915053	Watrous Airport	
6139	Q3915088	Forestville Airport	YFE
6140	Q3915066	Pikwitonei Airport	PIW
6141	Q3915087	Arcola Airport	
6142	Q3915060	Armstrong Water Aerodrome	
6143	Q3915055	Armstrong/Waweig Lake Water Aerodrome	
6144	Q3915093	Macdonald Airport	
6145	Q3915083	MacGregor Airport	
6146	Q3915099	St. Andrews (Codroy Valley) Airport	
6147	Q3915080	Tipella Airport	
6148	Q3915057	Waterville/Kings County Municipal Airport	
6149	Q5431355	Maharishi Valmiki International Airport Ayodhya Dham	AYJ
6150	Q5430268	Fairfield County Airport	
6151	Q5430267	Fairfield County Airport	
6152	Q5430331	Fairfield Municipal Airport	
6153	Q5430609	Fairmont State Airfield	
6154	Q5430598	Fairmont Municipal Airport	FRM
6155	Q5429826	Fair Haven Municipal Airport	
6156	Q5430243	Fairfield Airport	
6157	Q5430917	Fairways Airport	
6158	Q5430332	Fairfield Municipal Airport	FFL
6159	Q5429130	Fada N'gourma Airport	FNG
6160	Q5429369	Fagali'i Airport	FGI
6161	Q3887722	Hardwick Field	
6162	Q3887928	Bungoma Airport	
6163	Q3887628	Henderson City-County Airport	
6164	Q3887633	Herlong Recreational Airport	HEG
6165	Q3887741	Bol Airport	OTC
6166	Q3887666	Henderson Field	
6167	Q3887824	Moton Field Municipal Airport	
6168	Q3887920	Mount Sterling-Montgomery County Airport	
6169	Q3887778	Hancock County-Bar Harbor Airport	BHB
6170	Q3887719	Morristown Municipal Airport	MMU
6171	Q3887736	Brighton Airport	
6172	Q3887829	Harford County Airport	
6173	Q3887642	Hayden Mountain Airport	
6174	Q3887650	Harrell Field	CDH
6175	Q3495944	Zinder Airport	ZND
6176	Q3496522	Ratanakiri Airport	RBE
6177	Q3495535	Puerto Barrios Airport	PBR
6178	Q3495879	Tamchy Airport	IKU
6179	Q3495884	Fitiuta Airport	FTI
6180	Q3914965	La Grande-3 Airport	YAR
6181	Q3914948	Laurie River Airport	LRQ
6182	Q3914966	Earls Colne Airfield	
6183	Q3914957	Villeneuve Airport	
6184	Q3914830	Virden/R.J. (Bob) Andrew Field Regional Aerodrome	
6185	Q3914856	Pitt Meadows Airport	YPK
6186	Q3914853	Fordwich Airport	
6187	Q3914849	Kashabowie/Upper Shebandowan Lake Water Aerodrome	
6188	Q3914857	Lake Rosseau/Arthurlie Bay Water Aerodrome	
6189	Q3914845	Lumsden (Metz) Airport	
6190	Q3914829	Nipawin Water Aerodrome	
6191	Q3914960	North Battleford/Hamlin Airport	
6192	Q3914946	Quamichan Lake (Raven Field) Airport	
6193	Q3914852	Rivière Bonnard Airport	
6194	Q3914850	Rougemont Airport	
6195	Q3914950	Tincup Lake Water Aerodrome	
6196	Q3914949	Winfield (Wood Lake) Water Aerodrome	
6197	Q3915236	Pelee Island Airport	
6198	Q3915174	La Sarre Airport	SSQ
6199	Q3915231	Amos/Magny Airport	YEY
6200	Q3915170	Thruxton Aerodrome	
6201	Q3915166	Estevan Regional Aerodrome	YEN
6202	Q3915223	Edenvale Airport	
6203	Q3915178	Ferland Airport	
6204	Q3915171	Fillmore Airport	
6205	Q3915233	Flin Flon/Bakers Narrows Water Aerodrome	
6206	Q3915220	Kemess Creek Airport	
6207	Q3915168	Lac Etchemin Airport	
6208	Q3915180	Quill Lake Airport	
6209	Q3915182	Sudbury/Coniston Airport	
6210	Q3915185	Thunder Bay Water Aerodrome	
6211	Q3915224	Watson Lake Water Aerodrome	
6212	Q3915228	Fort Hope Airport	YFH
6213	Q3435389	Rafsanjan Airport	RJN
6214	Q3436047	Nowshahr Airport	NSH
6215	Q3436133	Rennell/Tingoa Airport	RNL
6216	Q3436015	Shahr-e Kord  shohada International Airport	CQD
6217	Q3435405	Fasa Airport	FAZ
6218	Q3436124	Santa Ana Airport	NNB
6219	Q3435397	Fera Airport	FRE
6220	Q5311063	Dubois Municipal Airport	DBS
6221	Q5314630	Duncan Town Airport	DCT
6222	Q5311765	Dudinka Airport	
6223	Q5311064	Dubois Municipal Airport	
6224	Q5316250	Durant Regional Airport – Eaker Field	DUA
6225	Q5315337	Dunk Island Airport	DKI
6226	Q5317482	Hudson Valley Regional Airport	POU
6227	Q5311277	Duchesne Municipal Airport	
6228	Q5312413	Duford Field	
6229	Q5314725	Dundalk (Tripp Field) Aerodrome	
6230	Q5315083	Dungannon Aerodrome	
6231	Q5315578	Dunnellon/Marion County Airport	
6232	Q5315603	Dunning Vineyards Airport	
6233	Q5316058	Dupree Municipal Airport	
6234	Q5318103	Dwight Aerodrome	
6235	Q5316021	Duplin County Airport	
6236	Q3502274	Yarmouth Airport	YQI
6237	Q3500743	Francisco B. Reyes Airport	USU
6238	Q3501121	Rurutu Airport	RUR
6239	Q3502265	Sudbury Airport	YSB
6240	Q3500388	Pochalla Airport	
6241	Q3500850	Simara Airport	SIF
6242	Q3501131	Sauce Viejo International Airport	SFN
6243	Q6728056	Madison Municipal Airport	MDN
6244	Q3886983	Brookings Airport	BOK
6245	Q3887015	Hengyang Nanyue Airport	HNY
6246	Q3887134	Moultrie Municipal Airport	MGR
6247	Q3887123	Mountain View Airport	
6248	Q3886986	Buckland Airport	BKC
6249	Q3887154	Bridgewater/Dayspring Airpark	
6250	Q3887131	Hatch Airport	
6251	Q3887160	Hendershots Heliport	
6252	Q3887129	Moundville Airport	
6253	Q3887142	Mountain Lakes Field	
6254	Q3887126	Muddy Creek Airport	
6255	Q3887136	Bridgeport Municipal Airport	XBP
6256	Q3886977	Brunswick Golden Isles Airport	BQK
6257	Q3497729	Palmar Sur Airport	PMZ
6258	Q3497696	Puerto Jiménez Airport	PJM
6259	Q3497722	Sembawang Air Base	
6260	Q3497799	Qaarsut Airport	JQA
6261	Q3497733	Raga Airport	
6262	Q3497703	Ridali Airfield	
6263	Q3497709	San Pédro Airport	SPY
6264	Q3497622	Resolute Bay Airport	YRB
6265	Q3497691	Tahoua Airport	THZ
6266	Q3497670	Tessaoua Airport	
6267	Q3497684	Tillabéri Airport	
6268	Q3497677	Oswaldo Guevara Mujica Airport	AGV
6269	Q3497634	San Rafael Airport	AFA
6270	Q3915042	Port McNeill Airport	YMP
6271	Q3915034	Opapimiskan Lake Airport	YBS
6272	Q3915003	Lake Simcoe Regional Airport	YLK
6273	Q3915008	Rigolet Airport	YRG
6274	Q3915017	Summer Beaver Airport	SUR
6275	Q3915029	Fort McMurray/Mildred Lake Airport	NML
6276	Q3915036	Arborg Airport	
6277	Q3915005	Edmonton/Cooking Lake Water Aerodrome	
6278	Q3915044	Kerrobert Airport	
6279	Q3915022	Quilchena Airport	
6280	Q3914999	Sainte-Julienne Aerodrome	
6281	Q3915026	Silver Falls Airport	
6282	Q3915050	Valemount Airport	
6283	Q3915039	Yorkton Municipal Airport	YQV
6284	Q3887496	Hazel Green Airport	
6285	Q3887427	Mount Hagen Airport	HGU
6286	Q3887481	Hampton Roads Executive Airport	
6287	Q3887604	Brown Field Municipal Airport	SDM
6288	Q3887439	Bogande Airport	XBG
6289	Q3887513	Henderson Executive Airport	HSH
6290	Q3887505	Harrold Municipal Airport	
6291	Q3887434	Boké Baralande Airport	BKJ
6292	Q3887478	Morrisville-Stowe State Airport	MVL
6293	Q3887489	Bullfrog Basin Airport	BFG
6294	Q3914825	Parent Airport	
6295	Q3914811	Watson Lake Airport	YQH
6296	Q3914816	Shaunavon Airport	
6297	Q3914828	Popham Airfield	
6298	Q3914814	Preeceville Airport	
6299	Q3914817	Port-Menier Airport	YPN
6300	Q3914827	Warton Aerodrome	WRT
6301	Q3914823	Algoma Mills Water Aerodrome	
6302	Q3914813	Essex Airport	
6303	Q3914804	Fort Langley Airport	
6304	Q3914809	La Loche Airport	
6305	Q3914819	Leader Airport	
6306	Q3914805	Straffordville Airport	
6307	Q3914807	Thompson Water Aerodrome	
6308	Q3914821	Thorburn Airport	
6309	Q3504030	Skyros Island National Airport	SKU
6310	Q3503973	Mosjøen Airport	MJF
6311	Q3503582	Kristianstad Airport	KID
6312	Q3503574	Kerteh Airport	KTE
6313	Q3504538	Heihe Aihui Airport	HEK
6314	Q3914754	Ear Falls Airport	
6315	Q3914763	Kamsack Airport	
6316	Q3914742	Kattiniq/Donaldson Airport	YAU
6317	Q3914759	Tumbler Ridge Airport	TUX
6318	Q3914747	Redhill Aerodrome	
6319	Q3914750	White Waltham Airfield	
6320	Q3914746	Grand Canyon Bar 10 Airport	GCT
6321	Q3914745	Greenlee County Airport	CFT
6322	Q3914751	Empress/McNeill Spectra Energy Aerodrome	
6323	Q3914758	Hamburg Aerodrome	
6324	Q3914768	Lanigan Airport	
6325	Q3914767	Lucknow Airpark	
6326	Q3914753	Rockton Airport	
6327	Q3915254	Sullivan Bay Water Aerodrome	YTG
6328	Q3915261	Wolverhampton Airport	
6329	Q3915271	Leask Airport	
6330	Q3915282	Silver City Airport	
6331	Q3915264	Wawota Airport	
6332	Q3915273	Wellesbourne Mountford Airfield	
6333	Q3915269	Oliver Airport	
6334	Q3915252	Leaf Rapids Airport	YLR
6335	Q3915246	Unity Aerodrome	
6336	Q3915257	Fort Nelson/Gordon Field Airport	
6337	Q3915259	Lefroy Airport	
6338	Q3915267	Patuanak Airport	
6339	Q3915241	Pelican Narrows Water Aerodrome	
6340	Q3915244	Salaberry-de-Valleyfield Aerodrome	
6341	Q3915275	Sandy Bay Water Aerodrome	
6342	Q3915251	Sandy Lake Water Aerodrome	
6343	Q3915161	Lemberg Airport	
6344	Q3915114	Radville Airport	
6345	Q3915122	Silverstone Heliport	
6346	Q3915105	Wrigley Airport	YWY
6347	Q3915108	Macmillian Pass Airport	XMP
6348	Q3915123	Woodstock Airport	
6349	Q3915111	Valley Airport	
6350	Q3915131	Fort McMurray Water Aerodrome	
6351	Q3915158	Leaf Rapids Water Aerodrome	
6352	Q3915148	Leamington Airport	
6353	Q3915151	Lynn Lake (Eldon Lake) Water Aerodrome	
6354	Q3915145	Macklin Airport	
6355	Q3915116	Port Colborne Airport	
6356	Q3915141	Sandy Bay Airport	
6357	Q3915107	Simcoe (Dennison Field) Airport	
6358	Q3915117	Uranium City Water Aerodrome	
6359	Q3915132	Valcourt Airport	
6360	Q6678739	Lorain County Regional Airport	
6361	Q6682983	Los Montones Field	
6362	Q6674803	Lonorore Airport	LNE
6363	Q6682652	Los Colonizadores Airport	RVE
6364	Q6682492	Los Banos Municipal Airport	LSN
6365	Q6673259	Long Sukang Airport	LSU
6366	Q6673132	Long Ranch Airport	
6367	Q6674473	Longview Ranch Airport	
6368	Q6675454	Lookingglass Airport	
6369	Q6675612	Loon Creek Airfield	
6370	Q6676189	Lopez Island Airport	
6371	Q6682737	Los Frailes Airstrip	
6372	Q6683089	Los Pinos Airstrip	
6373	Q6674148	Longnan Chengzhou Airport	LNL
6374	Q6673589	Longana Airport	LOD
6375	Q3312799	Teresina Airport	THE
6376	Q3314457	Altamira Airport	ATM
6377	Q3315937	Joaquim Kapango Airport	SVP
6378	Q3312795	Fernando de Noronha Airport	FEN
6379	Q3315730	Cabinda Airport	CAB
6380	Q3312807	São José dos Campos Airport	SJK
6381	Q6747767	Mandalay Chanmyathazi Airport	VBC
6382	Q6747022	Manassas Regional Airport	MNZ
6383	Q6749699	Manila Municipal Airport	MXA
6384	Q6750393	Manjimup Airport	MJP
6385	Q6764077	Marine Corps Auxiliary Landing Field Bogue	
6386	Q6746931	Te Anau Airport	TEU
6387	Q6748632	Mangaia Airport	MGS
6388	Q6748001	Mandeville Aerodrome	
6389	Q6749185	Manguna Airport	MFO
6390	Q6765135	Marion County Airport	APT
6391	Q6747982	Mandera Airport	NDE
6392	Q6759842	Margaret River Airport	MQZ
6393	Q6748265	Mandurriao Airport	
6394	Q6749181	Manguinhos Airport	
6395	Q6749463	Manic-5 Aerodrome	
6396	Q6694759	Lt. Warren Eaton Airport	OIC
6397	Q6692683	Lovozero airfield	
6398	Q6696426	Luce County Airport	
6399	Q6695071	Lubang Airport	LBX
6400	Q6684534	Losuia Airport	LSA
6401	Q6693173	Lowell Airport	
6402	Q6693081	Lowcountry Regional Airport	RBW
6403	Q6683965	Lost Creek Airport	
6404	Q6684054	Lost Hills Airport	
6405	Q6684215	Lost River 1 Airport	
6406	Q6686737	Louis Bennett Field	
6407	Q6690496	Love County Airport	
6408	Q6693186	Lowell City Airport	
6409	Q6693372	Lower Chattahoochee Regional Airport	
6410	Q6696032	Lucapa Airport	LBZ
6411	Q6737141	Maitland Airport	MTL
6412	Q6741284	Malanje Airport	MEG
6413	Q6740484	Makurdi Airport	MDI
6414	Q6736832	Maintirano Airport	MXT
6415	Q6738110	Major Justino Mariño Cuesto Air Base	
6416	Q6738638	Makalamabedi Airport	
6417	Q6739565	Makindu Airport	
6418	Q6738582	Makabana Airport	KMK
6419	Q6737251	Maize Airport	
6420	Q6741657	Malaybalay Airport	
6421	Q5367215	Elorza Airport	EOZ
6422	Q5370264	Embu Airport	
6423	Q5368397	Ely Airport	ELY
6424	Q5365414	Ellington Airport	
6425	Q5367354	Elrose Airport	ERQ
6426	Q5368417	Ely Municipal Airport	LYU
6427	Q5368317	Elwood Airport	
6428	Q5374030	Empire Airport	
6429	Q5374031	Empire Airport	
6430	Q5375247	Enarotali Airport	EWI
6431	Q5374403	Emporia Municipal Airport	EMP
6432	Q5376730	Enejit Airport	EJT
6433	Q5370408	Emerald Airport	EMD
6434	Q3502837	Zhob Airport	PZH
6435	Q3502939	Mangla Airport	XJM
6436	Q3502930	Sehwan Sharif Airport	SYW
6437	Q3502842	Pasni Airport	PSI
6438	Q3503051	Long Banga Airport	LBP
6439	Q3503421	Saidu Sharif Airport	SDT
6440	Q3503058	Long Akah Airport	LKH
6441	Q3502854	Panjgur Airport	PJG
6442	Q3887968	Harriman-and-West Airport	
6443	Q3887953	Moroto Airport	
6444	Q3888029	Hermanos Ameijeiras Airport	VTU
6445	Q3888006	Buffalo Municipal Airport	
6446	Q3888013	Hamilton Field	
6447	Q3887981	Bruning Army Airfield	
6448	Q3887970	Heavens Gate Ranch Airport	
6449	Q3887941	Hengyang Bajialing Airport	
6450	Q3888019	Bryant Army Airfield	FRN
6451	Q5364362	Elko Regional Airport	EKO
6452	Q5364306	Elkin Municipal Airport	ZEF
6453	Q5362585	Elizabeth City Regional Airport	ECG
6454	Q5363880	Elizabethtown Regional Airport	EKX
6455	Q5353435	Pinal Airpark	MZJ
6456	Q5362765	Elizabeth Field	FID
6457	Q5363857	Elizabethton Municipal Airport	
6458	Q5364008	Elk Grove Airport	
6459	Q5362072	Eliye Springs Airport	EYS
6460	Q5364235	Elkhart Municipal Airport	EKI
6461	Q5363985	Elk City Regional Business Airport	ELK
6462	Q5360383	Ormoc Airport	OMC
6463	Q3888137	Henderson Field	MDY
6464	Q3888160	Buffalo-Lancaster Regional Airport	
6465	Q3888148	Buol Airport	UOL
6466	Q3888074	Hector Silva Airstrip	BCV
6467	Q3888108	Broken Bow Municipal Airport	BBW
6468	Q3888055	Handan Airport	HDG
6469	Q3888061	Bryant Field	
6470	Q3888153	Harihar Airport	
6471	Q3888097	Morrison Flight Park	
6472	Q3888125	Buli Airport	PGQ
6473	Q3443049	Tabas Airport	TCX
6474	Q3436141	Mono Airport	MNY
6475	Q3436160	Kaghau Airport	KGE
6476	Q3436184	Mahshahr Airport	MRX
6477	Q3456916	Sparrevohn LRRS Airport	SVW
6478	Q3437159	Sawan Airport	RZS
6479	Q3436178	Kirakira Airport	IRA
6480	Q3437167	Ramata Airport	RBV
6481	Q6745883	Mammoth Yosemite Airport	MMH
6482	Q6746795	Manakara Airport	WVK
6483	Q6742771	Malda Airport	LDA
6484	Q6745561	Mamburao Airport	MBO
6485	Q6746910	Mananjary Airport	MNJ
6486	Q6746891	Mananara Nord Airport	WMR
6487	Q6742784	Malden Regional Airport	MAW
6488	Q6743694	Malin Airport	
6489	Q6744266	Mallory Airport	
6490	Q6744481	Malolo Lailai Airport	PTF
6491	Q6745629	Mamfe Airport	MMF
6492	Q5403457	Gobernador Gordillo Airport	
6493	Q5398131	Eskilstuna Airport	EKT
6494	Q5388328	Erie Municipal Airport	
6495	Q5398901	Esperanza Field	
6496	Q5406639	Gustavo Rojas Pinilla de Tunja Airport	
6497	Q5409457	Eulogio Sánchez Airport	
6498	Q5392664	Ernest A. Love Field	PRC
6499	Q5399683	Essex County Airport	CDW
6500	Q5408306	Eugenio María de Hostos Airport	MAZ
6501	Q5398357	Esler Field	ESF
6502	Q5399793	Essex Skypark	
6503	Q5401085	Estevan (Blue Sky) Aerodrome	
6504	Q3502284	Brandon Municipal Airport	YBR
6505	Q3502455	Afutara Airport	AFT
6506	Q3502288	Wabush Airport	YWK
6507	Q3502302	Sarnia Chris Hadfield Airport	YZR
6508	Q3502467	Lethbridge Airport	YQL
6509	Q3502552	Härjedalen Sveg Airport	EVG
6510	Q3887196	Hamilton Municipal Airport	
6511	Q3887189	Headland Municipal Airport	
6512	Q3887175	Ann Arbor Municipal Airport	ARB
6513	Q3887184	Hayward Executive Airport	HWD
6514	Q3887166	Mount Hawley Auxiliary Airport	
6515	Q3887257	Bunbury Airport	BUY
6516	Q3887249	Heriberto Gíl Martínez Airport	ULQ
6517	Q3887224	Harry P. Williams Memorial Airport	PTN
6518	Q3887266	Bundaberg Airport	BDB
6519	Q3887239	Brownwood Regional Airport	BWD
6520	Q3887205	Harnett Regional Jetport	
6521	Q3544975	Lábrea Airport	LBR
6522	Q3544966	Rondonópolis Airport	ROO
6523	Q3545143	Kaélé Airport	KLE
6524	Q3545147	Lincoln Airport	LNK
6525	Q3545127	Delaware Coastal Airport	GED
6526	Q3545137	Kaya Airport	XKY
6527	Q3544971	Tandil Airport	TDL
6528	Q3545131	Summit Airport	
6529	Q3915663	Wainwright Aerodrome	
6530	Q3915634	Makkovik Airport	YMN
6531	Q3915750	Liverpool/South Shore Regional Airport	
6532	Q3915640	Radisson Airport	
6533	Q3915664	100 Mile House Airport	
6534	Q3915661	Edmonton/Josephburg Aerodrome	
6535	Q3915647	Orangeville/Murray Wesley Kot Field Airport	
6536	Q3915652	Radium Hot Springs Airport	
6537	Q3915653	Springhouse Airpark	
6538	Q3915632	Springwater (Barrie Airpark) Aerodrome	
6539	Q3915651	Sudbury/Azilda Water Aerodrome	
6540	Q3915659	Timmins/Porcupine Lake Water Aerodrome	
6541	Q3915752	Langley Regional Airport	YLY
6542	Q3915718	Penticton Regional Airport	YYF
6543	Q3912629	Paulatuk (Nora Aliqatchialuk Ruben) Airport	YPC
6544	Q3912643	Ponoka Industrial (Labrie Field) Airport	
6545	Q3912634	Revelstoke Airport	YRV
6546	Q3912636	Prince Albert (Glass Field) Airport	YPA
6547	Q3912641	Spirit River Airport	
6548	Q3912649	Swan Hills Airport	
6549	Q3912639	Taber Airport	
6550	Q3912647	Vegreville Airport	
6551	Q3912645	Zama Lake Airport	
6552	Q3912651	Arctic Bay Airport	YAB
6553	Q3912632	Lourdes-de-Blanc-Sablon Airport	YBX
6554	Q3915627	North Battleford (Cameron McIntosh) Airport	YQW
6555	Q3915624	Fort Providence Airport	
6556	Q3915607	St. Brieux Airport	
6557	Q3915616	West Poplar Airport	
6558	Q3915612	Old Sarum Airfield	
6559	Q3915608	Pelican Narrows Airport	
6560	Q3915594	Powell River Airport	YPW
6561	Q3915625	Earlton (Timiskaming Regional) Airport	YXR
6562	Q3915614	Farnham Airport	
6563	Q3915631	Lennoxville (Airview) Airport	
6564	Q3915629	Mabel Lake Airport	
6565	Q3915621	Port Elgin (Pryde Field) Airport	
6566	Q3915609	Steinbach Airport	
6567	Q3915618	Lebel-sur-Quévillon Airport	YLS
6568	Q3498090	Sierra Maestra Airport	MZO
6569	Q3498094	Agartala Airport	IXA
6570	Q3497861	Yirol Airport	
6571	Q3498103	Osvaldo Virgil Airport	
6572	Q3498144	Røst Airport	RET
6573	Q3497867	Tonj Airport	
6574	Q3497025	North Bay/Jack Garland Airport	YYB
6575	Q3497613	Dundo Airport	DUE
6576	Q3497562	Zrenjanin Airfield	ZRE
6577	Q3497401	Tri-Cities Airport	PSC
6578	Q6724812	Macomb Municipal Airport	MQB
6579	Q6716467	MKT Airfield	
6580	Q6724542	Mackinnon Road Airport	
6581	Q6727945	Madison County Airport	UYF
6582	Q6721089	Maamigili Airport	VAM
6583	Q6723249	Macenta Airport	MCA
6584	Q6727949	Huntsville Executive Airport	
6585	Q6724863	Macon Downtown Airport	MAC
6586	Q6727147	Madera Municipal Airport	MAE
6587	Q6721657	Mabuiag Island Airport	UBB
6588	Q6721565	Maben Airport	
6589	Q6723309	Mach-O Acres Airport	
6590	Q6723499	Machesney Airport	
6591	Q6724499	Mackinac County Airport	
6592	Q6724853	Macon County Airport	
6593	Q3498154	Notodden Airport	NTB
6594	Q3498883	El Lencero Airport	JAL
6595	Q3498918	Libertador General José de San Martín Airport	PSS
6596	Q3498238	Kalymnos Island National Airport	JKL
6597	Q3498634	Tnte. FAP Jaime Montreuil Morales Airport	CHM
6598	Q3498160	Røros Airport	RRS
6599	Q3915296	Edmonton/Twin Island Airpark	
6600	Q3915293	Leicester Airport	
6601	Q3915289	Woodford Aerodrome	WFD
6602	Q3915555	Akulivik Airport	AKV
6603	Q3915556	Aklavik/Freddie Carmichael Airport	LAK
6604	Q3915300	Fort Severn Airport	YER
6605	Q3915456	Edmonton/Gartner Airport	
6606	Q3915564	Uranium City Airport	YBE
6607	Q3915286	Wawa Airport	YXZ
6608	Q3915287	Kelvington Airport	
6609	Q3915303	Silver Falls Water Aerodrome	
6610	Q3536557	Banat Airport Caransebes	CSB
6611	Q3538450	Ordos Ejin Horo Airport	DSN
6612	Q3536550	Carnot Airport	CRF
6613	Q3536562	Carlos Miguel Jiménez Airport	PIL
6614	Q3536540	Carlos Manuel de Céspedes Airport	BYM
6615	Q3536519	Carlos Prates Airport	
6616	Q3540332	Arłamów Airport	
6617	Q3536616	Carl Folsom Airport	
6618	Q3888456	Hardisty Airport	
6619	Q3888400	Herning Airport	
6620	Q3888265	Hartsville Regional Airport	HVS
6621	Q3888255	Hanscom Field	BED
6622	Q3888275	Harriet Alexander Field	SLT
6623	Q3888443	Hanna Airport	
6624	Q3888468	Hall Beach Airport	YUX
6625	Q3888430	Hearst (René Fontaine) Municipal Airport	YHF
6626	Q3888415	Hartney Airport	
6627	Q3888462	Hawk Junction Water Aerodrome	
6628	Q3888438	Hawkesbury Airport	
6629	Q3888449	Hearst/Carey Lake Water Aerodrome	
6630	Q3888284	Mucky Flat Airport	
6631	Q4052780	Volk Field Air National Guard Base	VOK
6632	Q3916766	Semonkong Airport	SOK
6633	Q3916534	Eagle County Regional Airport	EGE
6634	Q3920388	Prairie Creek Airport	
6635	Q3915934	Killam/Killam-Sedgewick Airport	
6636	Q3920386	Kaslo Airport	
6637	Q4057202	Ada Airport	
6638	Q4057153	Agua Caliente Airport	
6639	Q4057152	Agua Dulce Airpark	
6640	Q3916615	Zafer Airport	KZR
6641	Q3912604	Mackenzie Airport	
6642	Q3912615	Anahim Lake Airport	YAA
6643	Q3912606	Red Sucker Lake Airport	YRS
6644	Q3912623	Alma Airport	YTF
6645	Q3912620	Texada/Gillies Bay Airport	YGB
6646	Q3912602	Provost Airport	
6647	Q3912610	Tadoule Lake Airport	XTL
6648	Q3912613	Sandy Lake Airport	ZSJ
6649	Q3912626	St. Lewis (Fox Harbour) Airport	YFX
6650	Q3912617	Sherbrooke Airport	YSC
6651	Q5432665	False River Regional Airport	
6652	Q5432087	Fall River Municipal Airport	
6653	Q5431746	Falcon Field	MSC
6654	Q5432417	Fallon Municipal Airport	FLX
6655	Q5431799	Falconhead Airport	
6656	Q5432013	Fall City Airport	
6657	Q5432099	Fall River Water Aerodrome	
6658	Q5432582	Falmouth Airpark	
6659	Q5432839	Falwell Airport	
6660	Q5434621	Far View Airport	
6661	Q5435090	Fargher Airport	
6662	Q5435544	Farm Yard Field	
6663	Q3506532	Klaipėda Airport	
6664	Q3506240	Fort Simpson Airport	YFS
6665	Q3506267	Lynn Lake Airport	YYL
6666	Q3512554	Havlíčkův Brod Airport	
6667	Q3522793	SLAF Batticaloa	BTC
6668	Q3528676	Yavatmal Airport	
6669	Q3522770	Tuticorin Airport	TCR
6670	Q3521971	Nimba Airport	NIA
6671	Q5379873	Enriquillo Field	
6672	Q5380061	Enstone Airfield	
6673	Q5385272	Erden Airfield	
6674	Q5380859	Enua Airport	AIU
6675	Q5379623	Enrique Adolfo Jiménez Airport	ONX
6676	Q5378895	Enid Woodring Regional Airport	WDG
6677	Q5382374	Ephrata Municipal Airport	EPH
6678	Q5378087	Englehart (Dave's Field) Aerodrome	
6679	Q5382363	Ephraim–Gibraltar Airport	
6680	Q5387041	Eric Marcus Municipal Airport	
6681	Q5388264	Erie Aerodrome	
6682	Q5388266	Erie Air Park	
6683	Q5388287	Erie County Airport	
6684	Q5385378	Erechim Airport	ERM
6685	Q5415920	Evans Head Memorial Aerodrome	EVH
6686	Q5416968	Everett-Stewart Regional Airport	UCY
6687	Q5414392	Eutaw Municipal Airport	
6688	Q5416080	Evart Municipal Airport	
6689	Q5419071	Ewo Airport	EWO
6690	Q5427791	Fabio Alberto León Bentley Airport	MVP
6691	Q5411203	Eureka Municipal Airport	
6692	Q5420099	Exeter Airport	
6693	Q5417132	Everglades Airpark	
6694	Q5417203	Evergreen Field	
6695	Q5416936	Haren Airport	
6696	Q5416265	Evelio Javier Airport	EUQ
6697	Q5411158	Eureka Airport	EUE
6698	Q6733807	Mahendranagar Airport	XMG
6699	Q6729591	Magadi Airport	
6700	Q6730879	Magic Valley Regional Airport	TWF
6701	Q6729576	Magadan-13 Airport	
6702	Q6736309	Maïné-Soroa Airport	
6703	Q6732559	Magway Airport	MWQ
6704	Q6729478	Mafia Airport	MFA
6705	Q6728062	Madison Municipal Airport	XMD
6706	Q6733082	Mahana Airport	TOZ
6707	Q6728237	Madisonville Municipal Airport	
6708	Q6729236	Maengsan Airport	
6709	Q6734730	Mahogany Mountain Airport	
6710	Q6735880	Maimun Saleh Airport	SBG
6711	Q3499438	Namsos Airport	OSY
6712	Q3499964	Captain Rogelio Castillo National Airport	CYW
6713	Q3499422	Kago Kaju Airport	
6714	Q3499509	"Kozani National Airport ""Filippos"""	KZI
6715	Q5442691	Felts Field	SFF
6716	Q5438680	San Luis Río Colorado Airport	UAC
6717	Q5441554	Feilding Aerodrome	
6718	Q5444177	Fergus Falls Municipal Airport	FFM
6719	Q5439057	Fayetteville Municipal Airport	FYM
6720	Q5436203	Farr Airport	
6721	Q5436366	Farrukhabad Airport	
6722	Q5438273	Faust Field	
6723	Q5439008	Fayette County Airport	
6724	Q5439029	Fayette Regional Air Center	
6725	Q5443315	Fenelon Falls/Sturgeon Lake Water Aerodrome	
6726	Q5444157	Fergus (Holyoake Airfield) Aerodrome	
6727	Q5444344	Ferkessédougou Airport	FEK
6728	Q5439010	Fayette County Airport	
6729	Q3915801	Olds-Didsbury Airport	
6730	Q3915795	Bjorgum Farm Airport	
6731	Q3915788	K'il Kun Xidgwangs Daanaay	YZP
6732	Q3915813	Pelican Airport	
6733	Q3915807	Rocky Mountain House Airport	YRM
6734	Q3915819	St. Francis Airport	
6735	Q3915805	Stettler Airport	
6736	Q3915798	Sundre Airport	
6737	Q3915799	Sundre/Goodwins Farm Airport	
6738	Q3915815	Three Hills Airport	
6739	Q3915808	Valleyview Airport	
6740	Q3915802	High Prairie Airport	ZHP
6741	Q4063554	Alpine Airstrip	DQH
6742	Q4068770	Argyle Airport	GYL
6743	Q4063625	Alturas Municipal Airport	
6744	Q4068491	Aralsk aerodrome	
6745	Q4069524	Armavir	
6746	Q4069478	Arctic Village Airport	ARC
6747	Q4059475	Akiachak Airport	KKI
6748	Q4066670	Annette Island Airport	ANN
6749	Q4062541	Allakaket Airport	AET
6750	Q4060821	Aleknagik Airport	WKK
6751	Q4059477	Akiak Airport	AKI
6752	Q4072965	Akhiok Airport	AKK
6753	Q3912783	Lutselk'e Airport	YSG
6754	Q3912754	Fort Reliance Water Aerodrome	YFL
6755	Q3912749	Kasabonika Airport	XKS
6756	Q3912736	Ottawa/Rockcliffe Airport	YRO
6757	Q3912785	Schefferville Airport	YKL
6758	Q3912780	Kangiqsualujjuaq (Georges River) Airport	XGR
6759	Q3912725	Fort Simpson Island Airport	
6760	Q3912744	Fox Harbour Airport	
6761	Q3912746	Port Elgin Airport	
6762	Q3912722	Red Deer Forestry Airport	
6763	Q3912731	Slate Falls Airport	
6764	Q3912727	Sussex Aerodrome	
6765	Q3912733	Toad River/Mile 422 (Alaska Highway) Airport	
6766	Q6881746	Mitiaro Airport	MOI
6767	Q6909383	Morawa Airport	MWB
6768	Q6907395	Moomba Airport	MOO
6769	Q6916645	Mossendjo Airport	MSX
6770	Q6897073	Mombo Airstrip	
6771	Q6913210	Morogoro Airstrip	
6772	Q6904720	Monte Caseros Airport	MCS
6773	Q6899815	Mongu Airport	MNR
6774	Q6902232	Monroe Municipal Airport	
6775	Q6908302	Mooreland Municipal Airport	
6776	Q6913226	Morombe Airport	MXM
6777	Q6913022	Mornington Island Airport	ONG
6778	Q6902110	Monroe-Walton County Airport	
6779	Q6916212	Moshi Airport	QSI
6780	Q3912568	Fort Frances Municipal Airport	YAG
6781	Q3912553	Sault Ste. Marie Airport	YAM
6782	Q3912574	Umiujaq Airport	YUD
6783	Q3912571	West Kootenay Regional Airport	YCG
6784	Q3912567	The Pas Airport	YQD
6785	Q3912565	Eastmain River Airport	ZEM
6786	Q3912558	South Indian Lake Airport	XSI
6787	Q3912560	Fort McPherson Airport	ZFM
6788	Q3912555	Old Crow Airport	YOC
6789	Q6772274	Maroantsetra Airport	WMN
6790	Q6768409	Yendi Airport	
6791	Q6792410	Mauke Airport	MUK
6792	Q6772584	Marquette County Airport	MQT
6793	Q6794105	Maués Airport	MBZ
6794	Q6781896	Maré Airport	MEE
6795	Q6793959	Maury County Airport	MRC
6796	Q6770639	Markerville/Safron Farms Aerodrome	
6797	Q6781264	Maryland Airport	
6798	Q6787759	Matoush Aerodrome	
6799	Q6791986	Matupá Airport	MBK
6800	Q6705005	Lusaka City Airport	
6801	Q6697767	Lucknow Air Force Station	
6802	Q6708484	Lynchburg Regional Airport	LYH
6803	Q6706115	Luverne Municipal Airport	
6804	Q6704903	Luray Caverns Airport	
6805	Q6705197	Luskintyre Airfield	
6806	Q6705907	Lutong Airport	
6807	Q6704727	Lupin Airport	YWO
6808	Q6712618	M. Graham Clark Field, Taney County Airport	PLK
6809	Q6711554	Lüliang Airport	LLV
6810	Q6699636	Lufker Airport	
6811	Q6705026	Lusardi Field	
6812	Q6705047	Luscombe Airfield	
6813	Q6707848	Lykes Palmdale Airport	
6814	Q6705017	Lusambo Airport	LBO
6815	Q5466516	Foothills Regional Airport	MRN
6816	Q5468859	Forest Field Aerodrome	
6817	Q5465163	Fonte Boa Airport	FBA
6818	Q5464966	Fond du Lac County Airport	FLD
6819	Q5467244	Topeka Regional Airport	FOE
6820	Q5467650	Ford Airport	IMT
6821	Q5468824	Forest City Municipal Airport	FXY
6822	Q5463506	Flying S Ranch Airport	
6823	Q5463540	Flying T Ranch Airport	
6824	Q5463557	Flying W Airport	
6825	Q5463551	Flying Tom Airport	
6826	Q5467646	Ford Airport	
6827	Q5469829	Forks Airport	
6828	Q3912666	Andrew Airport	
6829	Q3912660	Grist Lake Airport	
6830	Q3912675	Loon River Airport	
6831	Q3912669	Strathmore (D.J. Murray) Airport	STH
6832	Q3912682	Grimshaw Airport	
6833	Q3912657	Paramount Bistcho Airport	
6834	Q3912671	Prince George (North Cariboo Air Park) Airport	
6835	Q3912684	Rimbey Airport	
6836	Q3912655	Steen River Airport	
6837	Q3912664	Steen Tower Airport	
6838	Q3912679	Teepee Airport	
6839	Q3912662	Vauxhall Airport	
6840	Q3912673	Wabasca Airport	
6841	Q3912653	Warner Airport	
6842	Q6960765	Bikaner Airport	BKB
6843	Q7006432	New Castle Municipal Airport	UCP
6844	Q7005468	New Bedford Regional Airport	EWB
6845	Q6958043	Pančevo Airport	QBG
6846	Q6965157	Napuka Airport	NAU
6847	Q6996894	Nervino Airport	NVN
6848	Q6958419	Slovenj Gradec Airport	
6849	Q7005636	New Braunfels Municipal Airport	
6850	Q6966527	Naryn Airport	
6851	Q6963650	Nanjing Dajiaochang Airport	
6852	Q3544927	Bonaventure Airport	YVB
6853	Q3544846	Sancti Spíritus Airport	USS
6854	Q3544683	Robert Atty Bessing Airport	LNU
6855	Q3544688	Samburu Airport	UAS
6856	Q3544931	Enniskillen/St Angelo Airport	ENK
6857	Q3544679	Kalimarau Airport	BEJ
6858	Q3544962	Swansea Airport	SWS
6859	Q3544693	Penggung Airport	CBN
6860	Q3544603	Sremska Mitrovica Airport	SMC
6861	Q7012189	New Ulm Municipal Airport	ULM
6862	Q7016591	Licking County Regional Airport	
6863	Q7008011	New Halfa Airport	NHF
6864	Q7022052	Ngara Airport	
6865	Q7018922	Newport Municipal Airport	ONP
6866	Q7010999	New Plymouth Airport	NPL
6867	Q7011545	New Smyrna Beach Municipal Airport	
6868	Q7017361	Newcastle Aerodrome	
6869	Q7007749	New Garden Airport	
6870	Q7010031	New Market Airport	
6871	Q7013773	New York Mills Municipal Airport	
6872	Q7018394	Newman's Airport	
6873	Q7018918	Newport Municipal Airport	
6874	Q7011267	New River Valley Airport	PSK
6875	Q5453024	First Flight Airport	FFA
6876	Q5444566	Fernandina Beach Municipal Airport	
6877	Q5448852	Fillmore County Airport	
6878	Q5447523	Olanda Airport	
6879	Q5450935	Finschhafen Airport	FIN
6880	Q5448864	Fillmore Municipal Airport	FIL
6881	Q5448004	Figure 2 Ranch Airport	
6882	Q5451841	Firefly Ranch Airfield	
6883	Q5444795	Fernando Luis Ribas Dominicci Airport	SIG
6884	Q5449800	Finca 63 Airport	
6885	Q5449983	Findlay Airport	FDY
6886	Q3912687	Gordon Lake Airport	
6887	Q3912720	La Crete Airport	
6888	Q3912700	Lacombe Regional Airport	
6889	Q3912709	Tofield Airport	
6890	Q3912694	Viking Airport	
6891	Q3912696	Kirby Lake Airport	
6892	Q3912716	Red Earth Creek Airport	
6893	Q3912704	Rockyford Airport	
6894	Q3912707	Turner Valley Bar N Ranch Airport	
6895	Q3912698	Vulcan Airport	
6896	Q3912702	Warburg/Zajes Airport	
6897	Q3912712	Westlock Airport	
6898	Q3912718	Wetaskiwin Regional Airport	
6899	Q3912691	Zama Airport	
6900	Q7049256	Nondalton Airport	NNL
6901	Q7056318	North Perry Airport	HWO
6902	Q7054774	North Central West Virginia Airport	CKB
6903	Q7054020	North Auxiliary Airfield	XNO
6904	Q7053411	Norseman Airport	NSM
6905	Q7055970	North Little Rock Municipal Airport	
6906	Q7051870	Norman's Cay Airport	NMC
6907	Q7053104	Normanton Airport	NTN
6908	Q7051088	Norfolk Regional Airport	OFK
6909	Q7053773	North American Farms Airport	
6910	Q7054336	North Buffalo Suburban Airport	
6911	Q7056227	North Omaha Airport	
6912	Q7056272	North Palm Beach County General Aviation Airport	
6913	Q7054761	North Central State Airport	SFZ
6914	Q7054343	North Caicos Airport	NCA
6915	Q6800521	McCook Ben Nelson Regional Airport	MCK
6916	Q6858124	Milkovo Airport	
6917	Q6841039	Mid Valley Airport	
6918	Q6803265	Meadow Lake Airport	YLJ
6919	Q6841826	Middlemount Airport	MMM
6920	Q6813779	Melton Airfield	
6921	Q6879105	Mississippi County Airport	
6922	Q6818270	Mercer County Airport	
6923	Q6825484	Mettel Field	CEV
6924	Q6803395	Meadowlark Airport	
6925	Q6799680	Mbeya Airport	MBI
6926	Q6796049	Maxville (Bourdon Farm) Aerodrome	
6927	Q6797091	Mayes Airport	
6928	Q6797332	Maylands Airport	
6929	Q6802746	McVille Airport	
6930	Q6802747	McVille Municipal Airport	
6931	Q6805316	Medford Municipal Airport	
6932	Q6859428	Millet/Creekview Aerodrome	
6933	Q5456581	Flabob Airport	RIR
6934	Q5461190	Florida Airport	
6935	Q5457039	Flagstaff Pulliam Airport	FLG
6936	Q5456948	Flagler Executive Airport	
6937	Q5454370	Fisantekraal Airfield	
6938	Q5455422	Fitch H. Beach Airport	
6939	Q5455431	Fitchburg Municipal Airport	
6940	Q5458559	Fleming-Mason Airport	
6941	Q5458780	Fletcher Field Airport	CKM
6942	Q5454922	Evergreen North-South Airpark	
6943	Q5456944	Flagler Beach Airport	
6944	Q5460764	Florence Regional Airport	FLO
6945	Q5461496	Florida Keys Marathon Airport	MTH
6946	Q5491719	Franklin Municipal-John Beverly Rose Airport	FKN
6947	Q5491432	Franklin County State Airport	
6948	Q5498444	Frederick Municipal Airport	FDK
6949	Q5491400	Franklin County Airport	
6950	Q5501243	Freeway Airport	
6951	Q5493537	Frasca Field	
6952	Q5494106	Frazier Lake Airpark	
6953	Q5496747	Freddie Jones Field	
6954	Q5500905	Freehold Airport	
6955	Q5501552	Fremont Airport	
6956	Q5501449	Frejus Airport	FRJ
6957	Q5498613	Frederick Regional Airport	FDR
6958	Q5501026	Freeman Municipal Airport	SER
6959	Q5508413	Fulton County Airport	
6960	Q5501832	French Lick Municipal Airport	FRH
6961	Q5501608	Fremont Municipal Airport	FET
6962	Q5501605	Fremont Municipal Airport	
6963	Q5507213	Fuerte Militar Larandia	
6964	Q5528883	Gayndah Airport	GAH
6965	Q5503346	Fria Airport	FIG
6966	Q5510938	Fuvahmulah Airport	FVM
6967	Q5519729	Gamboma Airport	GMM
6968	Q5521565	Old Ganzhou Huangjin Airport	KOW
6969	Q5511726	Førde Airport, Øyrane	
6970	Q5527092	Gates Airport	
6971	Q5516830	Gage Airport	GAG
6972	Q3565428	Miandrivazo Airport	ZVA
6973	Q3565295	Minchumina Airport	LMA
6974	Q3565435	Mineral Wells Airport	MWL
6975	Q3565466	Miami Municipal Airport	MIO
6976	Q3565287	Miller Airport	
6977	Q3565442	Mexico Farms Airport	
6978	Q3565415	Middle Stewiacke Airport	
6979	Q3565458	Miller-Sparta Airport	
6980	Q3565328	Minam Lodge Airport	
6981	Q3565450	Minto Aerodrome	
6982	Q3565424	Mohawk Valley Airport	
6983	Q3565391	Napier Ranch Airport	
6984	Q3565397	Midland Airpark	MDD
6985	Q3565309	Nanwalek Airport	KEB
6986	Q3565368	Namlea Airport	NAM
6987	Q3545296	Vanuabalavu Airport	VBV
6988	Q3545300	Kribi Airport	KBI
6989	Q3545312	Punta Islita Airport	PBP
6990	Q3545288	Siguanea Airport	SZJ
6991	Q3545305	Zougra Airport	
6992	Q3545151	St. George Regional Airport	SGU
6993	Q3545228	Fakarava Airport	FAV
6994	Q3545310	Alexander Bay Airport	ALJ
6995	Q3915904	Saskatoon/Corman Air Park	
6996	Q3915927	Oxford House Airport	YOH
6997	Q3915868	Edra Airport	
6998	Q3915896	Leoville Airport	
6999	Q3915882	Pelly Crossing Airport	
7000	Q3915886	Fort Resolution Airport	YFR
7001	Q3915888	Wycombe Air Park	HYC
7002	Q3915906	Finlay Air Park	
7003	Q3915902	Madawaska Valley Airpark	
7004	Q3915863	Maidstone Aerodrome	
7005	Q3915824	Olds (Netook) Airport	
7006	Q3915899	Orillia Airport	
7007	Q3915893	Sioux Narrows Airport	
7008	Q3915884	St. François Xavier Airport	
7009	Q3915872	Surrey/King George Airpark	
7010	Q3915825	Lac La Biche Airport	YLB
7011	Q3500201	Alerta Airport	ALD
7012	Q3500296	Renk Airport	
7013	Q3500235	Ulanhot Yilelite Airport	HLH
7014	Q3500280	Pibor Airport	
7015	Q3500380	Tumbura Airport	
7016	Q3500160	Lago Agrio Airport	LGQ
7017	Q3500191	Tobías Bolaños International Airport	SYQ
7018	Q3912548	Oyen Municipal Airport	
7019	Q3888513	Brown County Airport	
7020	Q3912537	Pincher Creek Airport	WPC
7021	Q3888640	Hamilton Airport	HLT
7022	Q3888583	Hawke's Bay Airport	NPE
7023	Q3888571	Buchanan Field Airport	CCR
7024	Q3912550	Acme Airport	
7025	Q3889241	A. A. Bere Tallo Airport	ABU
7026	Q3889280	Haliburton/Stanhope Municipal Airport	
7027	Q3912542	Stony Plain (Lichtner Farms) Airport	
7028	Q3912541	Two Hills Airport	
7029	Q3912546	Ekati Airport	YOA
7030	Q3888527	Brooks Field	
7031	Q3535488	Caribou Municipal Airport	CAR
7032	Q3529389	Latur Airport	LTU
7033	Q3535924	Save Airport	SVF
7034	Q3536157	Oecusse Airport	OEC
7035	Q3534922	Viqueque Airport	VIQ
7036	Q3534799	Porga Airport	
7037	Q3535915	Cardiff Brothers Airport	
7038	Q3536093	Caroline Aerodrome	
7039	Q3529756	Vidyanagar Airport	VDY
7040	Q3534803	Suai Airport	UAI
7041	Q3542780	Lázaro Cárdenas Airport	LZC
7042	Q3544408	Sui Airport	SUL
7043	Q3544273	Sovetsky Airport	OVS
7044	Q3543827	Nkongsamba Airport	NKS
7045	Q3544012	Trstenik Airport	
7046	Q3543824	Lisičji Jarak Airport	
7047	Q3544441	Leskovac Airport	
7048	Q3542738	Vicecomodoro Ángel de la Paz Aragonés Airport	SDE
7049	Q3543830	Progar Airport	PGB
7050	Q3505195	Rumbek Airport	RBX
7051	Q3504954	Lengpui Airport	AJL
7052	Q3504965	Korçë Northwest Airport	
7053	Q3505202	Kapoeta Airport	
7054	Q3505034	Riyan Airport	RIY
7055	Q3915775	Mayo Airport	YMA
7056	Q3915772	Lac du Bonnet Airport	
7057	Q3915759	Sparwood/Elk Valley Airport	
7058	Q3915777	Rochester Airport	RCS
7059	Q3915757	Aberporth Airport	
7060	Q3915764	Retford Gamston Airport	
7061	Q3915779	Whitehorse/Cousins Airport	
7062	Q3915767	South Cariboo Regional Airport	ZMH
7063	Q3915765	Squamish Airport	YSE
7064	Q3915754	Sheffield City Airport & Heliport	SZD
7065	Q3912826	Trail Airport	YZZ
7066	Q3912838	Shamattawa Airport	ZTM
7067	Q3912840	Tasiujaq Airport	YTQ
7068	Q3912828	Wollaston Lake Airport	ZWL
7069	Q3912820	Fort Albany Airport	YFA
7070	Q3912818	Sechelt Aerodrome	YHS
7071	Q3912831	Rae/Edzo Airport	
7072	Q3912816	Saint-Ferdinand Aerodrome	
7073	Q3912813	York Landing Airport	ZAC
7074	Q3912833	Kashechewan Airport	ZKE
7075	Q3912942	Perranporth Airfield	
7076	Q3912922	Regina Beach Airport	
7077	Q3912906	Saint-Georges Aerodrome	
7078	Q3912874	Roberval Airport	YRJ
7079	Q3912899	Gore Bay-Manitoulin Airport	YZE
7080	Q3912930	York Aerodrome	
7081	Q3912938	Doig Airport	
7082	Q3912908	Grimsby Regional Airport	
7083	Q3912884	Listowel Airport	
7084	Q3912891	Red Sucker Lake Water Aerodrome	
7085	Q3912915	Saint-Frédéric Aerodrome	
7086	Q3912903	Scar Creek Airport	
7087	Q3912945	Vermilion Bay Airport	
7088	Q3912882	Wyevale (Boker Field) Airport	
7089	Q3912934	Wunnummin Lake Airport	WNN
7090	Q3912912	Poplar River Airport	XPP
7091	Q5609690	Griswold Airport	MPE
7092	Q5607374	Grenada Municipal Airport	
7093	Q5608515	Greytown Airport	
7094	Q5611408	Grove Hill Municipal Airport	
7095	Q5604714	Greenville Municipal Airport	
7096	Q5604716	Greenville Municipal Airport	
7097	Q5604717	Greenville Municipal Airport	
7098	Q5605047	Greenwood Municipal Airport	
7099	Q5609248	Grimes Airport	
7100	Q5604499	Greensburg Jeannette Regional Airport	
7101	Q5608492	Jumbolair Airport	
7102	Q5608629	Grider Field	PBF
7103	Q5610758	Groton-New London Airport	GON
7104	Q5610546	Grosse Ile Municipal Airport	ONZ
7105	Q5609666	Grissom Aeroplex	GUS
7106	Q5608843	Griffing Sandusky Airport	SKY
7107	Q5470978	Fort Collins–Loveland Municipal Airport	FNL
7108	Q5471058	Fort Deposit–Lowndes County Airport	
7109	Q5471716	Fort Morgan Municipal Airport	
7110	Q5471875	Fort Portal Airport	
7111	Q5470434	Forrest Airport	FOS
7112	Q5471568	Fort MacKay/Firebag Aerodrome	YFI
7113	Q5471471	Fort Lauderdale Executive Airport	FXE
7114	Q5471567	Fort MacKay/Albian Aerodrome	JHL
7115	Q5472005	Fort Scott Municipal Airport	FSK
7116	Q5470959	Fort Collins Downtown Airport	
7117	Q5471609	Fort McClellan Army Airfield	
7118	Q5471646	Fort McMurray (Legend) Aerodrome	
7119	Q5471644	Fort McMurray (North Liege) Aerodrome	
7120	Q5471648	Fort McMurray (South Liege) Aerodrome	
7121	Q5471746	Fort Nelson/Mobil Sierra Airport	
7122	Q5470447	Forrest City Municipal Airport	FCY
7123	Q5470537	Forrestania Airport	
7124	Q3913003	Dryden Water Aerodrome	
7125	Q3912997	Elko Airport	
7126	Q3912968	Finlayson Lake Airport	
7127	Q3912962	Grenfell Airport	
7128	Q3913017	Little Bear Lake Airport	
7129	Q3912984	Penticton Water Aerodrome	
7130	Q3912993	Perry Lake Water Aerodrome	
7131	Q3913006	Port Stanton/Sparrow Lake Water Aerodrome	
7132	Q3913009	Saint-Jérôme Aerodrome	
7133	Q3913019	Scottsfield Aerodrome	
7134	Q3913023	Snare River Airport	
7135	Q3912987	Toronto City Centre Water Aerodrome	
7136	Q3913012	Weymontachie Airport	
7137	Q3912959	Fort St. James (Perison) Airport	YJM
7138	Q3912966	Wynyard/W. B. Needham Field Aerodrome	YYO
7139	Q3912970	Snap Lake Airport	YNX
7140	Q3912974	St. Paul Aerodrome	ZSP
7141	Q3913225	White River Water Aerodrome	YWR
7142	Q3913264	Teslin Airport	YZW
7143	Q3913216	Great Bear Lake Airport	DAS
7144	Q3913242	Alert Bay Airport	YAL
7145	Q3913233	Empress Airport	YEA
7146	Q3913258	Gratiot Community Airport	AMN
7147	Q3913262	Goose Bay Airport	
7148	Q3913245	Ford Bay Airport	
7149	Q3913260	Lake Muskoka/Dudley Bay Water Aerodrome	
7150	Q3913237	Loon Lake Airport	
7151	Q3913256	Niagara Falls/Niagara South Airport	
7152	Q3913253	Orton/Smith Field Airport	
7153	Q3913230	Poste Montagnais Airport	
7154	Q3913251	Red Lake Water Aerodrome	
7155	Q3913247	Souris Glenwood Industrial Air Park	
7156	Q3912842	Points North Landing Airport	YNL
7157	Q3912864	Norman Wells Airport	YVQ
7158	Q3912847	St. Anthony Airport	YAY
7159	Q3912861	Fond-du-Lac Airport	ZFD
7160	Q3912872	Wemindji Airport	YNC
7161	Q3912868	Alexandria Aerodrome	
7162	Q3912855	Kapuskasing Airport	YYU
7163	Q3912851	Kuujjuarapik Airport	YGW
7164	Q3912858	Whatì Airport	YLE
7165	Q4175263	Yeltsovka Airport	
7166	Q4152880	Gustavus Airport	GST
7167	Q4151735	Gwinner-Roger Melroe Field	
7168	Q4160121	Amador County Airport	
7169	Q4160967	Dzemgi Airport	
7170	Q4169262	Saratov-Dubki Airfield	
7171	Q4163723	Koyuk Alfred Adams Airport	KKA
7172	Q4176155	Erbogachen Airport	ERG
7173	Q4155805	Vyazma Airport	
7174	Q4167603	Drakino Airfield	
7175	Q4169982	Taetan Airport	
7176	Q4173681	Egorlykskaya	
7177	Q4151856	Gulkana Airport	GKN
7178	Q4154889	Dunsmuir Municipal-Mott Airport	MHS
7179	Q5472409	Fort Worth Spinks Airport	
7180	Q5472126	Fort Stockton-Pecos County Airport	FST
7181	Q5472062	Fort Smith Regional Airport	FSM
7182	Q5472567	Fortescue Dave Forrest Airport	KFE
7183	Q5472154	Fort Sumner Municipal Airport	FSU
7184	Q5472378	Perot Field Fort Worth Alliance Airport	AFW
7185	Q5472012	Fort Selkirk Aerodrome	
7186	Q5472081	Fort St. John/Tompkins Mile 54 Airport	
7187	Q5472240	Fort Walton Beach Airport	
7188	Q3564986	Namatanai Airport	ATN
7189	Q3565192	Napa County Airport	APC
7190	Q3565039	Minden-Tahoe Airport	MEV
7191	Q3565049	Napakiak Airport	WNA
7192	Q3565111	Michael J. Smith Field	
7193	Q3565138	Minute Man Air Field	MMN
7194	Q3565156	Miller Airport	
7195	Q3565149	Meyers-Diver's Airport	
7196	Q3565182	Middle Bass Island Airport	
7197	Q3565025	Middlebury State Airport	
7198	Q3565088	Middleton Island Airport	MDO
7199	Q3565132	Moises R. Espinosa Airport	MBT
7200	Q3565201	Miami University Airport	OXD
7201	Q4184341	Zaysan Airport	SZI
7202	Q4177405	Malacky Air Base	
7203	Q4178066	Changaösen airport	
7204	Q4178807	Zheleznogorsk Airport	
7205	Q4183200	Zavodske Airfield	
7206	Q4192609	Tver Zmeyevo Airport	
7207	Q4180003	Zhigansk Airport	ZIX
7208	Q3912805	Fort Good Hope Airport	YGH
7209	Q3912807	Puvirnituq Airport	YPX
7210	Q3912791	Red Lake Airport	YRL
7211	Q3912796	Kangirsuk Airport	YKG
7212	Q3912810	Quaqtaq Airport	YQC
7213	Q3912789	Peawanuck Airport	YPO
7214	Q3912794	Rimouski Airport	YXK
7215	Q3912801	Kenora Airport	YQK
7216	Q3912799	La Ronge (Barber Field) Airport	YVC
7217	Q7088540	Olpoi Airport	OLJ
7218	Q7087140	Olive Branch Airport	OLV
7219	Q7094553	Onslow Airport	ONS
7220	Q7088975	Olympia Regional Airport	OLM
7221	Q7089070	Olympic Dam Airport	OLP
7222	Q7093721	Oneonta Municipal Airport	ONH
7223	Q7085299	Old Town Municipal Airport and Seaplane Base	OLD
7224	Q7092208	Ondjiva Pereira Airport	VPE
7225	Q7084309	Old Kaduna Airport	
7226	Q7085722	Olds/North 40 Ranch Aerodrome	
7227	Q7087163	Olive Hill Airport	
7228	Q7093842	Ongjin Airport	
7229	Q7093673	Oneida County Airport	UCA
7230	Q4073698	Fuyuan Dongji Airport	FYJ
7231	Q4073198	Akhtubinsk Air Base	
7232	Q4073778	Ayaguz Airport	
7233	Q4074738	Bagdarin aerodrome	
7234	Q4073703	Platte Island Airport	
7235	Q4073707	Praslin Island Airport	PRI
7236	Q4079251	Batagay Airport	BQJ
7237	Q4073571	Ashuluk Airfield	
7238	Q4076577	Baley Airport	
7239	Q4079488	Elk Hills-Buttonwillow Airport	
7240	Q4073704	Frégate Island Airport	FRK
7241	Q4081610	Belaya Gora Airport	BGN
7242	Q4084896	Beringovski Airport	
7243	Q4107142	Venetie Airport	VEE
7244	Q4103583	Varandey Airport	VRI
7245	Q4094061	Borisoglebskoye airfield	
7246	Q4098341	Buzachi aerodrome	
7247	Q4103182	Valek Airport	
7248	Q4105305	Vatulino Airfield	
7249	Q4112383	Vitim Airport	
7250	Q4106422	Velikiye Luki Airport	VLU
7251	Q4108317	Verkhnevilyuysk Airport	VHV
7252	Q4087670	Eastern Sierra Regional Airport	BIH
7253	Q4081775	Belevtsy Airfield	
7254	Q4082658	Beloretsk Airport	
7255	Q4092289	Bolshoye Gryzlovo Airfield	
7256	Q4098258	Budyonnovsk air base	
7257	Q3912584	Slave Lake Airport	YZH
7258	Q3912595	Seething Airfield	
7259	Q3912577	Williams Lake Airport	YWL
7260	Q3912586	Sydney/J.A. Douglas McCurdy Airport	YQY
7261	Q3912597	Sachs Harbour (David Nasogaluak Jr. Saaryuaq) Airport	YSY
7262	Q3912599	Kimmirut Airport	YLC
7263	Q3912593	Trout Lake Airport	
7264	Q3912590	Lac Brochet Airport	XLB
7265	Q3912580	Fort Smith Airport	YSM
7266	Q3912588	Vermilion Airport	YVG
7267	Q3912600	Whitecourt Airport	YZU
7268	Q3913145	Rivers Inlet Water Aerodrome	YRN
7269	Q3913139	Parry Sound Area Municipal Airport	YPD
7270	Q3913150	Trenton Aerodrome	YTN
7271	Q3913112	Swift Current Airport	YYN
7272	Q3913162	Dunnville Airport	
7273	Q3913136	Durham (Mulock) Airport	
7274	Q3913121	Elmira Airport	
7275	Q3913167	Gunisao Lake Airport	
7276	Q3913172	Gunisao Lake Water Aerodrome	
7277	Q3913133	Kincardine/Shepherd's Landing Airport	
7278	Q3913119	Kipling Airport	
7279	Q3913124	Kitimat Airport	
7280	Q3913114	Pickle Lake Water Aerodrome	
7281	Q3913159	Pikangikum Water Aerodrome	
7282	Q3913126	Porters Lake Airport	
7283	Q3913142	Selkirk Airport	
7284	Q3913116	Du Rocher-Percé (Pabos) Airport	
7285	Q3545782	Moenjodaro Airport	MJD
7286	Q3545566	Four Corners Regional Airport	FMN
7287	Q3564966	Miles City Airport	MLS
7288	Q3564934	Millington Regional Jetport	NQA
7289	Q3564924	Miley Memorial Field	BPI
7290	Q3564959	Nanur Airport	
7291	Q3564872	Mexico Memorial Airport	
7292	Q3564973	Miminiska Water Aerodrome	
7293	Q3564948	Miranda's Skyranch Airport	
7294	Q3564844	Mona Airport	
7295	Q3564838	Natchez-Adams County Airport	HEZ
7296	Q3564949	Millinocket Municipal Airport	MLT
7297	Q5620825	Gusap Airport	GAP
7298	Q5618040	Gumare Airport	
7299	Q5619447	Guntersville Municipal Airport	
7300	Q5620830	Gusau Airstrip	
7301	Q5617269	Gulbarga Airport	GBI
7302	Q5621632	Gustine Airport	
7303	Q5619280	Gunnison–Crested Butte Regional Airport	GUC
7304	Q5621789	Guthrie–Edmond Regional Airport	GOK
7305	Q5566584	Glamoč Airport	
7306	Q5529305	Gbadolite Airport	BDT
7307	Q5546971	Georgetown Airport	GTT
7308	Q5586090	Gore Aerodrome	
7309	Q5579527	Golden Grove Airport	
7310	Q5583563	Goodooga Airport	
7311	Q5555644	Ghanzi Airport	GNZ
7312	Q5556716	Ghinnir Airport	GNN
7313	Q5553218	Magas Airport	IGT
7314	Q5541502	George Lake Aerodrome	
7315	Q5554737	Gettysburg Airport	
7316	Q5562106	Gillespie Airport	
7317	Q5566912	Glasgow Seaplane Terminal	
7318	Q5584085	Goose Lake Aerodrome	
7319	Q5580901	Golog Airport	GMQ
7320	Q7110166	Ouahigouya Airport	OUG
7321	Q7110176	Ouallam Airport	
7322	Q7109214	Ottawa Municipal Airport	OWI
7323	Q7108228	Oswego County Airport	
7324	Q7106389	Osceola Municipal Airport	
7325	Q7110023	Ottumwa Regional Airport	OTM
7326	Q7110096	Otú Airport	OTU
7327	Q7107120	Dharashiv Airport	
7328	Q7105752	Osborn Airfield	
7329	Q7106430	Oscoda County Dennis Kauffman Memorial Airport	
7330	Q7108237	Oswego Municipal Airport	
7331	Q7108318	Ota Airport	
7332	Q7109136	Ottawa/Casselman (Shea Field) Aerodrome	
7333	Q7109137	Ottawa/Manotick (Hope Field) Aerodrome	
7334	Q7106435	Oscoda-Wurtsmith Airport	OSC
7335	Q5462388	Floyd Bennett Memorial Airport	GFL
7336	Q5462911	Flushing Airport	FLU
7337	Q5463477	Flying M Airport	
7338	Q5463370	Flying C Airport	
7339	Q5463389	Flying D Ranch Airport	
7340	Q5463407	Flying E Airport	
7341	Q5463464	Flying K Ranch Airport	
7342	Q5462036	Flournoy Valley Airport	
7343	Q5463095	Fly 'N' W Airport	
7344	Q5463242	Fly by Night Airport	
7345	Q5463166	Fly For Fun Airport	
7346	Q5463324	Flyin' B Airport	
7347	Q5463462	Flying K Bar J Ranch Airport	
7348	Q5463377	Flying Cloud Airport	FCM
7349	Q6930702	Muanda Airport	MNB
7350	Q6943999	Mutoko Airport	
7351	Q6934220	Mullewa Airport	MXU
7352	Q6939231	Murrayfield Airport	
7353	Q6921620	Mount Keith Airport	WME
7354	Q6939594	Murrin Murrin Airport	WUI
7355	Q6943042	Musoma Airport	MUZ
7356	Q6920938	Mount Gordon Airport	GPD
7357	Q6957163	Nachingwea Airport	NCH
7358	Q6922866	Mount Pleasant/Scottdale Airport	
7359	Q6934024	Mulino State Airport	
7360	Q6948785	Mysterious Valley Airport	
7361	Q6926425	Mouyondzi Airport	MUY
7362	Q3913071	Pender Harbour Water Aerodrome	YPT
7363	Q3913079	Dunkeswell Aerodrome	
7364	Q3913103	Knee Lake Airport	YKE
7365	Q3913082	Duncan Airport	DUQ
7366	Q3913052	Saint-Léonard Aerodrome	YSL
7367	Q3913055	Fort Ware Airport	
7368	Q3913100	Gull Lake Airport	
7369	Q3913088	Lachute Airport	
7370	Q3913109	Picton Airport	
7371	Q3913065	Reston/R.M. of Pipestone Airport	
7372	Q3913037	Saint-Lambert-de-Lauzon Aerodrome	
7373	Q3913049	Saint-Louis-de-France Aerodrome	
7374	Q3913074	Snow Lake Water Aerodrome	
7375	Q3913047	Stanhope Airport	
7376	Q3913068	Taltson River Airport	
7377	Q3913061	Vernon/Wildlife Water Aerodrome	
7378	Q7057892	Northeast Florida Regional Airport	UST
7379	Q7059931	Northwest Alabama Regional Airport	MSL
7380	Q7058055	Northeastern Regional Airport	EDE
7381	Q7056358	North Platte Regional Airport	LBF
7382	Q7057821	Northeast Alabama Regional Airport	GAD
7383	Q7058696	Presque Isle International Airport	PQI
7384	Q7058852	Northern Peninsula Airport	ABM
7385	Q7058136	Northern Aroostook Regional Airport	WFK
7386	Q7056327	North Pickens Airport	
7387	Q7056344	North Plains Gliderport	
7388	Q7057585	Northampton Airport	
7389	Q7056982	North Texas Regional Airport	PNX
7390	Q7022517	Ngoma Airport	ZGM
7391	Q7024533	Nicaro Airport	ICR
7392	Q7040641	Shreveport Regional Airport	SHV
7393	Q7035731	Nikolai Airport	NIB
7394	Q7022162	Ngau Airport	NGI
7395	Q7042465	Njoeng Jacob Kondre Airstrip	
7396	Q7039363	Nioki Airport	NIO
7397	Q7022413	Ngloram Airport	CPF
7398	Q7032139	Nifty Airport	NIF
7399	Q7031606	Nielsen Airport	
7400	Q7036449	Nikolsk Airport	
7401	Q7048513	Nome City Field	
7402	Q7040985	Nissan Island Airport	IIS
7403	Q3565798	Milford Sound Airport	MFN
7404	Q3565912	Naples Municipal Airport	APF
7405	Q3565893	Nartron Field	RCT
7406	Q3565926	Nashua Municipal Airport	ASH
7407	Q3565947	Michael Airfield	
7408	Q3565902	MidAmerica Industrial Park Airport	
7409	Q3565963	Middleton Municipal Airport	
7410	Q3565940	Miller Memorial Airpark	
7411	Q3565884	Mina Airport	
7412	Q3565933	Millville Executive Airport	MIV
7413	Q3565917	Middle Georgia Regional Airport	MCN
7414	Q3565874	Miguel Urdaneta Fernández Airport	STB
7415	Q3565953	Michael Army Airfield	DPG
7416	Q3566427	Namur Lake Airport	
7417	Q3566390	Mildura Airport	MQL
7418	Q3566532	Moisés Benzaquén Rengifo Airport	YMS
7419	Q3566516	Mielec Airport	
7420	Q3566434	MoD Boscombe Down	
7421	Q3566509	Middle Caicos Airport	MDS
7422	Q3566546	Mobile Regional Airport	MOB
7423	Q3566412	Mili Airport	MIJ
7424	Q3566445	Moncton/McEwen Aerodrome	
7425	Q3566501	Molokai Airport	MKK
7426	Q3566565	Midland/Huronia Airport	YEE
7427	Q4275516	McArthur River Mine Airport	MCV
7428	Q4282160	Markovo Airport	KVM
7429	Q4274769	Ruby Airport	RBY
7430	Q4275729	Mackinac Island Airport	MCD
7431	Q4276322	Ufa Maximovka Airport	
7432	Q4280545	Manokotak Airport	KMO
7433	Q4277834	Malino Airfield	
7434	Q4281529	Marinovka Air Base	
7435	Q4273720	Maanit Airfield	
7436	Q4201603	Bali Airport	BLC
7437	Q4201962	Andulo Airport	ANL
7438	Q4198986	Ekwok Airport	KEK
7439	Q4200132	Tasikmalaya Airport	TSY
7440	Q4200307	Alor Island Airport	ARD
7441	Q4198212	Izhma Airport	
7442	Q4200129	Lhok Sukon Airport	LSX
7443	Q4197909	Edgeley Municipal Airport	
7444	Q4201968	Ambriz Airport	AZZ
7445	Q4201957	Sanfebagar Airport	FEB
7446	Q3536513	Carauari Airport	CAF
7447	Q3536465	Cardston Airport	
7448	Q3536441	Carcross Airport	
7449	Q3536424	Carlisle Lake District Airport	CAX
7450	Q3536480	Carey Lake Airport	
7451	Q3536448	Carcross Water Aerodrome	
7452	Q3536436	Carleton Place Airport	
7453	Q3536416	Carlyle Airport	
7454	Q3536458	Carmacks Airport	
7455	Q3536430	Carman (South) Airport	
7456	Q3536473	Carman/Friendship Field Airport	
7457	Q3536490	Carajás Airport	CKS
7458	Q4204372	Oudomsay Airport	ODY
7459	Q4203278	Irkutsk Northwest Airport	
7460	Q4208200	Kazachinskoe Airport	
7461	Q4208265	Soroako Airport	SQR
7462	Q4209186	Kalbarri Airport	KAX
7463	Q4204392	Xieng Khouang Airport	XKH
7464	Q4203024	Anggi Airport	AGD
7465	Q4210326	Kalskag Airport	KLG
7466	Q4203272	Irkutsk New Airport	
7467	Q4209138	Kalachyovo Airfield	
7468	Q4203052	Fakfak Airport	FKQ
7469	Q4205563	Ust Maya Airport	UMS
7470	Q5476229	Robinson Crusoe Airport	
7471	Q5473883	Fostoria Metropolitan Airport	
7472	Q5489574	Frank Sikes Airport	
7473	Q5490798	Frankfort Dow Memorial Field	
7474	Q5482369	Francis S. Gabreski Airport	FOK
7475	Q5491397	Franklin County Airport	UOS
7476	Q5473352	Foshan Shadi Airport	FUO
7477	Q5491390	Franklin County Airport	
7478	Q5481673	Santa Rosa International Airport	ETR
7479	Q5482023	Pozuelos de Calatrava Airport	
7480	Q5490787	Frankfort-Highland Airport	
7481	Q5473796	Reyes Murillo Airport	NQU
7482	Q5478906	Mocopulli Airport	MHC
7483	Q5615689	Guiglo Airport	GGO
7484	Q5613952	Guarapuava Airport	GPB
7485	Q5614397	Guaymaral Airport	
7486	Q5611421	Grove Municipal Airport	
7487	Q5612117	Grundy Municipal Airport	
7488	Q5613366	Gualaco Airport	
7489	Q5614196	Guasdualito Airport	GDO
7490	Q5613877	Guapi Airport	GPI
7491	Q5613572	Guanambi Airport	GNM
7492	Q3545314	Rafael Cabrera Mustelier Airport	GER
7493	Q3545563	Santa Fe Regional Airport	SAF
7494	Q3545317	Nosara Airport	NOB
7495	Q3545435	Evansville Regional Airport	EVV
7496	Q3545319	Tambor Airport	TMU
7497	Q3545321	Kerch Airport	KHC
7498	Q3545478	Dang Airport	DNP
7499	Q5658954	Chaitén Airport	WCH
7500	Q5658948	Playa Baracoa Airport	UPB
7501	Q5659040	Carora Airport	VCR
7502	Q5648958	Empuriabrava Aerodrome	
7503	Q5658976	Grano de Oro Airport	
7504	Q5658966	El Pindo Airport	MTB
7505	Q5656994	Harford Field	
7506	Q5658958	Cumaribo Airport	
7507	Q5658941	Alberto Lleras Camargo Airport	SOX
7508	Q5658945	Bananera Airport	
7509	Q5659005	Annobón Airport	NBN
7510	Q5659038	La Cumbre Airport	LCM
7511	Q5646721	Vallenar Airport	VLR
7512	Q5658956	Contador Airport	PTX
7513	Q4134998	Gelephu Airport	GLU
7514	Q4123660	Vologda Airport	VGD
7515	Q4118485	Kolpashevo Airport	
7516	Q4126994	Wrangell Airport	WRG
7517	Q4121039	Fairmont Municipal Airport	
7518	Q4122994	Volgodonsk Airport	
7519	Q4120431	Al Ula International Airport	ULH
7520	Q4147325	Kaluga (Grabtsevo) Airport	KLF
7521	Q3565257	Napaskiak Airport	PKA
7522	Q3565269	Mid Delta Regional Airport	GLH
7523	Q3565285	Naknek Airport	NNK
7524	Q3565215	Mobridge Municipal Airport	MBG
7525	Q3565235	Michigan City Municipal Airport	MGC
7526	Q3565261	Namulonge Airport	
7527	Q3565205	Midway Airport	
7528	Q3565254	Metropolitan Airport	PMX
7529	Q3565266	Middleton Field	
7530	Q3565276	Naval Air Station Whiting Field – South	
7531	Q3565237	Naval Air Station Whiting Field – North	NSE
7532	Q3565245	MidAmerica St. Louis Airport	BLV
7533	Q4202006	Vojens Airport	SKS
7534	Q4203008	Tenkodogo Airport	TEG
7535	Q4202026	Porto Amboim Airport	PBN
7536	Q4202001	Stauning Vestjylland Airport	STA
7537	Q4201990	Qazvin Airport	GZW
7538	Q4202003	Skive Airport	SQW
7539	Q4202906	Genting Airport	
7540	Q4202772	Zabré Airport	XZA
7541	Q7099558	Orange County Airport	MGJ
7542	Q7099677	Orange Municipal Airport	
7543	Q7094844	Ontario Municipal Airport	ONO
7544	Q7095259	Oodnadatta Airport	ODD
7545	Q7099554	Orange County Airport	
7546	Q7099535	Orange City Municipal Airport	
7547	Q7099792	Orangeburg Municipal Airport	OGB
7548	Q7099899	Orapa Airport	ORP
7549	Q7095505	Opa-locka West Airport	
7550	Q7097983	Ophir Airport	
7551	Q7098160	Opinaca Aerodrome	
7552	Q7099812	Orangeville/Brundle Field Aerodrome	
7553	Q7099822	Orangeville/Laurel Aerodrome	
7554	Q7100129	Orbost Airport	RBS
7555	Q7069621	Numbulwar Aerodrome	NUB
7556	Q7061633	Norwood Memorial Airport	OWD
7557	Q7075228	Obo Airport	OBX
7558	Q7064964	Novo Progresso Airport	NPR
7559	Q7082539	Okoyo Airport	OKG
7560	Q7071915	O'Neill Municipal Airport	ONL
7561	Q7075939	Ocean Beach	
7562	Q7060183	Northwest Regional Airport	
7563	Q7060119	Northwest Missouri Regional Airport	
7564	Q7071883	O'Neal Airport	OEA
7565	Q7059940	Northwest Angle Airport	
7566	Q7060828	Norway Airport	
7567	Q7066356	Nowata Municipal Airport	
7568	Q7076647	Ocracoke Island Airport	
7569	Q7081818	Okanogan Legion Airport	
7570	Q7083542	Old Bridge Airport	
7571	Q7084016	Old Forge Airport	
7572	Q3913411	Peterborough Business Airport	
7573	Q3913397	Gray Army Airfield	GRF
7574	Q3913416	Pilot Butte Airport	
7575	Q3913410	Grand Strand Airport	CRE
7576	Q3913386	Grand Canyon Caverns Airport	PGS
7577	Q3913404	Elk Island Airport	
7578	Q3913408	Elk Point Airport	
7579	Q3913419	Goodspeed Airport	
7580	Q3913380	Gorham Airport	
7581	Q3913403	Grabhorn's Airport	
7582	Q3913400	Great Valley Airport	
7583	Q3913383	Greer Airport	
7584	Q3913401	Saint-Mathias Aerodrome	
7585	Q3913407	Grand Marais/Cook County Airport	GRM
7586	Q5626819	Güiria Airport	GUI
7587	Q5646177	Laboulaye Airport	
7588	Q5638346	Lillo Airport	
7589	Q5625920	Gävle-Sandviken Airport	GVX
7590	Q5644465	Hamedan Airbase	NUJ
7591	Q5642151	Halifax County Airport	RZZ
7592	Q5625138	Gympie Airport	GYP
7593	Q5642106	Halifax-Northampton Regional Airport	RZZ
7594	Q5623667	Gwinnett County Airport	LZU
7595	Q5637966	Hadley Field	
7596	Q5623149	Guéréda Airport	
7597	Q5642563	Hall Caine Airport	
7598	Q5623124	Guápiles Airport	GPL
7599	Q5622848	Guymon Municipal Airport	GUY
7600	Q7103442	Ormond Beach Municipal Airport	
7601	Q7102896	Oriximiná Airport	ORX
7602	Q7104057	Orr Regional Airport	
7603	Q7105407	Orán Airport	ORA
7604	Q7103370	Ormara Airport	ORW
7605	Q7103728	Orocue Airport	ORC
7606	Q7103903	Oroville Municipal Airport	OVE
7607	Q7101650	Orestes Acosta Airport	MOA
7608	Q7101341	Oregon Sky Ranch Airport	
7609	Q7103044	Orlando Apopka Airport	
7610	Q7103743	Orogrande Airport	
7611	Q3565706	Natashquan Airport	YNA
7612	Q3565759	Namorik Airport	NDK
7613	Q3565727	Natuashish Airport	YNP
7614	Q3565634	Nakuru Airport	NUU
7615	Q3565643	Moneygall Aerodrome	
7616	Q3565733	Nakina Airport	YQN
7617	Q3565600	Baicheng Chang'an Airport	DBC
7618	Q3565713	Minnedosa Airport	
7619	Q3565720	Nakina Water Aerodrome	
7620	Q3565698	Nakusp Airport	
7621	Q3565601	Navajo Lake Airport	
7622	Q3565652	Mid-Ohio Valley Regional Airport	PKB
7623	Q3913483	Pemberton Aerodrome	
7624	Q3913497	Goolwa Airport	
7625	Q3913468	Tahsis Water Aerodrome	ZTS
7626	Q3913460	Elstree Aerodrome	
7627	Q3913491	Goz Beïda Airport	
7628	Q3913475	Peterborough/Sibson Airport	
7629	Q3913470	Fontages Airport	YFG
7630	Q3913486	Elkin Creek Guest Ranch Airport	
7631	Q3913473	Guelph Airport	
7632	Q3913481	Nestor Falls Airport	
7633	Q3913495	Treherne (South Norfolk Airpark) Aerodrome	
7634	Q3913492	Treherne Airport	
7635	Q3913464	Port Hope Simpson Airport	YHA
7636	Q7127982	Palm Beach County Glades Airport	PHK
7637	Q7128503	Palo Alto Airport	PAO
7638	Q7128160	Palmas Airport (Tocantins)	PMW
7639	Q7128049	Palm Island Airport	PMK
7640	Q7128540	Palo Verde Airport	SRL
7641	Q7126676	Palanan Airport	
7642	Q7126731	Palapye Airport	QPH
7643	Q7126337	Palacios Municipal Airport	PSX
7644	Q7126838	Palatka Municipal Airport	
7645	Q7128392	Palmietfontein Airport	
7646	Q7128515	Palo Blanco Airstrip	
7647	Q4256107	Lebyazhye	
7648	Q4258606	Leinster Airport	LER
7649	Q4263825	Tsletsi Airport	
7650	Q4257448	Lake Hood Strip	
7651	Q4259453	Sei Bati Airport	TJB
7652	Q4261737	Lymanske Airport	
7653	Q4263773	Ua Pou Airport	UAP
7654	Q4263739	Arutua Airport	AXR
7655	Q4252932	Kang Da Ri Airport	
7656	Q4252969	Pyongsul Li Airport	
7657	Q4259432	Sintang Airport	
7658	Q4254651	Larsen Bay Airport	KLN
7659	Q3913359	Grants Pass Airport	GTP
7660	Q3913344	Great Yarmouth – North Denes Airport	
7661	Q3913349	Granite Falls Municipal Airport	
7662	Q3913267	Lillooet Airport	
7663	Q3913327	Granville Airport	
7664	Q3913374	Grant Airport	
7665	Q3913377	Greenville Airport	GRE
7666	Q3913265	Goodin Creek Airport	
7667	Q3913333	Gransden Lodge Airfield	
7668	Q3913370	Grells Airport	
7669	Q3913362	Hackettstown Airport	
7670	Q3913287	Hadapsar Airport	
7671	Q3913330	Haigh Field Airport	
7672	Q4221052	Kipnuk Airport	KPN
7673	Q4215518	Carnarvon Airport	CVQ
7674	Q4218955	Kake Airport	
7675	Q4220734	King Cove Airport	KVC
7676	Q4219001	Kasigluk Airport	KUK
7677	Q4218665	Kwigillingok Airport	KWK
7678	Q4219386	Kenkiyak Airport	
7679	Q4221264	Kirzhach Airport	
7680	Q4220005	Kivalina Airport	KVL
7681	Q4225074	Kobuk Airport	OBU
7682	Q4210329	Kaltag Airport	KAL
7683	Q4211459	Kamen-na-Obi	
7684	Q4210753	Kambala (air base)	
7685	Q4211017	Kamianka aerodrome	
7686	Q4213296	Kapustin Yar (air base)	
7687	Q4227896	Koliganek Airport	KGK
7688	Q3913420	North Spirit Lake Airport	YNO
7689	Q3913448	Ohio University Airport	ATO
7690	Q3913429	Governador Valadares Airport	GVR
7691	Q3913451	Grand-Santi Airport	GSI
7692	Q3913449	Poplar Hill Airport	YHP
7693	Q3913427	Flin Flon/Channing Water Aerodrome	
7694	Q3913422	Fort Vermilion Airport	
7695	Q3913454	Portage la Prairie (North) Airport	
7696	Q3913430	Richelieu Airport	
7697	Q3913440	Snow Lake Airport	
7698	Q3913443	Westport/Rideau Lakes Airport	
7699	Q3913433	Weyburn Airport	
7700	Q3913426	Weyman Airpark	
7701	Q3566237	Miller Field	VTN
7702	Q3566249	Mifflin County Airport	RED
7703	Q3566287	Mocímboa da Praia Airport	MZB
7704	Q3566230	MidCoast Regional Airport at Wright Army Airfield	LIY
7705	Q3566367	Modesto City-County Airport	MOD
7706	Q3566257	Moala Airport	MFJ
7707	Q3566297	Monghsat Airport	MOG
7708	Q3566273	Mitzpe Ramon Airfield	MIP
7709	Q3566265	Moengo Airstrip	MOJ
7710	Q3913546	Grantsburg Municipal Airport	GTG
7711	Q3913524	Postville Airport	YSO
7712	Q3913498	Fontas Airport	
7713	Q3913517	Oshawa Airport	YOO
7714	Q3913503	Goya Airport	OYA
7715	Q3913527	Elk Lake Airport	
7716	Q3913508	Fisher Branch Airport	
7717	Q3913529	Grand Valley/Luther Field Aerodrome	
7718	Q3913533	Green Lake Airport	
7719	Q3913543	Greenbank Airport	
7720	Q3913520	Little Churchill River/Dunlop's Fly In Lodge Aerodrome	
7721	Q3913504	Pendleton Airport	
7722	Q3913500	Selkirk Water Aerodrome	
7723	Q3913530	Sorel Airport	
7724	Q4272434	Wamena Airport	WMX
7725	Q4264098	Ua Huka Airport	UAH
7726	Q4264562	Ain Beida Airport	OGX
7727	Q4272430	Ferdinand Lumban Tobing Airport	FLZ
7728	Q4272426	Tikehau Airport	TIH
7729	Q4272422	Sugimanuru Airport	RAQ
7730	Q4264448	Tubuai – Mataura Airport	TUB
7731	Q4264144	Nuku Hiva Airport	NHV
7732	Q4264128	Takapoto Airport	TKP
7733	Q4318100	Neftekamsk Airport	NEF
7734	Q4290496	Menzelinsk Airport	
7735	Q4312465	Nightmute Airport	NME
7736	Q4310450	Myachkovo Airport	
7737	Q4310119	French Valley Airport	RBK
7738	Q4318722	Nizhneangarsk Airport	
7739	Q4318968	Nizhneudinsk Airport	
7740	Q4312432	Nikolski Air Station	IKO
7741	Q4293527	Millerovo	
7742	Q4297029	Sarovo Airport	
7743	Q4315837	Névon aerodrome	
7744	Q4290372	Yuzhno-Kurilsk Mendeleyevo Airport	DEE
7745	Q5596159	Grant County Airport	PGC
7746	Q5596007	Granny Smith Airport	
7747	Q5595725	Whiteriver Airport	WTR
7748	Q5595805	Grants-Milan Municipal Airport	GNT
7749	Q5604455	Greensboro North Airport	XLL
7750	Q5596366	Grant Municipal Airport	
7751	Q5594734	Grand Lake Regional Airport	NRI
7752	Q5595696	Socorro Municipal Airport	ONM
7753	Q5599414	Great Lakes Airport	
7754	Q5603843	Greene County Airport	WAY
7755	Q5596162	Grant County Airport	
7756	Q5587274	Goshen Municipal Airport	GSH
7757	Q5602754	Green Lake Airport	
7758	Q5595669	Aztec Municipal Airport	
7759	Q5595566	Cibecue Airport	
7760	Q5594569	Grand Forks Municipal Airport	
7761	Q5595787	Bluff Airport	
7762	Q5595752	Jicarilla Apache Nation Airport	
7763	Q5597911	Gravesend Airport	
7764	Q5602405	Green Castle Airport	
7765	Q5604489	Greensburg Municipal Airport	
7766	Q7604908	Stawell Airport	SWC
7767	Q7600093	Stanly County Airport	
7768	Q7601468	Staraya Russa Airport	
7769	Q7602151	Starokostiantyniv	
7770	Q7600206	Stanthorpe Airport	SNH
7771	Q7600226	Stanton Airfield	SYN
7772	Q7605416	Steamboat Springs Airport	SBS
7773	Q7600227	Stanton Airport	
7774	Q7598927	Staniel Cay Airport	TYM
7775	Q7600233	Stanton County Municipal Airport	
7776	Q7597895	Stan Stamper Municipal Airport	HUJ
7777	Q7601374	Stara Pazova Airport	
7778	Q7601938	Stark's Twin Oaks Airpark	
7779	Q7604051	Statesboro-Bulloch County Airport	TBR
7780	Q4367627	Podkamennaya Tunguska Airport	TGP
7781	Q4373194	Port Heiden Airport	PTH
7782	Q4368995	Point Lay LRRS Airport	PIZ
7783	Q4378739	Primorsko-Akhtarsk (air base)	
7784	Q4355658	Livermore Municipal Airport	LVK
7785	Q4358624	Dadal Airport	
7786	Q4359661	Sands Airport	
7787	Q4351722	Perryville Airport	KPV
7788	Q4373196	Port Graham Airport	PGM
7789	Q4373199	Port Moller Airport	PML
7790	Q4351262	Verino airfield	
7791	Q4380630	Prominent Hill Airport	PXH
7792	Q4368996	Point Hope Airport	PHO
7793	Q7116463	Nashik International Airport	ISK
7794	Q7110490	Oum Hadjer Airport	OUM
7795	Q7113158	Ouvéa Airport	UVE
7796	Q7111291	Ourinhos Airport	OUS
7797	Q7116508	Ozark Regional Airport	WMH
7798	Q7114750	Owensboro-Daviess County Regional Airport	OWB
7799	Q7115132	Oxbow Airport	
7800	Q7114292	Owasco Airport	
7801	Q7114635	Owen Sound (Cook Field) Aerodrome	
7802	Q7115143	Oxbow Ranch Airport	
7803	Q7115707	Oxnard Airport	OXR
7804	Q3565563	Mid-State Regional Airport	PSB
7805	Q3565556	Mitchell Municipal Airport	MHE
7806	Q3565581	Midwest National Air Center	
7807	Q3565517	Narok Airport	
7808	Q3565500	Namrole Airport	NRE
7809	Q3565482	Monett Municipal Airport	
7810	Q3565509	Mindoro Airport	
7811	Q3565565	Metropolis Municipal Airport	
7812	Q3565535	Meyer Riverside Airpark	
7813	Q3565527	Milaca Municipal Airport	
7814	Q3565538	Mirim Airport	
7815	Q3565577	Nampa/Hockey Aerodrome	
7816	Q3565554	Naval Auxiliary Landing Field Santa Rosa	
7817	Q3565974	Moanda Airport	MFF
7818	Q3566195	Millard Airport	MIQ
7819	Q3566035	Minto Al Wright Airport	MNT
7820	Q3566050	Nanga Pinoh Airport	NPO
7821	Q3566217	Natchitoches Regional Airport	
7822	Q3566209	Nampa Municipal Airport	
7823	Q3566190	Nanisivik Airport	YSR
7824	Q3566225	Miller Airstrip	
7825	Q3566123	Milk River Airport	
7826	Q3566080	Miminiska Airport	
7827	Q3566212	Middletown Regional Airport	MWO
7828	Q3566026	Momote Airport	MAS
7829	Q3913188	Grant County Airport	SVC
7830	Q3913213	Haelogo Airport	HEO
7831	Q3913178	Saint-Augustin Airport	YIF
7832	Q3913212	Fox Creek Airport	
7833	Q3913185	Fraser Lake Airport	
7834	Q3913209	Hafford Airport	
7835	Q3913189	Lac-à-la-Tortue Airport	
7836	Q3913206	London/Chapeskie Field Airport	
7837	Q3913193	Ottawa/Embrun Aerodrome	
7838	Q3913174	Oxbow Airport	
7839	Q3913195	Riding Mountain Airport	
7840	Q3913198	Saint-Anselme Aerodrome	
7841	Q3913181	Somerset Aerodrome	
7842	Q3913201	Stanstead/Weller Airport	
7843	Q3913176	Starbuck Airport	
7844	Q3913203	St. Catharines/Niagara District Airport	YCM
7845	Q5659177	Sunchales Airport	NCJ
7846	Q5659192	Tonopah Test Range Airport	XSD
7847	Q5659230	La Victoria de Chacabuco Airport	
7848	Q5659168	Playa Grande Airport	PKJ
7849	Q5659175	Río Mayo Airport	ROY
7850	Q5659228	La Chimba Airport	
7851	Q5659220	Aucó Airport	
7852	Q5659149	Kosh-Agach Airport	
7853	Q5659158	Olavarría Airport	OVR
7854	Q5659140	José de San Martín Airport	JSM
7855	Q5659136	Huehuetenango Airport	HUG
7856	Q5659180	Tingo María Airport	TGI
7857	Q5659173	Puerto Rico Airport	PCC
7858	Q7624879	Stroud Municipal Airport	SUD
7859	Q7618243	Stockton Metropolitan Airport	SCK
7860	Q7620147	Storm Lake Municipal Airport	SLB
7861	Q7624834	Strother Field	WLD
7862	Q7619608	Stony River Airport	SRV
7863	Q7617998	Stockholm Airport	SMP
7864	Q7618241	Stockton Municipal Airport	
7865	Q7618994	Stone Mountain Airport	
7866	Q7619421	Stoney Point (Trepanier) Aerodrome	
7867	Q7619464	Stonington Municipal Airport	
7868	Q7620274	Stormville Airport	
7869	Q7620637	Stovepipe Wells Airport	
7870	Q7622147	Appleton Field	
7871	Q7622308	Strauch Field	
7872	Q4250384	Kwethluk Airport	KWT
7873	Q4235497	Kostomuksha (aéroport)	
7874	Q4239503	Krasny Kut Airport	
7875	Q4230434	Kongiganak Airport	KKH
7876	Q4251536	Soyo Airport	SZA
7877	Q4228762	Colusa County Airport	
7878	Q4233572	Kolomna-Korobcheevo Airfield	
7879	Q4232906	Korenovsk airbase	
7880	Q4234240	Korpusnoy	
7881	Q4238506	Krasnodar-Central (airfield)	
7882	Q4251550	Pukchang Airport	
7883	Q4242688	Elmira Corning Regional Airport	ELM
7884	Q4237467	Krayniy Airport	BXY
7885	Q4245564	Quinhagak Airport	KWN
7886	Q4442567	Stevens Village Airport	SVS
7887	Q4420544	Xinyang Minggang Airport	XAI
7888	Q4416330	St. Mary's Airport	KSM
7889	Q4418190	Sibay Airport	
7890	Q4428571	Soltsy-2	
7891	Q4421544	Scammon Bay Airport	SCM
7892	Q4421313	Skagway Airport	SGY
7893	Q4418611	Siguiri Airport	GII
7894	Q4428354	Soloneshnoye Airport	
7895	Q4423475	Sleetmute Airport	SLQ
7896	Q4441417	Stebbins Airport	WBB
7897	Q4450296	Talakan Airport	TLK
7898	Q6110199	Jabiru Aerodrome	JAB
7899	Q6070002	Iringa Airport	IRI
7900	Q6117280	Jackson Municipal Airport	MJQ
7901	Q6117009	Jackson County Airport	JXN
7902	Q6117007	Jackson County Airport	
7903	Q6079811	Razzaqov Airport	
7904	Q6117013	Jackson County Airport	
7905	Q6117015	Jackson County Airport	
7906	Q6117017	Jackson County Airport	
7907	Q6117021	Jackson County Airport	
7908	Q6110766	Jacinth Ambrosia Airport	
7909	Q6061556	Inyo County Airport	
7910	Q6065165	Ipiranga Airport	IPG
7911	Q6069547	Iriba Airport	
7912	Q3913577	Tatenhill Airfield	
7913	Q3913587	Portage la Prairie Southport Airport	YPG
7914	Q3913596	Lindsay Airport	
7915	Q3913567	Pukatawagan Airport	XPK
7916	Q3913592	Killarney Municipal Airport	
7917	Q3913584	Malcolm Island Airport	
7918	Q3913580	Osoyoos Airport	
7919	Q3913554	Ospika Airport	
7920	Q3913565	Otter Lake Water Aerodrome	
7921	Q3913556	Porters Lake Water Aerodrome	
7922	Q3913571	Saint-Mathias/Grant Aerodrome	
7923	Q3913590	Scum Lake Airport	
7924	Q3913569	Tobermory Airport	
7925	Q3913552	Victoriaville Airport	
7926	Q3913600	La Grande-4 Airport	YAH
7927	Q7649758	Susuman Airport	
7928	Q7641162	Sunriver Airport	SUO
7929	Q7649397	Sussex Airport	
7930	Q7646281	Surigao Airport	SUG
7931	Q7638565	Sun Valley Airport	
7932	Q7641075	Sunrise Dam Airport	
7933	Q7641676	Suntar Airport	SUY
7934	Q7640016	Sunflower Aerodrome Gliderport	
7935	Q7640816	Sunnyhill Airport	
7936	Q7641211	Sunset Air Strip	
7937	Q7650299	Sutton On Rogue Airport	
7938	Q7639158	Sundance Airpark	
7939	Q7639037	Sunchon Airport	
7940	Q7648830	Susanville Municipal Airport	SVE
7941	Q3913733	Haines Junction Airport	YHT
7942	Q3913713	Greeneville-Greene County Municipal Airport	GCY
7943	Q3913716	Otter Lake Airport	
7944	Q3913702	Habit Awlad Muhammad Airport	
7945	Q3913735	Yeovil/Westland Airport	
7946	Q3913728	Greenwood-Leflore Airport	GWO
7947	Q3913729	Kincardine Airport	YKD
7948	Q3913732	Greene County-Lewis A. Jackson Regional Airport	
7949	Q3913714	Elk Lake Water Aerodrome	
7950	Q3913705	Green Sea Airport	
7951	Q3913706	Lake Muskoka/Alport Bay Water Aerodrome	
7952	Q3913723	New Liskeard Airport	
7953	Q3913726	New Lowell Airport	
7954	Q3913708	Zhoda Airport	
7955	Q3913699	Smiths Falls-Montague Airport	YSH
7956	Q3913860	Forestburg Airport	
7957	Q3913849	Goodnews Airport	GNU
7958	Q3913752	Telegraph Creek Airport	YTX
7959	Q3913793	Gouré Airport	
7960	Q3913789	Greater Kankakee Airport	IKK
7961	Q3913858	Grand Forks Airport	ZGF
7962	Q3913755	Eagle River Airport	
7963	Q3913869	Louiseville Airport	
7964	Q3913739	Nestor Falls Water Aerodrome	
7965	Q3913737	Outlook Airport	
7966	Q3913744	Palmerston Airport	
7967	Q3913873	Southampton Aerodrome	
7968	Q3913742	St. Joseph Island Airport	
7969	Q7159475	Pedro Bay Airport	PDB
7970	Q7145198	Patos de Minas Airport	POJ
7971	Q7158227	Pearland Regional Airport	
7972	Q7158801	Pecos Municipal Airport	PEQ
7973	Q7148831	Pauanui Aerodrome	
7974	Q7155350	Pauls Valley Municipal Airport	
7975	Q7156510	Paxson Airport	
7976	Q7148880	Pauk Airport	PAU
7977	Q7156900	Payson Airport	PJB
7978	Q7154432	Paul Windle Municipal Airport	
7979	Q7157656	Peach State Airport	
7980	Q7157983	Pearce Ferry Airport	
7981	Q4409160	South Naknek Airport	WSN
7982	Q4412570	Sievierodonetsk Airport	SEV
7983	Q4412650	Hønefoss Airport, Eggemoen	
7984	Q4415721	Semyazino Airport	
7985	Q4413435	Selawik Airport	WLK
7986	Q4404253	Savoonga Airport	SVA
7987	Q4416324	St. Michael Airport	SMK
7988	Q4407485	Sand Point Airport	SDP
7989	Q4412040	Severka Airfield	
7990	Q4410394	Svetlograd airbase	
7991	Q4408027	Zapala Airport	APZ
7992	Q4416304	St. George Airport	STG
7993	Q5961286	Utirik Airport	UTK
7994	Q5961217	Rongelap Airport	RNP
7995	Q5969271	State College Regional Airport	SCE
7996	Q6044176	Shahroud Airport	RUD
7997	Q5944800	Masjed Soleyman Airport	QMJ
7998	Q5940673	Humera Airport	HUE
7999	Q5950696	Hutchinson Municipal Airport	HUT
8000	Q6007117	Impfondo Airport	ION
8001	Q5945065	Huntingburg Airport	HNB
8002	Q6048308	West Kutaisi airport	
8003	Q5968461	Xi'an Xiguan Airport	SIA
8004	Q4272496	Amahai Airport	AHI
8005	Q4272566	El Fuerte Airport	
8006	Q4272481	Trunojoyo Airport	SUP
8007	Q4272543	Gusti Syamsir Alam Airport	KBU
8008	Q4272507	Pitu Airport	OTI
8009	Q4272460	Juvai Semaring Airport	LBW
8010	Q4272467	Sultan Bantilan Airport	TLI
8011	Q4272474	Tampa Padang Airport	MJU
8012	Q4272450	Punta Final Airstrip	
8013	Q4272488	Manhattan Regional Airport	MHK
8014	Q3914065	Greenville Downtown Airport	GMU
8015	Q3914071	Wilkie Airport	
8016	Q3914073	Keewaywin Airport	KEW
8017	Q3914081	Goodland Municipal Airport	GLD
8018	Q3914054	Grand Canyon National Park Airport	GCN
8019	Q3914059	Key Lake Airport	YKJ
8020	Q3914050	Tulita Airport	ZFN
8021	Q3914068	Alliston Airport	
8022	Q3914079	Lower East Pubnico (La Field) Airport	
8023	Q3914082	Lucan Airport	
8024	Q3914076	Nobleton Airport	
8025	Q3914055	Saint-Donat Aerodrome	
8026	Q3914037	Tsuniah Lake Lodge Airport	
8027	Q4383718	John Greif II Airport	SPR
8028	Q4381536	Enewetak Auxiliary Airfield	ENT
8029	Q4381557	Woodbourne Airport	BHE
8030	Q4381833	E. T. Joshua Airport	SVD
8031	Q4381545	Kili Airport	KIO
8032	Q4381793	Wotje Airport	WTE
8033	Q4382060	Plateau Station	
8034	Q4381230	Ujae Airport	UJE
8035	Q4383720	Xangongo Airport	XGN
8036	Q4381029	Prospect Creek Airport	PPC
8037	Q3606044	Borrego Valley Airport	BXS
8038	Q3606034	Ambilobe Airport	AMB
8039	Q3606029	Alessandria Airport	QAL
8040	Q3606050	Carpi Airport	
8041	Q3606032	Aquino Airport	
8042	Q3606030	Alzate Brianza Airport	
8043	Q3606046	Ca' Negra Airport	
8044	Q3606051	Casale Monferrato Airport	
8045	Q3606047	Varese (Calcinate del Pesce) Airport	
8046	Q6366753	Kapiti Coast Airport	PPQ
8047	Q6366711	Kapit Airport	KPI
8048	Q6358138	Kamina Air Base	KMN
8049	Q6357156	Kami-Kazi Airport	
8050	Q6362665	Kangdong Airport	
8051	Q6365515	Kantishna Airport	
8052	Q6365896	Kanysh-Kiya Airport	
8053	Q6366427	Kapalua Airport	JHM
8054	Q6364347	Kanpur Airport	KNU
8055	Q6361619	Kandrian Airport	KDR
8056	Q7123725	Padgham Field	
8057	Q7116694	Ozuki Air Field	
8058	Q7126083	Pakuba Airport	PAF
8059	Q7122349	Pacific City State Airport	PFC
8060	Q7124239	Page Field	FMY
8061	Q7125096	Paintsville-Prestonsburg Combs Field	
8062	Q7125177	Paisley Airport	
8063	Q7126141	Pala Airport	PLF
8064	Q7121428	Paama Airport	PBJ
8065	Q7116557	Ozerne	
8066	Q7126092	Pakyong Airport	PYG
8067	Q3566938	Misawa Airport	MSJ
8068	Q3566571	Miramichi Airport	YCH
8069	Q3571734	Lajes Airport	TER
8070	Q3595637	Safdarjung Airport	
8071	Q3566603	Milk River (Madge) Airport	
8072	Q3566596	Mobil Bistcho Airport	
8073	Q3566578	Midway Aerodrome	
8074	Q3566588	Molson Lake Airport	
8075	Q4454235	Teller Airport	TLA
8076	Q4453310	Twin Hills Airport	TWA
8077	Q4455651	Range Regional Airport	HIB
8078	Q4452585	Tatitlek Airport	TEK
8079	Q4450606	Tuluksak Airport	TLT
8080	Q4455495	Grimes Field	
8081	Q4456760	Kuum Ni Airport	
8082	Q4451353	Tangshan Sannühe Airport	TVS
8083	Q4451314	Tuntutuliak Airport	WTL
8084	Q4452362	Tata Airport	LEK
8085	Q3913647	Stapleford Aerodrome	
8086	Q3913658	Armstrong Airport	YYW
8087	Q3913671	Owen Sound Billy Bishop Regional Airport	YOS
8088	Q3913677	Grand Canyon West Airport	GCW
8089	Q3913695	Greenville Municipal Airport	
8090	Q3913691	Elmira (East) Airport	
8091	Q3913685	Kincardine (Ellis Field) Airport	
8092	Q3913656	Knee Lake Water Aerodrome	
8093	Q3913668	Riverton Airport	
8094	Q3913651	St. Stephen Airport	
8095	Q3913696	Teeswater (Thompson Field) Airport	
8096	Q3913687	Tottenham/Volk Airport	
8097	Q3913682	Virden (Gabrielle Farm) Airport	
8098	Q3913674	Gounda Airport	GDA
8099	Q3913898	Whitewood Airport	
8100	Q3913912	Eaglescott Airfield	
8101	Q3913911	Grand Prairie Municipal Airport	
8102	Q3913903	Pangman Airport	
8103	Q3913885	Paradise Hill Airport	
8104	Q3913906	Wiley Aerodrome	
8105	Q3913896	Emsdale Airport	
8106	Q3913875	Foremost Airport	
8107	Q3913882	Lake Rosseau/Cameron Bay Water Aerodrome	
8108	Q3913878	Lourdes-de-Joliette Airport	
8109	Q3913888	Saint-Basile (Marcotte) Aerodrome	
8110	Q3913894	Tsay Keh Airport	
8111	Q3913909	Pikangikum Airport	YPM
8112	Q3913892	Pickle Lake Airport	YPL
8113	Q7169899	Perry Stokes Airport	TAD
8114	Q7169856	Perry Municipal Airport	PRO
8115	Q7171793	Petawawa Airport	YWA
8116	Q7170441	Person County Airport	
8117	Q7169753	Perry County Municipal Airport	
8118	Q7170018	Perryville Regional Airport	
8119	Q7169748	Perry County Airport	
8120	Q7169711	Perry-Foley Airport	FPY
8121	Q7169857	Perry Municipal Airport	
8122	Q7170023	Perry–Warsaw Airport	
8123	Q7171665	Petaluma Municipal Airport	
8124	Q7169714	Perry-Houston County Airport	PXE
8125	Q5659088	Teniente Ramon A. Ayub Gonzalez Airport	ENO
8126	Q5659122	Caracas-Óscar Machado Zuloaga airport	
8127	Q5659060	Ezequiel Zamora Airport	
8128	Q5659121	Capurganá Airport	CPB
8129	Q5659056	Cupul aerodrome	TZM
8130	Q5659049	María Dolores Airport	LSQ
8131	Q5659047	Mandinga Airport	COG
8132	Q5659086	Presidente Néstor Kirchner Airport	VMR
8133	Q5659045	Mariscal Sucre Airport	MYC
8134	Q5659043	Los Pozos Airport	
8135	Q5659064	Ingeniero Juan Guillermo Villasana National Airport	
8136	Q5659083	Perito Moreno Airport	PMQ
8137	Q5659072	Comitán Airport	CJT
8138	Q5685452	Paramillo Airport	SCI
8139	Q5691470	Healy Lake Airport	HKB
8140	Q5685541	Casas de los Pinos Airport	
8141	Q5685419	El Maitén Airport	EMX
8142	Q5768082	Suwalki Airport	
8143	Q5713186	Henderson-Oxford Airport	
8144	Q5764788	Hilversum Airport	
8145	Q5754946	RoAF 86th Air Base	
8146	Q5767579	Podgorica Airbase	
8147	Q5719857	Henry County Airport	
8148	Q5763581	Hillsboro Municipal Airport	
8149	Q5721568	Felipe Ángeles International Airport	NLU
8150	Q5685386	Teniente Julio Gallardo Airport	PNT
8151	Q5686579	Hayes Camp Aerodrome	
8152	Q5715029	Henning Municipal Airport	
8153	Q7607603	Stennis International Airport	
8154	Q7607091	Stella Maris Airport	SML
8155	Q7615490	Stevens Point Municipal Airport	STE
8156	Q7617308	Stillwater Regional Airport	SWO
8157	Q7615469	Stevens Field	PGO
8158	Q7611359	Sterling Airport	
8159	Q7615512	Stevenson Airport	
8160	Q7617479	Stinson Municipal Airport	SSF
8161	Q7607176	Stellar Airpark	
8162	Q7614417	Steven A. Bean Municipal Airport	
8163	Q7615481	Stevens Mountain Airport	
8164	Q7615548	Stevensville Airport	
8165	Q7617344	Stilwell/Cherokee Nation Airport	
8166	Q7617473	Stinson Field Municipal Airport	
8167	Q7616469	Stigler Regional Airport	
8168	Q7161913	Pembina Municipal Airport	PMB
8169	Q7163344	Penn Valley Airport	SEG
8170	Q7161603	Pellston Regional Airport	PLN
8171	Q7163487	Pennridge Airport	
8172	Q7161880	Pemberton Airport	
8173	Q7163354	Penn Yan Airport	
8174	Q7166200	Pepa Airport	
8175	Q7160567	Pegasus Airpark	
8176	Q7160610	Peggo Devon Canada Aerodrome	
8177	Q7161046	Pekin Municipal Airport	
8178	Q7161434	Pelican Rapids Municipal Airport	
8179	Q7164743	Penshurst Airfield	
8180	Q7168324	Perham Municipal Airport	
8181	Q7169041	Perkins Field	
8182	Q7169086	Perkiomen Valley Airport	
8183	Q7169657	Perris Valley Airport	
8184	Q5659244	Santa Marta Airport	
8185	Q5659281	El Tietar Airport	
8187	Q5659327	Mutxamel Airport	
8188	Q5659307	La Axarquía Airport	
8189	Q5659313	La Calderera Airport	
8190	Q5659259	Benabarre Airport	
8191	Q5659236	Melipilla Airport	
8192	Q5659285	Soria-Garray Airport	
8193	Q5659276	Dolores Airport	
8194	Q5659321	Los Martínez del Puerto Airport	
8195	Q5659279	El Carrascalejo Airport	
8196	Q5659252	Almansa Airport	
8197	Q5659265	Aeródromo de Campolara	
8198	Q5659280	El Castaño Airport	
8199	Q5659295	Ivánovo-Yasiunija Airport	
8200	Q5659300	Jorei-Ver Airport	
8202	Q5659235	Los Cerrillos Airport	
8203	Q5659333	Nizhnyaya Pyosha Airport	
8204	Q5659250	Víctor Lafón Airport	SSD
8205	Q7190780	Pickens County Airport	LQK
8206	Q7186890	Phoenix Goodyear Airport	GYR
8207	Q7192417	Pierre Regional Airport	PIR
8208	Q7176199	Peter O. Knight Airport	TPF
8209	Q7183231	Philip Billard Municipal Airport	TOP
8210	Q7190784	Pickens County Airport	
8211	Q7178368	Petit Jean Park Airport	MPJ
8212	Q7180156	Phaeton Airport	FLT
8213	Q7182749	Philadelphia Municipal Airport	
8214	Q7185708	Phillip Island Airport	
8215	Q7176463	Peter Prince Field	
8216	Q7186971	Ak-Chin Regional Airport	
8217	Q7185901	Phillips Flying Ranch Airport	
8218	Q4321802	Noatak Airport	WTK
8219	Q4328379	Newtok Airport	WWT
8220	Q4342260	Pilot Station Airport	PQS
8221	Q4334849	Onega Airport	
8222	Q4320382	Mykolaivka (aérodrome)	
8223	Q4334662	Omolon Airport	
8224	Q4334691	Omsk-Severny	
8225	Q4334753	Omsukchan Airport	
8226	Q4333650	Olenyok Airport	ONK
8227	Q4333438	Old Harbor Airport	OLH
8228	Q4334506	Olyokminsk Airport	OLZ
8229	Q4328065	Robert (Bob) Curtis Memorial Airport	ORV
8230	Q4327497	Northway Airport	ORT
8231	Q4320413	Nikolayevsk-on-Amur Airport	NLI
8232	Q7660543	Sylacauga Municipal Airport	
8233	Q7652581	Svetlogorsk Airport	
8234	Q7652776	Svobodny Airport	
8235	Q7663931	Syukuran Aminuddin Amir Airport	LUW
8236	Q7653448	Swan Hill Airport	SWH
8237	Q7663518	Syros Island National Airport	JSY
8238	Q7650565	Suwannee County Airport	
8239	Q7659606	Sycamore Strip Airport	
8240	Q7660537	Syktyvkar Southwest	
8241	Q7663036	Syracuse Municipal Airport	
8242	Q7663070	Syracuse Suburban Airport	
8243	Q7652658	Sviatoshyn Airfield	NNN
8244	Q7261339	Purnea Airport	PXN
8245	Q7258455	Pueblo Memorial Airport	PUB
8246	Q7253269	Pryor Field Regional Airport	DCU
8247	Q7260538	Punta Gorda Airport	PND
8248	Q7258555	Puerto Deseado Airport	PUD
8249	Q7261679	Wirasaba Airport	PWL
8250	Q7258548	Puerto Bolívar Airport	
8251	Q7258260	Puckett Gliderport	
8252	Q7260558	Punta San Francisquito Airfield	
8253	Q7260984	Purdue University Airport	LAF
8254	Q7193569	Pike County Airport	PVL
8255	Q7194446	Pilot Point Airport	PIP
8256	Q7193428	Pignon Airport	PGN
8257	Q7195198	Pine Hill Airport	
8258	Q7193571	Pike County Airport	
8259	Q7195404	Pine Valley Airport	
8260	Q7195202	Pine Hill Municipal Airport	
8261	Q7195215	Pine Hollow Airport	
8262	Q7195283	Pine Mountain Lake Airport	
8263	Q7195508	Pinehurst State Airport	
8264	Q7194837	Pinar del Río Airport	QPD
8265	Q7195323	Pine Ridge Airport	XPR
8266	Q4478462	Ust-Kut Airport	UKX
8267	Q4468436	White Mountain Airport	WMO
8268	Q4478491	Ust-Maya Airport	UMS
8269	Q4480553	Five Mile Airport	FMC
8270	Q4478587	Ust-Tsylma Airport	UTS
8271	Q4470832	Ulan-Ude Vostochny Airport	
8272	Q4476263	Washburn Municipal Airport	
8273	Q4480633	Firebaugh Airport	
8274	Q4469768	Ouzinkie Airport	KOZ
8275	Q4479769	Wales Airport	WAA
8276	Q4475609	Unalakleet Airport	UNK
8277	Q7200322	Placerville Airport	PVF
8278	Q7199486	Pittsfield Municipal Airport	PSF
8279	Q7200286	Placencia Airport	PLJ
8280	Q7197397	Pipestone Municipal Airport	
8281	Q7195627	Piney Pinecreek Border Airport	
8282	Q7201466	Plant City Airport	
8283	Q7201707	Plaridel Airport	
8284	Q7195557	Pineridge Ranch Airport	
8285	Q7196022	Pink Hill Airport	
8286	Q7198267	Piseco Airport	
8287	Q7199332	Pittsburgh Monroeville Airport	
8288	Q7199748	Pixley Airport	
8289	Q7200725	Plains Airport	
8290	Q7200784	Plainville Airpark	
8291	Q3913606	Port Simpson Water Aerodrome	YPI
8292	Q3913625	Fox Lake Airport	
8293	Q3913636	Bria Airport	BIV
8294	Q3913624	Goodsoil Airport	
8295	Q3913628	Greensboro Municipal Airport	
8296	Q3913601	Stanley Airport	
8297	Q3913639	Governor's Harbour Airport	GHB
8298	Q3913643	Florenceville Airport	
8299	Q3913610	Grand Bend Airport	
8300	Q3913611	Kyle Airport	
8301	Q3913640	Liege/CNRL Aerodrome	
8302	Q3913622	Saint-Hyacinthe Aerodrome	
8303	Q3913619	Stirling Aerodrome	
8304	Q3913637	Taltheilei Narrows Airport	GSL
8305	Q7135442	Paranavaí Airport	PVI
8306	Q7129815	Air Force Station Arjan Singh	
8307	Q7131163	Panilonco Aerodrome	
8308	Q7131860	Pantnagar Airport	PGH
8309	Q7129018	Pama Airport	XPA
8310	Q7132304	Paoua Airport	
8311	Q7134812	West Auckland Airport	
8312	Q7138115	Park Township Airport	HLM
8313	Q7128905	Pam's Place Airport	
8314	Q7131362	Panna Airport	
8315	Q7138286	Parker Carson Airport	
8316	Q7133766	Paraburdoo Airport	PBO
8317	Q3914030	Rocanville Airport	
8318	Q3913917	Pembroke Airport	YTA
8319	Q3914034	Pine Lake Aerodrome	
8320	Q3913914	Greater Cumberland Regional Airport	CBE
8321	Q3914003	Haines Airport	HNS
8322	Q3914036	Grand Falls Airport	
8323	Q3913919	Grand Marais Airport	
8324	Q3913996	Hadley Airport	
8325	Q3913915	Pine Dock Airport	
8326	Q3914032	Tsetzi Lake (Pan Phillips) Airport	
8327	Q3914029	Goundam Airport	GUD
8328	Q3914014	Granite Mountain Air Station	GMT
8329	Q3914024	Great Barrier Aerodrome	GBZ
8330	Q11824520	La Esperanza Airport, Intibucá	LEZ
8331	Q11824526	Lambaréné Airport	LBQ
8332	Q11824504	Krakor Airport	KZD
8333	Q11824516	Kyauktu Airport	KYT
8334	Q11824501	Kotor	
8335	Q11824517	Kardjali Airport	
8336	Q11824529	Laucala Airport	LUC
8337	Q11824496	Qishn Airport	IHN
8338	Q11824519	La Désirade Airport	DSD
8339	Q11824510	Guelmim Airport	GLN
8340	Q11824499	Danica Airport	
8341	Q11824507	Kubuta Airfield	
8342	Q11824502	Kourou Airport	
8343	Q11824522	Captain Ramon Xatruch Airport	PLP
8344	Q11824527	Las Khoreh Airport	
8345	Q7202342	Platinum Airport	PTU
8346	Q7220312	Lake Manyara Airport	LKY
8347	Q7207405	Poesoegroenoe Airstrip	
8348	Q7206532	Pocono Mountains Municipal Airport	MPO
8349	Q7205835	Plymouth Municipal Airport	
8350	Q7205700	Plutonic Airport	
8351	Q7204069	Pleasant Valley Airport	
8352	Q7202510	Platte Valley Airpark	
8353	Q7202549	Plattsville (Lubitz Flying Field) Aerodrome	
8354	Q7205329	Plum Island Airport	
8355	Q7205360	Plum Valley Airport	
8356	Q7208153	Point Roberts Airpark	
8357	Q7208371	Pointers Airport	
8358	Q7205838	Plymouth Municipal Airport	
8359	Q7205833	Plymouth Municipal Airport	PYM
8360	Q7220771	Tabora Airport	TBO
8361	Q7220495	Mpanda Airport	NPY
8362	Q7227574	Ponca City Regional Airport	PNC
8363	Q7227441	Pompano Beach Airpark	PPM
8364	Q7220419	Masasi Airport	XMI
8365	Q7220710	Songea Airport	SGX
8366	Q7227394	Pomona Landing Airport	
8367	Q7227645	Poncri Auxiliary Aerodrome	
8368	Q7227712	Ponderosa Ranch Airport	
8369	Q7220745	Sumbawanga Airport	SUT
8370	Q7232150	Porto Cheli Airport	PKH
8371	Q7232430	Portsmouth Airport, Hampshire	PME
8372	Q7234143	Poste Airport	
8373	Q7235399	Heritage Field Airport	PTW
8374	Q7235037	Potomac Airfield	VKX
8375	Q7231510	Portales Municipal Airport	
8376	Q7233039	Posey Field	
8377	Q7233352	Poso Airport	
8378	Q7233659	Post Mills Airport	
8379	Q7235401	Pottstown Municipal Airport	
8380	Q7231618	Porter County Regional Airport	VPZ
8381	Q7231705	Porterville Municipal Airport	PTV
8382	Q7231859	Portland-Troutdale Airport	TTD
8383	Q5918581	Yancheng Nanyang Airport	YNZ
8384	Q5933314	Hughes Airport	
8385	Q5935460	Hukuntsi Airport	HUK
8386	Q5796729	Reno Stead Airport	
8387	Q5927971	Waterloo Regional Airport	ALO
8388	Q5793464	San Tomé Airport	SOM
8389	Q5893872	Tirvia Heliport	
8390	Q5883519	Holmes Airport	
8391	Q5913218	Hound Run Airport	
8392	Q5807775	North Las Vegas Airport	VGT
8393	Q5772347	Hisar Airport	HSS
8394	Q7144700	Pathankot Airport	IXP
8395	Q7142134	Pasighat Airport	IXT
8396	Q7144915	Patiala Airport	
8397	Q7142272	Paso de los Libres Airport	AOL
8398	Q7142269	Paso Robles Municipal Airport	PRB
8399	Q7139963	Parshall-Hankins Airport	
8400	Q7145016	Patillas Airport	
8401	Q7145136	Pato Branco Airport	PTO
8402	Q7139108	Parlin Field	NWH
8403	Q6367808	Karad Airport	
8404	Q6374903	Kasumigaura Air Field	
8405	Q6374123	Kasese Airport	KSE
8406	Q6373238	Karonga Airport	KGJ
8407	Q6368608	Karara Airport	KQR
8408	Q6374527	Kasiguncu Airport	PSJ
8409	Q6374616	Kasompe Airport	CGJ
8410	Q6370465	Kariba Airport	KAB
8411	Q6373643	Karumba Airport	KRB
8412	Q6367975	Karaikal Airport	
8413	Q6373300	Karpens Airport	
8414	Q6372624	Karluk Airport	KYK
8415	Q6374546	Kasimovo Airport	
8416	Q7754595	The Oaks Airfield	
8417	Q7703411	Terrell Municipal Airport	TRL
8418	Q7707719	Texas Gulf Coast Regional Airport	LJN
8419	Q7709861	Thames Aerodrome	TMZ
8420	Q7737541	The Granites Airport	GTS
8421	Q7752137	The Monument Airport	PHQ
8422	Q7697946	Telêmaco Borba Airport	TEC
8423	Q7701561	Teramiranda Airport	
8424	Q7703395	Terrell County Airport	
8425	Q7707041	Teufel's Farm Strip	
8426	Q7709959	Thamesford (Harydale Farms) Aerodrome	
8427	Q7710719	Thar Jath Airstrip	
8428	Q7723112	The Citadel Airport	
8429	Q7738217	The Green Trees Ranch Airport	
8430	Q4492014	Fort Yukon Airport	FYU
8431	Q4490073	Gross Rosebel Airstrip	
8432	Q4482254	Fedotovo airbase	
8433	Q4502623	Khatgal Airport	HTM
8434	Q4481257	Farquhar Airport	
8435	Q4491123	Florala Municipal Airport	
8436	Q4491388	Foley Municipal Airport	
8437	Q4496134	Haruta Airport	
8438	Q4492376	Franklin Field	
8439	Q4491404	Fall River Mills Airport	
8440	Q4491406	Fallbrook Community Airpark	
8441	Q4503750	Yangzhou Taizhou Airport	YTY
8442	Q6301629	Juara Airport	JUA
8443	Q6299758	Kaimana Airport	KNG
8444	Q6129037	Tillamook Airport	OTK
8445	Q6129080	Sitka Rocky Gutierrez Airport	SIT
8446	Q6122746	Jagodina Airport	
8447	Q6125855	Jalal-Abad Airport	
8448	Q6151254	Rustenburg Airfield	
8449	Q6184509	Jerry Sumners Sr. Aurora Municipal Airport	
8450	Q6217195	Johannesson v. West St. Paul	
8451	Q6301610	Juanjuí Airport	JJI
8452	Q6163922	Jasper County Airport	RNZ
8453	Q4392062	Red Devil Airport	RDV
8454	Q4391335	Russian Mission Airport	RSH
8455	Q4392567	Ravensthorpe Airport	RVT
8456	Q4403746	Savatiya	
8457	Q4389818	Rampart Airport	RMP
8458	Q4398909	Rtishchevo	
8459	Q4392064	Red Dog Airport	RDB
8460	Q4391201	Florence Municipal Airport	FMU
8461	Q4387018	San Jose Airport	SJI
8462	Q4385298	Tuscaloosa National Airport	TCL
8463	Q6379368	Kavumu Airport	BKY
8464	Q6374907	Kasungu Airport	KBQ
8465	Q6380559	Kayenta Airport	MVM
8466	Q6375075	Katama Airpark	
8467	Q6377000	Kathrinstadt Airport	
8468	Q6379883	Kawass Airport	
8469	Q6379205	Savusavu Airport	SVU
8470	Q6379598	Kawama Airport	VRO
8471	Q6375103	Katanning Airport	KNI
8472	Q3914182	Turweston Aerodrome	
8473	Q3914187	Puntzi Mountain Airport	
8474	Q3914208	Welshpool Airport	
8475	Q3914195	Estevan/Bryant Airport	
8476	Q3914190	Rockglen Airport	
8477	Q3914179	Port Hawkesbury Airport	YPS
8478	Q3914165	Williams Harbour Airport	YWM
8479	Q3914192	Eastend Airport	
8480	Q3914200	Echo Valley Airport	
8481	Q3914170	Esterhazy Airport	
8482	Q3914197	Luseland Airport	
8483	Q3914185	North Seal River Airport	
8484	Q3914210	Thessalon Municipal Airport	
8485	Q3914175	Windermere Airport	
8486	Q3914152	Lampman Airport	
8487	Q3914134	Grande Airport	
8488	Q3914144	Tungsten (Cantung) Airport	TNS
8489	Q3914138	Grande Cache Airport	YGC
8490	Q3914131	Shellbrook Airport	
8491	Q3914154	Swan River Airport	ZJN
8492	Q3914161	Gopher Gulch Airport	
8493	Q3914156	Plevna/Tomvale Airport	
8494	Q3914142	Roland (Graham Field) Airport	
8495	Q3914149	Saint-Quentin Aerodrome	
8496	Q3914139	Strathclair Airport	
8497	Q3914146	Grayling Airport	KGX
8498	Q3914151	Gorom Gorom Airport	XGG
8499	Q6311925	Jundee Airport	
8500	Q6305263	Juiz de Fora Airport	JDF
8501	Q6319287	Jwaneng Airport	JWA
8502	Q6310989	Jumla Airport	JUM
8503	Q6306328	Julia Creek Airport	JCK
8504	Q6315429	Juruena Airport	JRN
8505	Q6331537	Rotuma Airport	RTA
8506	Q6313579	Juniper Air Park	
8507	Q6314402	Juntura Airport	
8508	Q6319237	Juína Airport	JIA
8509	Q3914326	Greenbrier Valley Airport	LWB
8510	Q3914294	Grise Fiord Airport	YGZ
8511	Q3914325	Taloyoak Airport	YYH
8512	Q3914305	Ulukhaktok/Holman Airport	YHI
8513	Q3914321	Norway House Airport	YNE
8514	Q3914300	Repulse Bay Airport	YUT
8515	Q3914319	Grand Rapids Airport	
8516	Q3914322	Granitehill Lake Water Aerodrome	
8517	Q3914292	Eureka Aerodrome	YEU
8518	Q3914298	Pangnirtung Airport	YXP
8519	Q3914356	Port Alberni (Alberni Valley Regional) Airport	YPB
8520	Q3914354	Grand Rapids – Itasca County Airport	GPZ
8521	Q3914342	Stewart Aerodrome	ZST
8522	Q3914331	Green River Municipal Airport	RVR
8523	Q3914339	Russell Airport	
8524	Q3914352	Hague/Guliker Field Aerodrome	
8525	Q3914344	Lundar Airport	
8526	Q3914353	Quesnel Lake Airport	
8527	Q3914359	Saint-Dominique Aerodrome	
8528	Q3914350	Saint-Victor-de-Beauce Aerodrome	
8529	Q3914362	Steinbach (South) Airport	
8530	Q3914349	Greater Portsmouth Regional Airport	PMH
8531	Q3914357	Prince Rupert/Seal Cove Water Airport	ZSW
8532	Q3914336	Elliot Lake Municipal Airport	YEL
8533	Q7814821	Tom B. David Field	
8534	Q7831803	Tracy Municipal Airport	
8535	Q7821131	Tongoa Airport	TGH
8536	Q7828361	Totness Airstrip	TOT
8537	Q7813643	Tokmok Airport	
8538	Q7813696	Toktogul Airport	
8539	Q7814190	Toledo Suburban Airport	
8540	Q7821041	Tongareva Airport	PYE
8541	Q7828842	Touho Airport	TOU
8542	Q7814172	Toledo Municipal Airport	
8543	Q7831802	Tracy Municipal Airport	TCY
8544	Q7813558	Toketee State Airport	
8545	Q7826259	Toronto Aerodrome	
8546	Q7835478	Transylvania County Airport	
8547	Q4459336	Togiak Airport	TOG
8548	Q4465556	Tununak Airport	TNK
8549	Q4459128	Tobolsk Airport	TOX
8550	Q4457810	Tin City LRRS Airport	TNC
8551	Q4466451	Turukhansk Airport	THX
8552	Q4460088	Tolyatti Airport	
8553	Q4466060	Turkestan airport	
8554	Q4459632	Toksook Bay Airport	OOK
8555	Q4460623	Bulgan Airport	HBU
8556	Q4468167	Turtle Lake Municipal Airport	
8557	Q4459440	Tok Airport	TKJ
8558	Q4461114	Kharkhorin Airport	KHR
8559	Q4457889	Tyonek Airport	TYE
8560	Q5680398	Hastings Municipal Airport	HSI
8561	Q5659365	San Enrique Airport	
8562	Q5685377	El Aguacate Airport	CAA
8563	Q5659346	Palma del Río Airport	
8564	Q5685135	Hawkins County Airport	
8565	Q5659367	Sangüesa Airport	
8566	Q5659379	Sotos Airport	
8567	Q5659342	Ontur Airport	
8568	Q5659334	Nyes Airport	
8569	Q5659369	Santa Cilia-Los Pirineos Airport	
8570	Q5659380	Tomás Fernández Espada Airport	
8571	Q5667966	Harry Clever Field	PHD
8572	Q5665567	Harrison County Airport	
8573	Q5672567	Kaduna Airport	KAD
8574	Q5675477	Hartwood Airport	
8575	Q5681474	Hathazari Airfield	
8576	Q5683866	Haverstraw Heliport	
8577	Q5659357	Requena Airport	
8578	Q5685331	Juan José Rondón Airport	RON
8579	Q6404741	Kidepo Airport	
8580	Q6406292	Kikinda Airport	
8581	Q6408285	Kilwa Masoko Airport	KIY
8582	Q6406465	Kikwit Airport	KKW
8583	Q6407413	Killeen Regional Airport	GRK
8584	Q6406362	Kikori Airport	KRI
8585	Q6405877	Kiffa Airport	KFA
8586	Q6406503	Kilaguni Airport	ILU
8587	Q6407268	Killaloe/Bonnechere Airport	YXI
8588	Q6405068	Kidwell Airport	
8589	Q6406485	Kila Airfield	
8590	Q6407308	Killarney Airport	
8591	Q7812052	Tocumwal Airport	TCW
8592	Q7795629	Thomasville Regional Airport	TVI
8593	Q7783980	Thief River Falls Regional Airport	TVF
8594	Q7804603	Timbedra Airport	TMD
8595	Q7801895	Tikapur Airport	TPU
8596	Q7795723	Thompson Falls Airport	THM
8597	Q7801407	Tiger Field	
8598	Q7808995	Tipton Airport	FME
8599	Q7800749	Ticonderoga Municipal Airport	
8600	Q7801311	Tiga Airport	TGJ
8601	Q7800603	Tichitt Airport	THI
8602	Q7807996	Tinak Airport	TIC
8603	Q7788167	Thomas C. Russell Field	ALX
8604	Q7626968	Stuart Powell Field	
8605	Q7634564	Suffolk Executive Airport	
8606	Q7636814	Sultanpur Airport	
8607	Q7637765	Summit Airport	UMM
8608	Q7636564	Sulphur Springs Municipal Airport	SLR
8609	Q7630421	Sua Pan Airport	SXN
8610	Q7636400	Sullivan County Airport	SIV
8611	Q7638066	Sumter Airport	SUM
8612	Q7624902	Stroudsburg-Pocono Airport	ESP
8613	Q7629055	Sturgis Municipal Airport	
8614	Q7631467	Sublette Municipal Airport	
8615	Q7632317	Suburban Airport	
8616	Q7635019	Sugarloaf Regional Airport	
8617	Q7635846	Suki Airport	SKC
8618	Q3914110	Grand Junction Regional Airport	GJT
8619	Q3914118	La Romaine Airport	ZGS
8620	Q3914102	Grant County Regional Airport	JDA
8621	Q3914083	H.A. Clark Memorial Field	
8622	Q3914103	Andrewsfield Aerodrome	
8623	Q3914112	Wakaw Airport	
8624	Q3914114	Kindersley Regional Airport	YKY
8625	Q3914126	Winchester Airport	
8626	Q3914122	Estevan (South) Airport	
8627	Q3914090	Fort Grahame Airport	
8628	Q3914097	Grand Valley (Madill Field) Aerodrome	
8629	Q3914093	La Ronge Water Aerodrome	
8630	Q3914108	Norwood Airport	
8631	Q3914129	Stony Rapids Water Aerodrome	
8632	Q3914085	Kingfisher Lake Airport	KIF
8633	Q4531227	Elim Airport	ELI
8634	Q4519591	Shaktoolik Airport	SKK
8635	Q4519320	Chelyabinsk Shagol Airport	
8636	Q4522576	Sheldon Point Airport	SXP
8637	Q4519296	Shageluk Airport	SHX
8638	Q4505797	Qinhuangdao Beidaihe Airport	BPE
8639	Q4508421	Chalkar aerodrome	
8640	Q4512790	Krasnoyarsk Cheremshanka Airport	
8641	Q4520157	Shungnak Airport	SHG
8642	Q4529886	Adin Airport	
8643	Q4529769	Egegik Airport	EGX
8644	Q6347937	Kailashahar Airport	IXH
8645	Q6347817	Kaikohe Aerodrome	KKO
8646	Q6343813	Kabale Airport	
8647	Q6343226	Kaadedhdhoo Airport	KDM
8648	Q6347836	Kaikoura Aerodrome	KBZ
8649	Q6346911	Kahemba Airport	
8650	Q6343859	Kabankalan City Domestic Airport	
8651	Q6346952	Kahili Airfield	
8652	Q6347095	Kahntah Aerodrome	
8653	Q6347650	Kaifeng Air Base	
8654	Q6343801	Kabala Airport	KBA
8655	Q6343826	Kabalega Falls Airport	KBG
8656	Q11824300	Cap. Av. Juan Cochamanidis San Airport	SNG
8657	Q11824324	Chiquimula Airport	CIQ
8658	Q11824319	Chelinda Airport	CEH
8659	Q11824332	Contadora Airport	OTD
8660	Q11824307	Kaukira Airport	CDD
8661	Q11824310	Tsetserleg Airport	
8662	Q11824309	Tskhinvali aerodrome	
8663	Q11824302	Carmelita Airport	CMM
8664	Q11824322	Chipinge Airport	CHJ
8665	Q11824320	Chinde Airport	INE
8666	Q11824328	Chókwè airport	TGS
8667	Q11824303	Cartí Airport	CTE
8668	Q11824308	Catió Airport	
8669	Q11824305	Casas Nuevas Airport	
8670	Q11824312	Ceiba Doblada Airport	
8671	Q11824314	Chalchala Airport	
8672	Q11824334	Corazón de Jesús Airport	CZJ
8673	Q11824326	Chitré Alonso Valderrama Airport	CTD
8674	Q7272181	Quincy Regional Airport	UIN
8675	Q7272168	Quincy Municipal Airport	
8676	Q7275397	Hullavington Airfield	
8677	Q7275242	Leeds East Airport	
8678	Q7275499	Newton Airfield	
8679	Q7275108	RAE Bedford	
8680	Q7275279	RAF Dishforth	
8681	Q7275431	RAF Leconfield	
8682	Q7274994	RAAF Woomera Airfield	
8683	Q7272858	Quonset State Airport	NCO
8684	Q7275381	RAF Hockley Heath	
8685	Q7275390	RAF Hooton Park	
8686	Q7275496	RAF Newchurch	
8687	Q7275521	RAF Pengam Moors	
8688	Q7274973	RAAF Curtin	DCN
8689	Q7230506	Port Bergé Airport	WPB
8690	Q7230551	Port Clarence Coast Guard Station	KPC
8691	Q7230067	Porepunkah Airfield	MBF
8692	Q7230476	Port Alfred Airport	AFD
8693	Q7230827	Port Nelson Airport	RCY
8694	Q7229169	Pope Field	GFD
8695	Q7231412	Portage Creek Airport	PCA
8696	Q7230790	Port Meadville Airport	MEJ
8697	Q7231409	Portage County Regional Airport	POV
8698	Q7228709	Pooncarie Airport	
8699	Q7228710	Poonch Airport	
8700	Q7230529	Port Carling/Lake Joseph Water Aerodrome	
8701	Q7230679	Port Hope (Peter's Field) Aerodrome	
8702	Q7231427	Portage Municipal Airport	
8703	Q7230479	Port Alsworth Airport	PTA
8704	Q7230474	Port Allen Airport	PAK
8705	Q6348587	Kaitaia Airport	KAT
8706	Q6350082	Kalaeloa Airport	JRF
8707	Q6349020	Kajjansi Airport	
8708	Q6349472	Kakira Airport	
8709	Q6347960	Kaili Huangping Airport	KJH
8710	Q6352071	Kalemie Airport	FMI
8711	Q6355765	Kamalpur Airport	IXQ
8712	Q6353178	Kalispell City Airport	
8713	Q6353550	Kallang Airport	
8714	Q7288261	Ralph Wenz Field	PWY
8715	Q7288755	Ramagundam Airport	RMD
8716	Q7289905	Ramona Airport	
8717	Q7287034	Ralleigh Airstrip	
8718	Q7286717	Rakops Airport	
8719	Q7283708	Raichur Airport	
8720	Q7286914	Raleigh Executive Jetport	
8721	Q7285421	Raja Bhoj Airport	BHO
8722	Q7290266	Ramsgate Airport	
8723	Q7290788	Ranchaero Airport	
8724	Q7290914	Rancho Chávez Airstrip	
8725	Q7290952	Rancho El Barril Airstrip	
8726	Q7290954	Rancho El Caracol Airfield	
8727	Q7840076	Triangle North Executive Airport	LFN
8728	Q7848340	Truth or Consequences Municipal Airport	TCS
8729	Q7849663	Tsili Tsili	TSI
8730	Q7851193	Tucumcari Municipal Airport	TCC
8731	Q7839706	Tri-County Regional Airport	LNR
8732	Q7838704	Tres Arroyos Airport	OYO
8733	Q7846908	Troy Municipal Airport	TOI
8734	Q7849413	Tsaratanana Airport	TTS
8735	Q7838671	Trepell Airport	TQP
8736	Q7846545	Troughton Island Airport	
8737	Q7838592	Trenton Municipal Airport	TRX
8738	Q7846610	Trout Lake Airport	
8739	Q7838594	Trenton Municipal Airport	
8740	Q7839669	Tri-City Airport	
8741	Q7839670	Tri-City Airport	
8742	Q6415430	Kirk Field	PGR
8743	Q6412811	Kingman Airport	IGM
8744	Q6415839	Kirksville Regional Airport	IRK
8745	Q6413456	Kingston Airport	
8746	Q6412943	Kings Land O' Lakes Airport	
8747	Q6410279	Kimwarer Airport	KRV
8748	Q6410839	King's Airport	
8749	Q6412705	Kingdon Airpark	
8750	Q6413454	Kingston Airpark	
8751	Q6413438	Kingston-Ulster Airport	
8752	Q6415664	Kirkfield (Palestine) Aerodrome	
8753	Q6415662	Kirkfield/Balsam Lake Aerodrome	
8754	Q6410539	Kindamba Airport	KNJ
8755	Q6412429	Kingaroy Airport	KGY
8756	Q4692191	Aggeneys Airport	AGZ
8757	Q4697561	Aiome Airport	AIE
8758	Q4697099	Ailuk Airport	AIM
8759	Q4690838	Afton Municipal Airport	AFO
8760	Q4688177	Aeroacres Airport	
8761	Q4688258	Aeroflex-Andover Airport	
8762	Q4688383	Aeronut Park Balloonport	
8763	Q4697862	Air Estates Airport	
8764	Q4698135	Air Park-Dallas Airport	
8765	Q4697516	Ainsworth Regional Airport	ANW
8766	Q4696527	Aiambak Airport	AIH
8767	Q4692357	Aghajari Airport	AKW
8768	Q4694464	Aguaclara Airport	ACL
8769	Q7305793	Redenção Airport	RDC
8770	Q7305560	Redcliffe Airport	RCL
8771	Q7304683	Red Oak Municipal Airport	
8772	Q7297094	Raxaul Airport	
8773	Q7305623	Redding Municipal Airport	RDD
8774	Q7306035	Redlands Municipal Airport	
8775	Q7300558	Reading Regional Airport	RDG
8776	Q7305240	Red Wing Regional Airport	
8777	Q7305556	Redcliffe Airport	
8778	Q7301132	Real del Castillo Airstrip	
8779	Q7303585	Red & White Flying Service Airport	
8780	Q7303985	Red Deer/South 40 Airstrip	
8781	Q7303984	Red Deer/Truant Aerodrome	
8782	Q7304523	Red Lion Airport	
8783	Q4647199	DeLaurentis Airport	ODW
8784	Q4532271	Apple Valley Airport	APV
8785	Q4531903	Enem Airport	
8786	Q4533548	Yubiléini Airport	
8787	Q4569221	Forus Airport	
8788	Q4663100	Aba Airport	
8789	Q4534895	Samoa Field Airport	
8790	Q4634807	31st Air Base	
8791	Q4636532	3 Rivers Recreation Area Airport	
8792	Q4648255	A. Paul Vance Fredericktown Regional Airport	
8793	Q4663626	Abba's Airport	
8794	Q4536620	Yakataga Airport	CYT
8795	Q4531391	San Gabriel Valley Airport	EMT
8796	Q7684630	Tapini Airport	TPI
8797	Q7680010	Talladega Municipal Airport	ASN
8798	Q7678919	Talas Airport	
8799	Q7681016	Tambaram Air Force Station	
8800	Q7681187	Tamga Airport	
8801	Q7685578	Tarauacá Airport	TRQ
8802	Q7681047	Tambohorano Airport	WTA
8803	Q7677281	Takaroa Airport	TKX
8804	Q7681680	Tampa Bay Executive Airport	
8805	Q7680082	Tallassee Airport	
8806	Q7680162	Tallman East Airport	
8807	Q7684749	Tappahannock Municipal Airport	
8808	Q7679077	Talcha Airport	
8809	Q4663917	Abbaye Airport	BGH
8810	Q4667820	Abingdon Airport	ABG
8811	Q4671605	Acadiana Regional Airport	ARA
8812	Q4668528	Abou-Deïa Airport	AOD
8813	Q4663947	Abbeville Chris Crusta Memorial Airport	
8814	Q4664119	Abbeyshrule Aerodrome	
8815	Q4664392	Abbottabad Airport	
8816	Q4666957	Aberdeen Municipal Airport	
8817	Q4667147	Abernathy Municipal Airport	
8818	Q4667774	Abilene Municipal Airport	
8819	Q4669415	Abrams Municipal Airport	
8820	Q4670277	Abu Musa Airport	AEU
8821	Q6419636	Klamath Falls Airport	LMT
8822	Q6416723	Kisima Airport	
8823	Q6417405	Kit Carson County Airport	
8824	Q6418185	Kitgum Airport	
8825	Q6420042	Kleberg County Airport	
8826	Q6417785	Kitale Airport	KTL
8827	Q6415856	Kirkuk international Airport	KIK
8828	Q6420011	Klawock Airport	KLW
8829	Q6417202	Kissidougou Airport	KSI
8830	Q6418629	Kittyhawk Airport	
8831	Q6416850	Kisoro Airport	
8832	Q11824401	Gobabis Airport	GOG
8833	Q11824389	Gangaw airport	GAW
8834	Q11824408	Gwa Airport	GWA
8835	Q11824373	Esperadinha	BVR
8836	Q11824402	Gorkha Airport	GKH
8837	Q11824386	Fuerte Olimpo Airport	OLK
8838	Q11824380	Nizwa	
8839	Q11824388	Gamboa Airport	WCA
8840	Q11824405	Grand Cess aerodrome	GRC
8841	Q11824382	Foya Airport	FOY
8842	Q11824392	Garachiné Airport	GHE
8843	Q11824385	Gabiro Airport	
8844	Q11824383	Franco Bianco Airport	SMB
8845	Q11824411	Haima Airport	
8846	Q3914251	Twin Creeks Airport	
8847	Q3914246	Greeley–Weld County Airport	GXY
8848	Q3914235	Altona Municipal Airport	
8849	Q3914219	Fort Macleod (Alcock Farm) Airport	
8850	Q3914255	Grand Manan Airport	
8851	Q3914249	Grand Valley (Black Field) Aerodrome	
8852	Q3914236	Grand Valley (Martin Field) Aerodrome	
8853	Q3914253	Greater Green River Intergalactic Spaceport	
8854	Q3914243	Green Acres Air Park	
8855	Q3914237	L'Assomption Airport	
8856	Q3914215	Saint-Raymond/Paquet Aerodrome	
8857	Q3914240	Shoal Lake Airport	
8858	Q3914213	Springdale Airport	
8859	Q3914231	Thetford Mines Airport	
8860	Q7665478	São Félix do Araguaia Airport	SXO
8861	Q7665479	São Félix do Xingu Airport	SXX
8862	Q7666002	Séguéla Airport	SEO
8863	Q7675571	Tahlequah Municipal Airport	TQH
8864	Q7665483	São Gabriel da Cachoeira Airport	SJL
8865	Q7673165	Table Rock Airport	
8866	Q7666021	Sélibaby Airport	SEY
8867	Q7674933	Tafelberg Airstrip	
8868	Q7673917	Tackaberry Airport	
8869	Q7671738	TSTC Waco Airport	CNW
8870	Q7665683	São Pedro Airport	
8871	Q7878301	Ukiah Municipal Airport	UKI
8872	Q7877717	Ugashik Airport	UGS
8873	Q7862221	Téra Airport	
8874	Q7877718	Ugashik Bay Airport	UGB
8875	Q7878832	Ulei Airport	ULB
8876	Q7860129	Tyler Pounds Regional Airport	TYR
8877	Q7878336	Ukkurey	
8878	Q7879733	Ulongwe Airport	
8879	Q7876488	Uberlândia Airport	UDI
8880	Q7878254	Uka Airport	
8881	Q7878810	Ulcinj Airport	
8882	Q7881202	Umatilla Municipal Airport	
8883	Q7881768	Umpqua Airport	
8884	Q4678286	Ada Municipal Airport	ADT
8885	Q4673953	Achutupo Airport	ACU
8886	Q4672683	Accomack County Airport	MFV
8887	Q4682995	Adirondack Regional Airport	SLK
8888	Q4687689	Aek Godang Airport	AEG
8889	Q4681238	Addison Airport	ADS
8890	Q4680322	Adams County Airport	
8891	Q4680394	Adams Ranch	
8892	Q4686984	Adé Airport	
8893	Q4685822	Adré Airport	
8894	Q3914483	Goondiwindi Airport	GOO
8895	Q3914445	Great Bend Municipal Airport	GBD
8896	Q3914449	Gondia Airport	GDB
8897	Q3914468	Great Harbour Cay Airport	GHC
8898	Q3914366	Arborfield Airport	
8899	Q3914503	Ear Falls Water Aerodrome	
8900	Q3914374	Eddontenajon/Iskut Village Airport	
8901	Q3914377	Fort Macleod Airport	
8902	Q3914442	Grand Haven Memorial Airpark	
8903	Q3914373	Grand Valley North Aerodrome	
8904	Q3914456	Haddenham Airfield	
8905	Q3914369	Round Lake (Weagamow Lake) Water Aerodrome	
8906	Q7689921	Taylor County Airport	MDF
8907	Q7697196	Telfer Airport	TEF
8908	Q7697191	Telfair-Wheeler Airport	MQW
8909	Q7690341	Taytay Airport	RZP
8910	Q7688795	Taunton Municipal Airport	TAN
8911	Q7697672	Telluride Regional Airport	TEX
8912	Q7694819	Tehachapi Municipal Airport	TSP
8913	Q7686516	Taroa Airfield	
8914	Q7688510	Tatum Airport	
8915	Q7689967	Taylor Field, Florida	
8916	Q7690079	Taylor Municipal Airport	
8917	Q7694200	Teed's Airport	
8918	Q7694592	Teeswater (Dent Field) Aerodrome	
8919	Q7686000	Tari Airport	TIZ
8920	Q7686551	Taroom Airport	XTO
8921	Q7689919	Taylor County Airport	
8922	Q7885600	Union County Airport	
8923	Q7902151	Ust-Pakhachi Airport	
8924	Q7894481	University-Oxford Airport	UOX
8925	Q7896878	União da Vitória Airport	UVI
8926	Q7901989	Ipatinga Airport	IPN
8927	Q7894506	University Airport	
8928	Q7894505	University Airpark	
8929	Q7901873	Ush Tobe aerodrome	
8930	Q7893755	Unity Airport	
8931	Q7898398	Upolu Airport	UPP
8932	Q7881778	Umpqua River Farm Airport	
8933	Q7885351	Union Airport	
8934	Q7898720	Upper Kent Aerodrome	
8935	Q7901377	Uru Harbour Airport	ATD
8936	Q4724319	Algona Municipal Airport	AXG
8937	Q4730318	Allah Valley Airport	AAV
8938	Q4720986	Alexandria Municipal Airport	AXN
8939	Q4724510	Ali-Sabieh Airport	AII
8940	Q4720925	Alexandreia Airport	
8941	Q4726560	Aligarh Airport	
8942	Q4723923	Alférez FAP Alfredo Vladimir Sara Bauer Airport	AOP
8943	Q4720722	Alexandra Park Aerodrome	
8944	Q4720941	Alexandria Airport	
8945	Q4720944	Alexandria Airport	
8946	Q4724427	Alhambra/Ahlstrom Aerodrome	
8947	Q4727643	Alkali Lake State Airport	
8948	Q4731288	Allegheny County Airport	AGC
8949	Q4699354	Aitutaki Airport	AIT
8950	Q4699409	Aiyura Airport	AYU
8951	Q4698843	Airok Airport	AIC
8952	Q4699331	Aitkin Municipal Airport	
8953	Q4698730	Airlake Airport	
8954	Q4699284	Aitape Airport	ATP
8955	Q4700481	Akbarpur Airstrip	
8956	Q4700615	Akeno Air Field	
8957	Q4698698	Airglades Airport	
8958	Q4699554	Ajaokuta Airstrip	
8959	Q4699591	Ajax Airport	
8960	Q4698855	Airpark East	
8961	Q7326645	Richard I. Bong Airport	SUW
8962	Q7323021	Rice Lake Regional Airport	RIE
8963	Q7315207	Resende Airport	REZ
8964	Q7323871	Richard B. Russell Airport	RMG
8965	Q7323793	Richard Arthur Field	
8966	Q7330281	Richards Bay Airport	RCB
8967	Q7329505	Richard Toll Airport	RDT
8968	Q7330611	Richland Airport	RLD
8969	Q7327421	Tulsa Riverside Airport	RVS
8970	Q7314385	Republic Airport	FRG
8971	Q7322141	Rialto Municipal Airport	
8972	Q7322261	Ribbon Ridge Airport	
8973	Q7330393	Richelieu/Messier Aerodrome	
8974	Q11824354	Dwangwa Airport	DWA
8975	Q11824362	Eyl Airport	HCM
8976	Q11824342	Dahlak	
8977	Q11824341	Daru airstrip	
8978	Q11824358	Dżirgatal	
8979	Q11824352	Dr Juan Plate	VMI
8980	Q11824369	El Porvenir Airport	PVE
8981	Q11824368	El Real de Santa María Airport	ELE
8982	Q11824364	El Naranjo Airport	ENJ
8983	Q11824372	Episkopi Airport	EPK
8984	Q11824367	Aramuaca Airport	
8985	Q11824344	Das Island Airport	
8986	Q11824365	El Jocotillo Airport	
8987	Q11824366	El Palmer Airport	
8988	Q11824356	Jebel Dhana Airport	
8989	Q7919191	Vellinge Airport	
8990	Q7917072	Vasylkiv	
8991	Q7919553	Venango Regional Airport	FKL
8992	Q7919997	Venice Municipal Airport	VNC
8993	Q7921938	Vernal Regional Airport	VEL
8994	Q7919017	Veliky Ustyug Airport	VUS
8995	Q7916525	Vashon Municipal Airport	
8996	Q7919684	Venell Airport	
8997	Q7921473	Verkhnyaya Toyma Airport	
8998	Q7922296	Vernonia Municipal Airport	
8999	Q7924221	Vey Sheep Ranch Airport	
9000	Q7921606	Vermilion Regional Airport	DNV
9001	Q7927693	Vidalia Regional Airport	VDI
9002	Q7928092	Vidin Airfield	VID
9003	Q7930299	Villa Constitución Airport	VIB
9004	Q7930336	Villa Garzón Airport	VGZ
9005	Q7928394	Vier Gebroeders Airstrip	
9006	Q7926998	Victoria Regional Airport	VCT
9007	Q7930472	Villa Reynolds Airport	VME
9008	Q7926549	Victoria Airport	ZIC
9009	Q7930306	Villa Dolores Airport	VDR
9010	Q7926160	Victor Mine Aerodrome	
9011	Q7927020	Victoria STOLport	
9012	Q7929444	Viking (South) Aerodrome	
9013	Q11824644	Nueva Guinea Airport	NVG
9014	Q11824652	Orinduik Airport	ORJ
9015	Q11824654	Orange Walk Airport	ORZ
9016	Q11824649	Omega Airport	OMG
9017	Q11824661	Ozurgeti	
9018	Q11824670	Paso Caballos	
9019	Q11824668	Panguilemo Airport	TLX
9020	Q11824646	El Arrayán Airport	OAN
9021	Q11824643	Obbia Airport	CMO
9022	Q11824645	Okaukuejo Airport	OKF
9023	Q11824663	Pailin Airport	PAI
9024	Q11824651	Opuwa Airport	OPW
9025	Q11824642	Akmenė Airfield	
9026	Q11824641	Novo Mesto - Prečna Airport	
9027	Q7330918	Richmond Municipal Airport	RID
9028	Q7335350	Rio Turbio Airport	RYO
9029	Q7335353	Rio Verde Airport	RVD
9030	Q7330764	Richmond Airport	
9031	Q7338418	Riverside Airport	
9032	Q7330643	Richland Municipal Airport	
9033	Q7333064	Rieben Airport	
9034	Q7335359	Rio Vista Airport	
9035	Q7335365	Rio Vista Municipal Airport	
9036	Q7337060	River Airport	
9037	Q7337790	River Run Ranch Airport	
9038	Q7330761	Richmond Airport	RCM
9039	Q7330797	Richmond County Airport	RCZ
9040	Q7338544	Riverside Municipal Airport	RAL
9041	Q4701971	Akure Airport	AKR
9042	Q4704233	Al Khor Airport	
9043	Q4701579	Akpaka Airport	
9044	Q4705770	Alalapadu Airstrip	
9045	Q4701301	Akjoujt Airport	AJJ
9046	Q4701668	Akron Airport	
9047	Q4705966	Alamo Landing Field	
9048	Q4705975	Alamo Navajo Airport	
9049	Q4701514	Akola Airport	AKD
9050	Q4700889	Akieni Airport	AKE
9051	Q6434775	Koutiala Airport	KTX
9052	Q6435008	Kowanyama Airport	KWM
9053	Q6434053	Kotido Airport	
9054	Q6434388	Kotwa Airport	
9055	Q6434558	Koulamoutou Airport	KOU
9056	Q6434895	Kovin Airport	KON
9057	Q6435175	Taos Regional Airport	TSM
9058	Q6434539	Koukou Angarana Airport	
9059	Q6434594	Koumala Airport	KOL
9060	Q6434247	Kotroni Air Base	
9061	Q6427472	Kolokope Airport	
9062	Q6429662	Konotop	
9063	Q6431160	Koppal Airport	
9064	Q6433575	Kostolac Airport	
9065	Q6427966	Kolwezi Airport	KWZ
9066	Q6433854	Kotakoli Air Base	KLI
9067	Q6433783	Kota Airport	KTU
9068	Q6430520	Kooddoo Airport	GKK
9069	Q6430471	Koné Airport	KNQ
9070	Q6432401	Kornasoren Airport	FOO
9071	Q6386977	Kemmerer Municipal Airport	EMM
9072	Q6380919	Kazarman Airport	
9073	Q6387877	Ken Jernstedt Airfield	
9074	Q6387085	Labasa Airport	LBS
9075	Q6387047	Mana Island Airport	MNF
9076	Q6381845	Kaédi Airport	KED
9077	Q6383444	Kegelman Air Force Auxiliary Field	CKA
9078	Q6383564	Keibane Airport	NRM
9079	Q6380860	Kazan-2 Airport	
9080	Q6382219	Kearny Airport	
9081	Q6385645	Kelle Airport	KEE
9082	Q11824679	Poptún Airport	PON
9083	Q11824691	Puerto Lempira Airport	PEU
9084	Q11824697	Pupelde Airport	ZUD
9085	Q11824693	Puerto Seco Airstrip	
9086	Q11824673	Pine Cay Airport	PIC
9087	Q11824671	Pelaneng Airport	PEL
9088	Q11824687	Přerov Airport	PRV
9089	Q11824672	Thbeng Meanchey Airport	OMY
9090	Q11824692	Puerto Rico Airport	PUR
9091	Q11824684	Prijedor Urije Airport	
9092	Q11824689	Cabo 1° Juan Román Airport	WPA
9093	Q11824685	Prievidza Airport	
9094	Q11824688	Pružany	
9095	Q11824690	Puerto Obaldía Airport	PUE
9096	Q4738961	Am Timan Airport	AMC
9097	Q4741166	Ambatomainty Airport	AMY
9098	Q4737044	Altus/Quartz Mountain Regional Airport	AXS
9099	Q4740626	Amatopo Airstrip	
9100	Q4741169	Ambatondrazaka Airport	WAM
9101	Q4740960	Ambala Air Force Station	
9102	Q4737627	Alva Regional Airport	
9103	Q4737343	Alum Rock Airport	
9104	Q4738919	Am Dam Airport	
9105	Q4740961	Ambalabe Airport	WAI
9106	Q4737322	Alula Aba Nega Airport	MQX
9107	Q11824536	Lichinga Airport	VXC
9108	Q11824540	Lodja Airport	LJA
9109	Q11824550	Lukulu Airport	LXU
9110	Q11824551	Lumid Pau Airport	LUB
9111	Q11824538	Likoma Airport	LIX
9112	Q11824552	Ma'an	MPQ
9113	Q11824532	Lesobeng Airport	LES
9114	Q11824535	León Airport	
9115	Q11824546	Los Tablones	LOX
9116	Q11824555	Mafeteng Airport	MFC
9117	Q11824545	Los Comandos Airport	
9118	Q11824553	Mabaruma Airport	USI
9119	Q4732325	Alliance Municipal Airport	AIA
9120	Q4731515	Allen Army Airfield	BIG
9121	Q4734800	Alpena County Regional Airport	APN
9122	Q4732076	Allentown Queen City Municipal Airport	
9123	Q4731808	Allen Parish Airport	
9124	Q4731599	Allen County Airport	
9125	Q4731453	Allen's Airstrip	
9126	Q4734037	Almyra Municipal Airport	
9127	Q4735785	Alsek River Airport	
9128	Q4735469	Alpine-Casparis Municipal Airport	ALE
9129	Q4734443	Along Airport	IXV
9130	Q6423552	Knox County Regional Airport	RKD
9131	Q6422670	Knjaževac Airport	
9132	Q6427158	Kole Sur Lukenie Airport	
9133	Q6427467	Kolokani Airport	
9134	Q6426598	Kokhanok Airport	KNK
9135	Q6426762	Kokomo Municipal Airport	OKK
9136	Q6421465	Kluczewo Airfield	
9137	Q6423544	Knox County Airport	
9138	Q6424365	Kobelt Airport	
9139	Q6426867	Koksan Airport	
9140	Q6425506	Syekh Hamzah Fansyuri Airport	
9141	Q6421902	Kneeland Airport	NLN
9142	Q6423662	Knoxville Downtown Island Airport	
9143	Q4711466	Albert Whitted Airport	SPG
9144	Q4714404	Alegrete Airport	ALQ
9145	Q4705990	Alamogordo–White Sands Regional Airport	ALM
9146	Q4711997	Alberto Delgado Airport	TND
9147	Q4712532	Albion Municipal Airport	
9148	Q4720016	Alexander Salamon Airport	
9149	Q4709351	Albany Municipal Airport	
9150	Q4709353	Albany Municipal Airport	
9151	Q4709354	Albany Municipal Airport	
9152	Q4720574	Alexandra Aerodrome	ALR
9153	Q4708409	Alas Leuser Airport	LSR
9154	Q4710695	Albert Lea Municipal Airport	AEL
9155	Q3914532	Sainte-Anne-des-Monts Aerodrome	
9156	Q3914528	Alice Arm/Silver City Water Aerodrome	ZAA
9157	Q3914512	Brewton Municipal Airport	
9158	Q3914510	Apple River Airport	
9159	Q3914514	Keene/Elmhirst's Resort Airport	
9160	Q3914525	Parry Sound/Deep Bay Water Aerodrome	
9161	Q3914534	Saint-Mathieu-de-Beloeil Aerodrome	
9162	Q3914537	Shoal Lake Water Aerodrome	
9163	Q7268601	Quakertown Airport	UKT
9164	Q7262758	Pweto Airport	PWO
9165	Q7267894	Qionghai Bo'ao Airport	BAR
9166	Q7272021	Quilpie Airport	ULP
9167	Q7264830	Pô Airport	PUP
9168	Q7262075	Put-in-Bay Airport	
9169	Q7263092	Pylon Field	
9170	Q7263581	Pyriatyn Airport	
9171	Q7268490	Quail Field	
9172	Q7269386	Quartz Hill Airport	
9173	Q7271992	Quillayute Airport	UIL
9174	Q7271312	Quepos La Managua Airport	XQP
9175	Q7914015	Vance Brand Airport	
9176	Q7911855	Valle Airport	VLE
9177	Q7908703	Vaiden Field	
9178	Q7903279	Utsunomiya Air Field	QUT
9179	Q7909455	Valdosta Regional Airport	VLD
9180	Q7915665	Varginha Airport	VAG
9181	Q7911513	Valesdir Airport	VLS
9182	Q7912273	Valley View Airport	
9183	Q7911753	Valkaria Airport	
9184	Q7913645	Van Sant Airport	
9185	Q7911890	Valle de la Pascua Airport	VDP
9186	Q7915229	Vanua Lava Airport	SLH
9187	Q7914943	Vanimo Airport	VAI
9188	Q11824781	Thakhek	THK
9189	Q11824791	Tlokoeng Airport	TKO
9190	Q11824788	Tiputini Airport	TPN
9191	Q11824795	Tortola	TOV
9192	Q11824770	Tabuaeran Island Airport	TNV
9193	Q11824777	Concepcion	CIO
9194	Q11824782	Thaba Tseka Airport	THB
9195	Q11824811	Utila Airport	UII
9196	Q11824793	Tomislavgrad	
9197	Q11824799	Tuzla Jegen Lug	
9198	Q11824773	Tambankulu Airfield	
9199	Q11824766	Chinguetti Airport	CGT
9200	Q11824768	Tabligbo	
9201	Q11824784	Timphu aerodrome	
9202	Q11824805	Umm Al Quwain Airport	
9203	Q11824813	Uthman Air Base	
9204	Q11824775	Tchongorove Airport	IGE
9205	Q7277291	RNZAF Base Ohakea	OHA
9206	Q7282389	Rafaela Aerodrome	RAF
9207	Q7283216	Ragoebarsing Airstrip	
9208	Q7278511	Rabaul Airport	RAB
9209	Q7275562	Shipdham Airfield	
9210	Q7275662	RAF Wattisham	
9211	Q7278495	Rabak Airport	KST
9212	Q7281945	Raebareli Airport	
9213	Q7281770	Raduzhny Airport	RAT
9214	Q7275551	RAF Santacruz	
9215	Q7275576	RAF Southam	
9216	Q7275583	RAF St Jean	
9217	Q7275629	RAF Thorney Island	
9218	Q7275642	RAF Tuddenham	
9219	Q7275657	RAF Warwick	
9220	Q7276009	RCAF Station Charlottetown	
9221	Q7276012	RCAF Station Dafoe	
9222	Q7276018	RCAF Station Gimli	
9223	Q7276021	RCAF Station High River	
9224	Q7276026	RCAF Station Mount Pleasant	
9225	Q7276031	RCAF Station Pearce	
9226	Q7276030	RCAF Station Pennfield Ridge	
9227	Q7276039	RCAF Station Vulcan	
9228	Q7278116	RWJ Airpark	
9229	Q3914281	Stony Rapids Airport	YSF
9230	Q3914282	Habersham County Airport	
9231	Q3914265	Wadena Airport	
9232	Q3914258	Tisdale Airport	YTT
9233	Q3914257	Greenwood County Airport	GRD
9234	Q3914260	Greenwood Lake Airport	
9235	Q3914267	Shediac Bridge Aerodrome	
9236	Q3914262	Warren/Woodlands Airport	
9237	Q3914285	Little Grand Rapids Airport	ZGR
9238	Q3914279	Pond Inlet Airport	YIO
9239	Q3914289	Port Hardy Airport	YZT
9240	Q7291126	Rancho Murieta Airport	RIU
9241	Q7295896	Raton Municipal Airport	RTN
9242	Q7297030	Rawlins Municipal Airport	RWL
9243	Q7294610	Raroia Airport	RRR
9244	Q7295849	Ratnagiri Airport	RTC
9245	Q7292845	Rangiora Airport	
9246	Q7293564	Rantoul National Aviation Center	
9247	Q7295616	Rathcoole Aerodrome	
9248	Q7291052	Rancho Las Cruces Airstrip	
9249	Q7291115	Rancho Magaña Airstrip	
9250	Q7291254	Rancho San José Airstrip	
9251	Q7291500	Randall Airport	
9252	Q7291763	Randolph's Landing Area	
9253	Q7293249	Rankin Airport	
9254	Q7293251	Rankin Airport	
9255	Q7293254	Rankin Field	
9256	Q7294284	Rapopo Airfield	
9257	Q6389144	Kenema Airport	KEN
9258	Q6391320	Kenosha Regional Airport	ENW
9259	Q6393700	Kerben Airport	
9260	Q6388881	Miami Executive Airport	TMB
9261	Q6390879	Kennett Memorial Airport	KNT
9262	Q6393897	Kerikeri Airport	KKE
9263	Q6393032	Keokuk Municipal Airport	EOK
9264	Q6393886	Kericho Airport	KEY
9265	Q6389713	Kennel Airstrip	
9266	Q6389997	Kenneth Copeland Airport	
9267	Q6390929	Kennisis Lake Water Aerodrome	
9268	Q6391910	Kent State University Airport	
9269	Q7313215	Renhuai Maotai Airport	WMT
9270	Q7311434	Relizane Airport	QZN
9271	Q7311914	Remire Island Airport	
9272	Q7313554	Renton Municipal Airport	RNT
9273	Q7306283	Redstone Army Airfield	HUA
9274	Q7306621	Reed Airport	
9275	Q7306432	Redvers Airport	
9276	Q7306249	Reds Wallowa Horse Ranch Airport	
9277	Q7306468	Redwing Airport	
9278	Q7307056	Reeves Airport	
9279	Q7308420	Regina/Aerogate Aerodrome	
9280	Q7310093	Reigle Field	
9281	Q7310279	Reindeer Lake/Lindbergh Lodge Aerodrome	
9282	Q7313156	Renfrew Airport	
9283	Q7309935	Reid–Hillview Airport	RHV
9284	Q7338685	Riverton Regional Airport	RIW
9285	Q7344223	Robert F. Swinnie Airport	ADR
9286	Q7341112	Robe Airport	GOB
9287	Q7339802	Roanoke–Blacksburg Regional Airport	ROA
9288	Q7347861	Robert Mueller Municipal Airport	AUS
9289	Q7339792	Roanoke Municipal Airport	
9290	Q7341054	Robbins Field	
9291	Q7338769	Riverview Ranch Airport	
9292	Q7338916	Rivière Bell Aerodrome	
9293	Q7338929	Rivière Témiscamie (Air Roberval Ltée) Aerodrome	
9294	Q7339316	Road Commission Airport	
9295	Q7339894	Roaring Springs Ranch Airport	
9296	Q7341122	Roben-Hood Airport	WBR
9297	Q7338806	Poetry Landing	
9298	Q7958858	Waco Regional Airport	ACT
9299	Q7936441	Vista Field	VSK
9300	Q7939445	Voi Airport	
9301	Q7959165	Wadena Municipal Airport	
9302	Q7958724	Wacca Airport	WAC
9303	Q7945615	W. H. 'Bud' Barron Airport	DBN
9304	Q7959222	Wadi Halfa Airport	WHF
9305	Q7938056	Viña del Mar Airport	KNA
9306	Q7958853	Waco Kungo Airport	CEO
9307	Q7937666	Vivian Airport	
9308	Q7939792	Voisey's Bay Aerodrome	
9309	Q7943644	Vunakanau Airfield	
9310	Q7945760	W. K. Kellogg Airport	BTL
9311	Q7935607	Visalia Municipal Airport	VIS
9312	Q7934312	Virginia Highlands Airport	VJI
9313	Q7934108	Virginia Airport	VIR
9314	Q7933920	Virgin Gorda Airport	VIJ
9315	Q7933566	Virac Airport	VRC
9316	Q7933774	Virgil I. Grissom Municipal Airport	BFR
9317	Q7932437	Vineland-Downstown Airport	
9318	Q7932483	Vineyard Airport	
9319	Q7934128	Virginia Beach Airport	
9320	Q7935906	Viseu Airport	VSE
9321	Q11824469	Karanambo Airport	KRM
9322	Q11824466	Kaoma Airport	KMZ
9323	Q11824470	Karasabai Airport	KRG
9324	Q11824473	Kasama Airport	KAA
9325	Q11824463	Koh Kong Airport	KKZ
9326	Q11824481	Khong Airport	KOG
9327	Q11824476	Kato Airport	KTO
9328	Q11824459	Kalabo Airport	KLB
9329	Q11824471	Karasburg Airport	KAS
9330	Q11824461	Kampong Thum airport	
9331	Q11824458	Kamarang Airport	KAR
9332	Q11824490	Kiofi Gihofi aerodrome	
9333	Q11824462	Kampot Airport	KMT
9334	Q11824482	Kete-Krachi	
9335	Q11824556	Maewo-Naone Airport	MWF
9336	Q11824559	Mahdia Airport	MHA
9337	Q11824586	Mbigou Airport	MBC
9338	Q11824569	Mangochi Airport	MAI
9339	Q11824572	Marcala Airport	MRJ
9340	Q11824589	Melchor de Mencos	MCR
9341	Q11824585	Mbala Airport	MMQ
9342	Q11824570	Manuae aerodrome	
9343	Q11824571	Mansa Airport	MNS
9344	Q11824573	Marib Airport	MYN
9345	Q11824584	Mayumba Airport	MYB
9346	Q11824560	Mayfa'ah,	MFY
9347	Q11824576	Marmul, OOMX Airport	OMM
9348	Q11824567	Marlboro Airport	MVJ
9349	Q11824568	Mampikony Airport	WMP
9350	Q11824581	Matthews Ridge	MWJ
9351	Q7244986	Princeton Municipal Airport	PNM
9352	Q7252785	Provo Municipal Airport	PVU
9353	Q7243633	Primorsko Airfield	
9354	Q7245039	Princeville Airport	HPV
9355	Q7252212	Protásio de Oliveira Airport	
9356	Q7238775	Pratt Regional Airport	PTT
9357	Q7238795	Prattville-Grouby Field	
9358	Q7236810	Powers Airport	
9359	Q7235834	Poverty Hollow Airport	
9360	Q7235841	Poverty Valley Aerodrome	
9361	Q7236940	Powwatka Ridge Airport	
9362	Q7242879	Priest Lake USFS Airport	
9363	Q7244926	Princeton-Kauffman Memorial Airport	
9364	Q7250816	Prospect State Airport	
9365	Q7244935	Princeton Airport	PCT
9366	Q7852603	Tumby Bay Airport	
9367	Q7857843	Twentynine Palms Strategic Expeditionary Landing Field	
9368	Q7853099	Tunica Municipal Airport	UTM
9369	Q7856724	Tuscola Area Airport	TZC
9370	Q7852030	Tuli Lodge Airport	TLD
9371	Q7851501	Tufi Airport	TFI
9372	Q7852144	Tullahoma Regional Airport	THA
9373	Q7853522	Tupelo Regional Airport	TUP
9374	Q7852011	Tulelake Municipal Airport	
9375	Q7855589	Turlock Municipal Airport	
9376	Q7858442	Twisp Municipal Airport	
9377	Q11824603	Monkey Mountain Airport	MYM
9378	Q11824599	Mondulkiri Airport	MWV
9379	Q11824602	Monkey Bay Airport	MYZ
9380	Q11824600	Mokuti Lodge Airport	OKU
9381	Q11824610	Moucha Airport	MHI
9382	Q11824596	Moabi Airport	MGX
9383	Q11824608	Mosteiros Airport	MTI
9384	Q11824606	Moskovskiy Pyandzh	
9385	Q11824592	Mhlume Airfield	
9386	Q11824609	Mostar-Jasenica	
9387	Q11824597	Misima Airport	MIS
9388	Q11824590	Mekambo Airport	MKB
9389	Q11824611	Mueda Airport	MUD
9390	Q4808925	Assis Airport	AIF
9391	Q4792913	Armação dos Búzios Airport	BZC
9392	Q4808298	Assa-Gueyla Airport	
9393	Q4805533	Ashley Municipal Airport	ASY
9394	Q4790813	Aripuanã Airport	AIR
9395	Q4802366	SLAF Koggala	KCT
9396	Q4792370	Arlington Municipal Airport	
9397	Q4792371	Arlington Municipal Airport	
9398	Q4810203	Kemijärvi Airfield	
9399	Q4809393	Plekhanovo Airport	
9400	Q4792114	Arledge Field	
9401	Q4793778	Armour Heights Field	
9402	Q7353896	Rochelle Municipal Airport	RPJ
9403	Q7349480	Robert S. Kerr Airport	RKR
9404	Q7352086	Robertson Airfield	ROD
9405	Q7354462	Rock Hill/York County Airport	RKH
9406	Q7353159	Robinvale Airport	RBC
9407	Q7355853	Rocky Mount-Wilson Regional Airport	RWI
9408	Q7359276	Rogers Field	
9409	Q7354338	Rock County Airport	
9410	Q7355390	Rockingham County NC Shiloh Airport	
9411	Q7352097	Robertson Field	
9412	Q7352103	Robertson Field	
9413	Q7354273	Pittsburgh Northeast Airport	
9414	Q7355209	Rockey's Air Strip	
9415	Q7354696	Southwest Wyoming Regional Airport	RKS
9416	Q7371276	Roundup Airport	RPX
9417	Q7368137	Rosecrans Memorial Airport	STJ
9418	Q7367579	Roscommon County – Blodgett Memorial Airport	HTL
9419	Q7372758	Roy E. Ray Airport	
9420	Q7368988	Rosita Airport	RFS
9421	Q7370692	Rottnest Island Airport	RTS
9422	Q7371313	Rourkela Airport	RRK
9423	Q7370065	Rostraver Airport	
9424	Q7367566	Roscoes Airport	
9425	Q7370503	Rothrock Field Airport	
9426	Q7371174	Round Valley Airport	
9427	Q7371908	Rowena Dell Airport	
9428	Q11824617	Mutare Airport	UTA
9429	Q11824637	North Sound Water Aerodrome	NSX
9430	Q11824624	Namutoni Airport	NNI
9431	Q11824640	Novi Travnik	
9432	Q11824613	Mueo Airport	PDC
9433	Q11824630	Neves	
9434	Q11824631	New Amsterdam Airport	QSX
9435	Q11824634	Nkaus Airport	NKU
9436	Q11824614	Murghob Airport	
9437	Q11824632	Nimruz	
9438	Q11824623	Namtu Airport	NMT
9439	Q11824615	Mukeiras Airport	UKR
9440	Q11824639	Norðfjörður Airport	NOR
9441	Q11824618	Mwadui Airport	MWN
9442	Q11824616	Murska Sobota Airport	
9443	Q11824628	Nesson Airport	
9444	Q11824635	Nitra Airport	
9445	Q6452913	Kyzyl-Kiya Airport	
9446	Q6452920	Kyzyl-Syr Airport	
9447	Q6461458	La Caleta Field	
9448	Q6460740	LaGrange-Callaway Airport	LGC
9449	Q6450171	Kwanghan Airfield	GHN
9450	Q6456550	L. M. Clayton Airport	OLF
9451	Q6453687	Kéniéba Airport	KNZ
9452	Q6449995	Kwail Airport	
9453	Q6450024	Kwaksan Airport	
9454	Q6453660	Kébir Airport	
9455	Q6460675	LaBelle Municipal Airport	
9456	Q6451825	Kyneton Airport	
9457	Q6450103	Kwamelasemoetoe Airstrip	
9458	Q11824434	Imbaimadai Airport	IMB
9459	Q11824453	Jutigalpa airport	JUT
9460	Q11824437	Irbid	
9461	Q11824432	Hwange Town Airport	WKI
9462	Q11824446	Jaqué Airport	JQE
9463	Q11824423	Holesov	GTW
9464	Q11824457	Milliken Airport	QKE
9465	Q11824420	Hienghène aerodrome	
9466	Q11824429	Hughenden Airport	HGD
9467	Q11824422	Leribe Airport	LRB
9468	Q11824413	Halali aerodrome	HAL
9469	Q11824447	Jericho aerodrome	
9470	Q11824426	Hradec Králové Airport	
9471	Q11824450	Juigalpa Airport	
9472	Q4753634	Andavadoaka Airport	DVD
9473	Q4753484	Andakombe Airport	ADC
9474	Q4750713	Anacortes Airport	OTS
9475	Q4745842	Amery Municipal Airport	AHH
9476	Q4745882	Ames Municipal Airport	AMW
9477	Q4751013	Analalava Airport	HVA
9478	Q4748633	Amravati Airport	AVR
9479	Q4745870	Ames Field	
9480	Q4754067	Anderson Field	
9481	Q4754070	Anderson Field	
9482	Q4742250	Amelia Earhart Airport	
9483	Q4746014	Amherst Airport	
9484	Q4753575	Andamooka Airport	ADO
9485	Q4765061	Animas Air Park	AMK
9486	Q4765685	Aniwa Airport	AWD
9487	Q4760239	Andrés Miguel Salazar Marcano Airport	ICC
9488	Q4766002	Ankavandra Airport	JVA
9489	Q4754136	Anderson Regional Airport (IN)	AID
9490	Q4754160	Anderson Regional Airport	AND
9491	Q4754429	Andi Jemma Airport	MXB
9492	Q4762737	Angelina Field	
9493	Q4766024	Ankeny Regional Airport	
9494	Q4759072	Andrews County Airport	
9495	Q4764299	Angwin-Parrett Field	
9496	Q4765589	Anita Municipal Airport	
9497	Q4762736	Angelina County Airport	LFK
9498	Q4784232	Arapongas Airport	APX
9499	Q4784077	Arandis Airport	ADI
9500	Q4782290	Apucarana Airport	APU
9501	Q4784140	Aransas County Airport	RKP
9502	Q4784205	Arapahoe Municipal Airport	AHF
9503	Q4779218	Apataki Airport	APK
9504	Q4779404	Apetina Airstrip	
9505	Q4779010	Apalapsili Airport	AAS
9506	Q4783511	Aracati Airport	
9507	Q4781255	Apple Valley Airport	
9508	Q6435236	Tuba City Airport	TBC
9509	Q6435212	Window Rock Airport	RQE
9510	Q6435405	Kozyrevsk Airport	
9511	Q6435403	Kanab Municipal Airport	KNB
9512	Q6435431	San Carlos Apache Airport	GLB
9513	Q6435348	Page Municipal Airport	PGA
9514	Q6435311	St. Johns Industrial Air Park	SJN
9515	Q6435273	Shiprock Airstrip	
9516	Q6435330	Springerville Municipal Airport	
9517	Q6435374	Winslow-Lindbergh Regional Airport	INW
9518	Q7967941	Wanigela Airport	AGL
9519	Q7963947	Walt Disney World Airport	DWS
9520	Q7967822	Wangaratta Airport	WGT
9521	Q7962246	Walker County Airport	
9522	Q7965231	Walter J. Koladza Airport	GBR
9523	Q7966567	Walterio Field	
9524	Q7963657	Walnut Ridge Regional Airport	ARG
9525	Q7967043	Wanaka Airport	WKA
9526	Q7967807	Wanganui Airport	WAG
9527	Q7962214	Walker Airport	
9528	Q7962820	Wallace Heliport	
9529	Q7966003	Halliburton Field	DUC
9530	Q7988098	Western Nebraska Regional Airport	BFF
9531	Q7987690	Western Carolina Regional Airport	
9532	Q7989399	Weston Airport	
9533	Q7989534	Westover Metropolitan Airport	CEF
9534	Q7987415	Westerly State Airport	WST
9535	Q7988642	Westfield Airport	
9536	Q7988882	Westheimer Air Park	
9537	Q7987017	West Woodward Airport	WWR
9538	Q7990248	Wexford County Airport	CAD
9539	Q7990475	Whakatane Airport	WHK
9540	Q7968865	Warburton Airport	
9541	Q7970669	Warrenton-Fauquier Airport	
9542	Q7969917	Warracknabeal Airport	WKB
9543	Q7970017	Warren Airport	
9544	Q7971103	Warwick Airport	WAZ
9545	Q7970906	Warsaw Municipal Airport	
9546	Q7970843	Warrnambool Airport	WMB
9547	Q7970685	Warri City Airport	QRW
9548	Q7970137	Warren County Memorial Airport	RNC
9549	Q7968794	Warangal Airport	WGC
9550	Q7969913	Warraber Island Airport	SYU
9551	Q7969685	Warner's Airport	
9552	Q7969999	Warren-Sugarbush Airport	
9553	Q7974507	Watertown Municipal Airport	RYV
9554	Q7973904	Waterbury-Oxford Airport	OXC
9555	Q7971633	Washington-Virginia Airport	WVA
9556	Q7971382	Waseca Municipal Airport	
9557	Q7972731	Waspam Airport	WSP
9558	Q7971163	Warwick Municipal Airport	
9559	Q7971369	Wasco State Airport	
9560	Q7971653	Washington Airport	
9561	Q7971856	Washington Executive Airport	
9562	Q7971631	Washington-Hoover Airport	
9563	Q7972013	Washington Island Airport	
9564	Q7973910	Waterbury Airport	
9565	Q7971757	Washington County Airport	WSG
9566	Q7974510	Watertown Regional Airport	ATY
9567	Q11824756	Springbok Airport	SBU
9568	Q11824738	Shamshernagar Airport	ZHM
9569	Q11824729	Saravane Airport	VNA
9570	Q11824735	Senanga Airport	SXG
9571	Q11824761	Savissivik Heliport	SVR
9572	Q11824755	Sonsonate	
9573	Q11824727	Santa Rosa de Copán Airport	SDH
9574	Q11824725	Sandwip	
9575	Q11824724	Santa Cruz airstrip	
9576	Q11824734	Senaki	
9577	Q11824737	Sesheke Airport	SJQ
9578	Q11824752	Slavonski Brod	
9579	Q11824723	San Vito de Java Airport	TOO
9580	Q11824739	Seshutes Airport	SHZ
9581	Q11824748	Siwa Oasis North Airport	SEW
9582	Q11824743	Silistra Airfield	SLS
9583	Q11824732	Sefwi Bekwai	
9584	Q11824754	Soroki International Airport	
9585	Q11824750	Siwo Airport	EAE
9586	Q6400012	Khamti Airport	KHM
9587	Q6400189	Khanbumbat Airport	
9588	Q6400263	Khandwa Airport	
9589	Q6402378	Khorog Airport	
9590	Q6402680	Khowai Airport	IXN
9591	Q6400843	Khashm El Girba Airport	GBU
9592	Q6404273	Kickapoo Downtown Airport	KIP
9593	Q6394435	Kerrville Municipal Airport	ERV
9594	Q6394161	Kern Valley Airport	
9595	Q6398465	Keystone Heights Airport	
9596	Q7378230	Rugby Municipal Airport	RUG
9597	Q7380932	Rusk County Airport	RFI
9598	Q7381914	Russellville Municipal Airport	
9599	Q7382550	Ruston Regional Airport	RSN
9600	Q7379320	Rumjatar Airport	RUM
9601	Q7378658	Ruhengeri Airport	RHG
9602	Q7381916	Russellville Regional Airport	
9603	Q7374450	Royal Marines Base Chivenor	
9604	Q7373507	Roy Williams Airport	
9605	Q7379060	Ruleville-Drew Airport	
9606	Q7382392	Rust Airstrip	
9607	Q7383432	Rutja Airfield	
9608	Q7380935	Rusk County Airport	RCX
9609	Q6480850	Lamar County Airport	
9610	Q6480420	Lalitpur's Defunct Airstrip	
9611	Q6480900	Lamar Municipal Airport	
9612	Q6482872	Lanai Airport	LNY
9613	Q6482666	Lampson Field	CKE
9614	Q6479228	Lakeview Airport	
9615	Q6479367	Lakewood Airport	
9616	Q6478618	Lake in the Hills Airport	
9617	Q6478739	Lakehill Airport	
9618	Q6478926	Lakeridge Health Port Perry	
9619	Q6479155	Lakeside State Airport	
9620	Q6479336	Lakeway Airpark	
9621	Q6479567	Lakhimpur Kheri Airport	
9622	Q6481244	Lambert Field Airport	
9623	Q6481732	Lamen Bay Airport	LNB
9624	Q6479993	Lakunai Airfield	
9625	Q6482428	Lamphun Airport	
9626	Q4777396	Antsirabato Airport	ANM
9627	Q4776383	Antonio (Nery) Juarbe Pol Airport	ARE
9628	Q4770684	Anshun Huangguoshu Airport	AVA
9629	Q4773159	Anthony Municipal Airport	ANY
9630	Q4775387	Antlers Municipal Airport	ATE
9631	Q4777392	Antsalova Airport	WAQ
9632	Q4769888	Anoka County-Blaine Airport	
9633	Q4770716	Anson County Airport	
9634	Q4770743	Ansongo Airport	
9635	Q4770546	Anse-à-Galets Airport	
9636	Q11824849	Île des Pins Airport	ILP
9637	Q11824840	Xienglom	XIE
9638	Q11824847	Edmond Cané Airport	IOU
9639	Q11824826	Wakaya Island Airport	KAY
9640	Q11824838	Xai-Xai Chongoene Airport	VJB
9641	Q11824841	Ye Airport	XYE
9642	Q11824821	Visoko	
9643	Q11824827	Aerodromul Washabo	WSO
9644	Q11824839	Yasawa Island Airport	YAS
9645	Q11824834	Woleai Atoll	
9646	Q11824816	Vatukoula Airport	VAU
9647	Q11824844	Yoro Airport	ORO
9648	Q11824845	Zambezi Airport	BBZ
9649	Q11824830	Veles	
9650	Q11824823	Wadi Abu Rish	
9651	Q11824818	Vang Vieng Airport	
9652	Q11824815	Sostanj-Lajse Airport	
9653	Q11824825	Wadi Ain	WDA
9654	Q11970328	Larvik Airport	
9655	Q12016117	Abadeh Airport	
9656	Q11824851	Thingeyri Airport	TEY
9657	Q11967273	Starmoen Airport	
9658	Q11896249	Tampere-Härmälä Airport	TMP
9659	Q11877491	Edmonton/Morinville (Currie Field) Aerodrome	
9660	Q11957004	Agdenes Airport	
9661	Q11961287	Bjørgan Airport	
9662	Q11962210	Brekken Airport	
9663	Q11969017	Fiske Airport	
9664	Q11970403	Frosta Airport	
9665	Q11975524	Hjerkinn Airport	
9666	Q11983769	Ler Airport	
9667	Q11987683	Maarud Airport	
9668	Q11989127	Mesnali Airport	
9669	Q11999375	Sande Airport	
9670	Q12000052	Setermoen Airport	
9671	Q12002461	Spydeberg airport	
9672	Q12007143	Torsnes Airport	
9673	Q12007798	Trøgstad airport	
9674	Q12009547	Bøverbru Airport	
9675	Q12016371	Peterson Field	
9676	Q11824852	Ćoralići	
9677	Q7959511	Wageningen Airstrip	AGI
9678	Q7959949	Waiheke Island Aerodrome	WIK
9679	Q7960336	Wairoa Aerodrome	WIR
9680	Q7960117	Waimea-Kohala Airport	MUE
9681	Q7961255	Walaha Airport	WLH
9682	Q7960943	Wake Island Airfield	AWK
9683	Q7959832	Wahoo Municipal Airport	
9684	Q7960718	Wajir Airport	WJR
9685	Q7959667	Wagoner Airport	
9686	Q7959673	Wagontire Airport	
9687	Q7961202	Wakonda Beach State Airport	
9688	Q7961500	Walden–Jackson County Airport	
9689	Q7396251	Sable Island Aerodrome	YSA
9690	Q7383505	Rutland Southern Vermont Regional Airport	RUT
9691	Q7390733	SLAF Iranamadu	TBA
9692	Q7395876	Sabana de la Mar Airport	SNX
9693	Q7386320	Río Hato Airport	RIH
9694	Q7390742	SLAF Palaly	JAF
9695	Q7390739	SLAF Vavuniya	
9696	Q7390732	SLAF China Bay	TRR
9697	Q7386441	Río de Agua de Vida Airstrip	
9698	Q7396800	Sack-O-Grande Acroport	
9699	Q7390731	SLAF Ampara	ADP
9700	Q7390735	SLAF Katukurunda	KTY
9701	Q7976824	Waynesville-St. Robert Regional Airport	TBN
9702	Q7982550	Wendover Airport	ENV
9703	Q7980274	Weipa Airport	WEI
9704	Q7979035	Wedderburn Airport	
9705	Q7982341	Wend Valley Airport	
9706	Q7980382	Weiser Air Park	
9707	Q7981444	Wellington Municipal Airport	
9708	Q7982430	Wendell H. Ford Airport	
9709	Q7981623	Wells Airport	
9710	Q7979326	Weed Airport	
9711	Q7976800	Waynes Air Service Airport	
9712	Q7980175	Weiker Airport	
9713	Q7981031	Welke Airport	
9714	Q7981690	Wells Municipal Airport	LWL
9715	Q6465373	La Tapoa Airport	
9716	Q6461635	La Cerdanya Aerodrome	
9717	Q6463288	La Junta Municipal Airport	
9718	Q6463566	La Macarena Airport	LMC
9719	Q6461892	La Coloma Airport	LCL
9720	Q6462671	La Fría Airport	LFR
9721	Q6461807	La Chorrera Airport	LCR
9722	Q6464544	La Porte Municipal Airport	
9723	Q6464471	La Plata Airport	LPG
9724	Q6461801	La Cholla Airpark	
9725	Q6463029	La Güera Airport	
9726	Q7359323	Rogers Municipal Airport	ROG
9727	Q7363010	Rome State Airport	REO
9728	Q7366227	Rooks County Regional Airport	RCP
9729	Q7366439	Roosevelt Field	
9730	Q7360953	Rolla National Airport	VIH
9731	Q7359801	Rohnerville Airport	
9732	Q7367171	Rosales Airport	
9733	Q7363008	Rome Service Airport	
9734	Q7363118	Romeo State Airport	
9735	Q7366770	Roppair Airport	
9736	Q7367303	Rosamond Skypark	
9737	Q7367449	Rosaschi Air Park	
9738	Q7367542	Roscoe Turner Airport	CRX
9739	Q6436398	Kratié Airport	
9740	Q6439004	Kroonstad Airport	
9741	Q6439576	Kruševac Airport	KSC
9742	Q6442992	Kulik Lake Airport	LKK
9743	Q6447956	Kushinagar International Airport	KBK
9744	Q6436694	Kremenchuk Airport	KHU
9745	Q6435461	Safford Regional Airport	SAD
9746	Q6436306	Krasnovishersk Airport	
9747	Q6438745	Kroelinger Airport	
9748	Q6443160	Kulm Municipal Airport	
9749	Q6443812	Kumgang Airport	
9750	Q6448698	Kutztown Airport	
9751	Q8039374	Xinzhou Wutaishan Airport	WUT
9752	Q8034218	Worcester Regional Airport	ORH
9753	Q8032379	Woodbine Municipal Airport	
9754	Q8039554	Wycheproof Airport	
9755	Q8032174	Wood County Airport	
9756	Q8040101	Wyndham Airport	WYN
9757	Q8032778	Woodie Woodie Airport	WWI
9758	Q8032378	Woodbine Municipal Airport	
9759	Q8033233	Woodruff County Airport	
9760	Q8033789	Wooldridge Agstrip	
9761	Q8035022	Workman Airpark	
9762	Q8038614	Wrong Lake Airport	
9763	Q8039315	Wurtsboro-Sullivan County Airport	
9764	Q8044188	Yunnanyi Airport (WWII)	
9765	Q7416157	Sanderson Field	SHN
9766	Q7417839	Sangapi Airport	SGK
9767	Q7415359	San Vicente Airport	
9768	Q7418979	Sansanné-Mango Airport	
9769	Q7417870	Sangarédi Airport	
9770	Q7419245	Santa Barbara Regional Airport	
9771	Q7417414	Sandy Point Airport	
9772	Q7416524	Sandpoint Airport	
9773	Q7417010	Sandusky County Regional Airport	
9774	Q7417222	Sandy Creek Airpark	
9775	Q7417447	Sandy River Airport	
9776	Q7417651	Sanford Regional Airport	SFM
9777	Q6503947	Lawrence County Airpark	HTW
9778	Q6504408	Lawrence Municipal Airport	LWM
9779	Q6507214	Le Mars Municipal Airport	LRJ
9780	Q6503539	Lawa Anapaike Airstrip	
9781	Q6503541	Lawa Antino Airstrip	
9782	Q6503546	Lawa Tabiki Airstrip	
9783	Q6503624	Lawlers Airport	
9784	Q6504407	Lawrence Regional Airport	LWC
9785	Q6502688	Lavina Airport	
9786	Q6503592	Lawen Strip	
9787	Q6507614	Le Roy Airport	
9788	Q6507708	Le Sueur Municipal Airport	
9789	Q6508184	Lea County Jal Airport	
9790	Q6508181	Lea County-Zip Franklin Memorial Airport	
9791	Q6504207	Lawrence J. Timmerman Airport	MWC
9792	Q12033127	Černovice Airport	
9793	Q12270098	Marau Sound Airport	PRS
9794	Q12033126	Tábor-Všechov Airport	
9795	Q12474045	Dabo Singkep Airport	SIQ
9796	Q12243553	Sakhir Air Base	
9797	Q12270100	Ontong Java Airport	
9798	Q12367915	Rapla Airport	
9799	Q12474046	Dewandaru Airport	KWB
9800	Q12172472	Airport Big Bend Sugar Estate	
9801	Q12311720	Vandel AB Airport	
9802	Q12084934	Brovary aerodrome	
9803	Q12155335	Dojno Polje Airport	
9804	Q12270152	Ringi Cove Airport	RIN
9805	Q12270146	Kukudu Airport	KUE
9806	Q12269892	Barakoma Airport	VEV
9807	Q12269898	Geva Airport	GEF
9808	Q12269896	Batuna Airport	BPF
9809	Q4788200	Ardmore Downtown Executive Airport	AHD
9810	Q4784257	Araraquara Airport	AQA
9811	Q4790277	Aribinda Airport	XAR
9812	Q4784580	Araçatuba Airport	ARU
9813	Q4788207	Ardmore Municipal Airport	ADM
9814	Q4785121	Arcadia-Bienville Parish Airport	
9815	Q4785962	Archer Memorial Field	
9816	Q4789821	Argyle Downs Airport	
9817	Q4784253	Araracuara Airport	ACR
9818	Q7976135	Wayne County Airport	BJJ
9819	Q7976132	Wayne County Airport	
9820	Q7975160	Waukesha County Airport	UES
9821	Q7974545	Waterville Regional  Airport	WVL
9822	Q7974751	Watonga Regional Airport	
9823	Q7975100	Wau Airport, Papua New Guinea	WUG
9824	Q7975206	Waupaca Municipal Airport	PCZ
9825	Q7975218	Wausau Downtown Airport	AUW
9826	Q7974540	Waterville Airport	
9827	Q7975032	Watts Landing Airport	
9828	Q7974901	Watsonville Municipal Airport	WVI
9829	Q7975872	Waycross-Ware County Airport	AYS
9830	Q12692120	Capitan Fuentes Martinez Airport	WPR
9831	Q12692188	Chanaral Airport	CNR
9832	Q12692142	Casino Airport	CSI
9833	Q12692111	Canarana Airport	CQA
9834	Q12692215	Chile Chico Airport	CCH
9835	Q12692151	Catole Do Rocha Airport	
9836	Q12692170	Centenário do Sul Airport	
9837	Q12692145	Čáslav Airport	
9838	Q12692118	Cape Rodney	CPN
9839	Q12692127	Carletonville Airport	
9840	Q12692133	Carolina Airport	
9841	Q12692121	Capinopolis Aviac Agri Buttarello Ltda Airport	
9842	Q12692148	Castle Mill Airport	
9843	Q12692122	Capitan Manuel Rios Guarico Airbase Airport	
9844	Q12692147	Castaway Cay Airport	
9845	Q12692144	Castillejos Airport	
9846	Q12692185	Chamonate Airport	
9847	Q12692161	Caxias Airport	QXC
9848	Q12691859	Bekily Airport	OVA
9849	Q12691880	Beni Mellal Airport	BEM
9850	Q12691777	Baidoa Airport	BIB
9851	Q12691865	Beledweyne Airport	BLW
9852	Q12691908	Bialla Airport	BAA
9853	Q12691855	Beit Bridge Airport	
9854	Q12691866	Belem De Sao Francisco Airport	
9855	Q12691795	Bammelshed Airport	
9856	Q12691816	Bariri Airport	
9857	Q12691935	Birkdale Sands Airport	
9858	Q12691891	Bertin Ltda Airport	
9859	Q12691900	Bharkot Airport	
9860	Q12691907	Bhiwani Airport	
9861	Q12691818	Parismina Airport	
9862	Q12691874	Belterra Airport	
9863	Q6513675	Lee Gilmer Memorial Airport	GVL
9864	Q6512829	Lee's Summit Municipal Airport	
9865	Q6516440	Leesburg Executive Airport	
9866	Q6511111	Lebanon Municipal Airport	LEB
9867	Q6513175	Lee C. Fine Memorial Airport	AIZ
9868	Q6508188	Lea County Regional Airport	HOB
9869	Q6508286	Leach Airport	
9870	Q6511045	Lebanon-Warren County Airport	
9871	Q6511114	Lebanon Municipal Airport	
9872	Q6511128	Lebanon State Airport	
9873	Q6515433	Lee Vining Airport	
9874	Q6518897	Lehman Field	
9875	Q6516582	Leeward Point Field	NBW
9876	Q6520963	Lelygebergte Airstrip	
9877	Q4841158	Badu Island Airport	BDD
9878	Q4822850	Kalinino	
9879	Q4831092	Aydın Airport	CII
9880	Q4819031	Etimesgut Air Base	ANK
9881	Q4844692	Omak Airport	OMK
9882	Q4818995	Vanavara Airport	
9883	Q4812938	Atbasar Airport	ATX
9884	Q4829102	Avoca Airport	
9885	Q4816135	Atlanta Regional Airport	
9886	Q4817173	Atoka Municipal Airport	
9887	Q4822833	Arzni Airport	
9888	Q7404650	Salinas Municipal Airport	SNS
9889	Q7404630	Salina-Gunnison Airport	SBO
9890	Q7404846	Salisbury–Ocean City–Wicomico Regional Airport	SBY
9891	Q7404639	Salina Cruz Airport	SCX
9892	Q7404634	Salina Regional Airport	SLN
9893	Q7405011	Sallisaw Municipal Airport	
9894	Q7404695	Saline County Regional Airport	
9895	Q7404035	Salem Airpark	
9896	Q7404691	Saline County Airport	
9897	Q7405334	Sally Wofford Airport	
9898	Q7405536	Salmon River Airfield	
9899	Q7405824	Salt Cay Airport	SLX
9900	Q11824713	Saadah Airport	SYE
9901	Q11824722	San José de Chiquitos Airport	SJS
9902	Q11824709	Rodelillo Airfield	VAP
9903	Q11824712	Ruinas de Copan Airport	RUY
9904	Q11824710	Rubelsanto Airport	RUV
9905	Q11824714	Saint-François Airport	SFC
9906	Q11824702	Raufarhöfn Airport	RFN
9907	Q11824700	Qacha's Nek Airport	UNE
9908	Q11824720	Wannukandi Airport	NBL
9909	Q11824718	Sam Neua	NEU
9910	Q11824717	Salima Airport	LMB
9911	Q11824705	Reyes Airport	REY
9912	Q7493437	Shelbyville Municipal Airport	SYI
9913	Q7490303	Sharp County Regional Airport	CKK
9914	Q7490460	Sharq Al-Owainat Airport	GSQ
9915	Q7493349	Shelby Airport	SBX
9916	Q7490388	Sharpe Field	TGE
9917	Q7491558	Shawnee Regional Airport	SNL
9918	Q7492269	Sheboygan County Memorial International Airport	SBM
9919	Q7493364	Shelby County Airport	
9920	Q7491523	Shawnee Field	
9921	Q7493320	Shelburne (Schaefer Field) Aerodrome	
9922	Q7491621	Shay Gap Airport	SGP
9923	Q7493435	Shelbyville Municipal Airport	
9924	Q7490536	Sharypovo Airport	
9925	Q7491224	Shawano Municipal Airport	
9926	Q7493350	Shelby-Cleveland County Regional Airport	
9927	Q12692491	Dukuduku Airport	DUK
9928	Q12692477	Doruma Airport	
9929	Q12692416	Dekese Airport	
9930	Q12692522	Eddib V7 Airport	
9931	Q12692398	Davis Inlet Aerodrome	YDI
9932	Q12692404	Deblin Mil Airport	
9933	Q12692496	Dundee Airport	
9934	Q12692392	Darlowo Airport	
9935	Q12692401	De Aar Airport	
9936	Q12692419	Delareyville Airport	
9937	Q12692441	Diboko Airport	
9938	Q12692439	Diankana Airport	
9939	Q12692448	Dignangan Airport	
9940	Q12692415	Delamere Airport	
9941	Q12692503	Dwaalboom Airport	
9942	Q12692454	Divisa Airport	
9943	Q12692511	East Eight Airport	
9944	Q12692512	East Five Airport	
9945	Q12692513	East Two Airport	
9946	Q12692475	Dores Do Indaia Airport	
9947	Q12692440	Dianopolis Airport	DNO
9948	Q6587985	Tom Price Airport	TPR
9949	Q6588044	Tamchakett Airport	THT
9950	Q6588001	Tambao Airport	TMQ
9951	Q6588039	Thompson-Robbins Airport	HEE
9952	Q6587965	Tallman Airport	
9953	Q6587993	Tamarack Springs Ranch Airport	
9954	Q6587917	Tarnogsky Gorodok Airport	
9955	Q6587934	Tasayevo Airport	
9956	Q6587940	Tuscola Airport	
9957	Q6587931	Tazadit Airport	OUZ
9958	Q6587924	Thargomindah Airport	XTG
9959	Q4998976	Burketown Airport	BUC
9960	Q4986799	Buka Airport	BUA
9961	Q4992240	Rocky Mountain Metropolitan Airport	BJC
9962	Q5003124	Buttress	
9963	Q5004956	Båtsfjord Airport	
9964	Q4997071	Malmö Bulltofta Airport	
9965	Q4992076	Lolland Falster Airport	MRW
9966	Q4992080	Randers Airport	
9967	Q4997399	Buna Airfield	
9968	Q5002306	But Airfield	
9969	Q5003604	Buzzwick Airport	
9970	Q4986699	Buin Airport	UBI
9971	Q5005071	Bétou Airport	BTB
9972	Q6492240	Las Higueras Airport	RCU
9973	Q6493272	Lasikin Airport	LKI
9974	Q6502629	Laverton Airport	LVO
9975	Q6501827	Laurinburg-Maxton Airport	MXE
9976	Q6492201	Las Flecheras Airport	SFD
9977	Q6499928	Laurel Municipal Airport	
9978	Q6499745	Laurel Airport	
9979	Q6499735	Laurel/Whittington Aerodrome	
9980	Q6500850	Zanjan Airport	JWN
9981	Q6500973	Laurens County Airport	
9982	Q6499743	Laurel Airport	
9983	Q7399709	Sahnewal Airport	LUH
9984	Q7399853	Saibai Island Airport	SBR
9985	Q7396985	Sacramento Executive Airport	SAC
9986	Q7396997	Sacramento Mather Airport	MHR
9987	Q7403599	Salamo Airport	SAM
9988	Q7399266	Saginaw County H.W. Browne Airport	
9989	Q7399009	Sagar Airport	
9990	Q7399981	Saidor Airport	SDI
9991	Q7400988	Saint Arnaud Airport	
9992	Q7399144	Sage Ranch Airport	
9993	Q7400548	Saint-André-Avellin Aerodrome	
9994	Q7400605	Saint-Esprit Aerodrome	
9995	Q7400749	Saint-Michel-de-Napierville Aerodrome	
9996	Q7399320	Saglek Airport	YSV
9997	Q8025488	Winkler County Airport	INK
9998	Q8022445	Willows-Glenn County Airport	WLW
9999	Q8023841	Winchester Municipal Airport	
10000	Q8024185	Windham Airport	
10001	Q8024332	Windorah Airport	WNR
10002	Q8023466	Wiluna Airport	WUN
10003	Q8023182	Wilson Ranch Airport	
10004	Q8025269	Wings Field	BBX
10005	Q8025578	Winnemucca Municipal Airport	WMC
10006	Q8022877	Wilroads Gardens Airport	
10007	Q8022907	Wilson's Airport	
10008	Q8025284	Wings for Christ Airport	
10009	Q8025478	Winkle Bar Airport	
10010	Q8025525	Winn Airport	
10011	Q7408115	Santo Ângelo Airport	GEL
10012	Q7413267	San Angelo Regional Airport	SJT
10013	Q7406176	Salton Sea Airport	SAS
10014	Q7413035	Samuels Field	BRY
10015	Q7409017	Sambava Airport	SVB
10016	Q7413238	San Andros Airport	SAQ
10017	Q7408985	Sambailo Airport	SBI
10018	Q7409022	Samberigi Airport	
10019	Q7409182	Same Airstrip	
10020	Q7408073	Sam Riggs Airpark	
10021	Q7409053	Sambir	
10022	Q8001635	Wiley Post Airport	PWA
10023	Q8002058	Wilgrove Air Park	QWG
10024	Q7996810	Whitsunday Airport	WSY
10025	Q7998131	Wichita Falls Municipal Airport	SPS
10026	Q8007285	William Creek Airport	
10027	Q8002450	Wilkes-Barre Wyoming Valley Airport	WBW
10028	Q7996498	Whitianga Aerodrome	WTZ
10029	Q7996466	Whitford's Airport	
10030	Q7998325	Wickenburg Municipal Airport	
10031	Q7999706	Wigrich Airport	
10032	Q8001132	Wilderness Airport	
10033	Q8001265	Wildhorse Valley Airport	
10034	Q8001552	Wildwood/Loche Mist Farms Aerodrome	
10035	Q8000071	Wilbarger County Airport	WIB
10036	Q7419824	Santa Paula Airport	SZP
10037	Q7419395	Santa Cruz Airport, Argentina	RZA
10038	Q7419789	Santa Monica Airport	SMO
10039	Q7419964	Santa Teresita Airport	SST
10040	Q7419700	Santa Maria Public Airport	SMX
10041	Q7419875	Santa Rosa Airport	SRA
10042	Q7419921	Santa Rosa Route 66 Airport	
10043	Q7419470	Santa Elena de Uairén Airport	SNV
10044	Q12691502	Almenara Airport	AMJ
10045	Q12691501	Almeirim Airport	GGF
10046	Q12691512	Alto Parnaiba Airport	APY
10047	Q12674710	Tauragės Aerodrome	
10048	Q12679895	Šilutė airfield	
10049	Q12603194	Susaek Airfield	
10050	Q12691428	Abuna Airport	
10051	Q12691437	Adustina Airport	
10052	Q12691471	Al Hamra Aux Airport	
10053	Q12691495	Alingsas Airport	
10054	Q12691515	Amal V12 Airport	
10055	Q12691522	Ambalavao Airport	
10056	Q12691511	Alto Paraiso Airport	
10057	Q12691510	Alto Paraguai Airport	
10058	Q12691526	Americana Airport	
10059	Q12691438	Joao Pessoa Aeroclub	
10060	Q12666841	Former Gliding School in Nida	
10061	Q12691730	Atizapan De Zaragoza Airport	AZP
10062	Q12691675	Antsoa Airport	WBO
10063	Q12691731	Atsinanana Airport	ILK
10064	Q12691746	Ayr Airport	AYR
10065	Q12691527	Ampanihy Airport	AMP
10066	Q12691742	Avaratra, Befandriana Airport	WBD
10067	Q12691712	Arzanah Airport	
10068	Q12691686	Araguaiana Airport	
10069	Q12691720	Asele Airport	
10070	Q12691736	Aubeville Airport	
10071	Q12691682	Apoteri Airport	
10072	Q12691683	Apruna Airport	
10073	Q12691695	Araras Airport	
10074	Q12691689	Araguari Airport	
10075	Q12691744	Avesta Airport	
10076	Q12691711	Aruana Airport	
10077	Q12691768	Bafia Airport	
10078	Q12691748	Azadi Airport	
10079	Q12691766	Badr AB Airport	
10080	Q12691754	Bachaquero Airport	
10081	Q6475176	Lake Cargelligo Airport	
10082	Q6467125	Labo Airport	OZC
10083	Q6470849	Lae Airport	LML
10084	Q6469844	Laduani Airstrip	LDO
10085	Q6472733	Lague Airport	LCO
10086	Q6475373	Lake City Gateway Airport	LCQ
10087	Q6468054	Lac du Bonnet (North) Water Aerodrome	
10088	Q6471335	Lafayette Airstrip	
10089	Q6471655	Lafferty Field	
10090	Q6474981	Lake Billy Chinook Airport	
10091	Q6468801	Laconia Municipal Airport	LCI
10092	Q6475279	Lake Charles Regional Airport	LCH
10093	Q7458171	Seward Airport	SWD
10094	Q7461112	Shafter Airport	MIT
10095	Q7451978	Breda International Airport	
10096	Q7455033	Seronera Airstrip	SEU
10097	Q7488572	Shangrao Sanqingshan Airport	SQD
10098	Q7487643	Shamrock Airport	
10099	Q7452543	Sequoia Field Airport	
10100	Q7460888	Shady Cove Airpark	
10101	Q7488648	Shaniko Cattle Airport	
10102	Q7488650	Shaniko Ranch Airport	
10103	Q7489162	Shaoguan Danxia Airport	HSC
10104	Q7489785	Shark Bay Airport	MJK
10105	Q4926282	Pattani Airport	PAN
10106	Q4896170	Besalampy Airport	BPY
10107	Q4906358	Big Sky Airport	
10108	Q4917212	Bisbee Municipal Airport	BSQ
10109	Q4918740	Bitam Airport	BMM
10110	Q4914161	Binga Airport	
10111	Q4906393	Big South Fork Airpark	
10112	Q4917475	Bishop Airport	
10113	Q4929215	Blue Heron Airport	
10114	Q4907679	Bilene Airport	
10115	Q4914026	Bindja Airport	
10116	Q4915751	Birchip Airport	
10117	Q4917340	Bishe Kola Air Base	BSM
10118	Q5192555	Cue Airport	CUY
10119	Q5194217	Cunderdin Airport	
10120	Q5196195	Cushing Municipal Airport	CUH
10121	Q5189237	Crowfield Airfield	
10122	Q5172061	Cornélio Procópio Airport	CKO
10123	Q5210535	Dale Mabry Field	
10124	Q5196040	Curuzú Cuatiá Airport	UZU
10125	Q5171159	Cornelia Fort Airpark	
10126	Q5175806	Cottonwood Falls Airport	
10127	Q5183417	Creasy Airport	
10128	Q5191255	Crystal Lake Airport	
10129	Q5196879	Cutler Regional Airport	
10130	Q5179324	Covilhã Airport	
10131	Q5192818	Cuito Cuanavale Airport	CTI
10132	Q5182844	Crawford County Airport	
10133	Q7986421	West Sale Airport	SXE
10134	Q7985422	West Houston Airport	IWS
10135	Q7986233	West Plains Regional Airport	
10136	Q7985622	West Kilimanjaro Airstrip	
10137	Q7985885	West Melton Aerodrome	WML
10138	Q7985066	West End Airport	WTD
10139	Q7983003	Wentworth Airport	
10140	Q7985208	West Georgia Regional Airport	
10141	Q7985888	West Memphis Municipal Airport	AWM
10142	Q7984626	West Buttercreek Airport	
10143	Q7985271	West Guilford/Redstone Lake Water Aerodrome	
10144	Q7985899	West Mesa Airport	
10145	Q7986246	West Point Airport	
10146	Q7986317	West Ranch Airport	
10147	Q7984430	West Bend Municipal Airport	ETB
10148	Q6475484	Lake County Airport	LXV
10149	Q6476360	Lake Johnston Airport	
10150	Q6477376	Lake Placid Airport	LKP
10151	Q6478323	Lake Village Airport	
10152	Q6475727	Lake Elmo Airport	
10153	Q6476303	Lake Isabella – Cal Brewer Memorial Airport	
10154	Q6476683	Lake Louise Airport	
10155	Q6477045	Lake Muskoka South Water Aerodrome	
10156	Q6478392	Lake Wales Municipal Airport	
10157	Q6478465	Lake Wenatchee State Airport	
10158	Q6477035	Lake Murray Airport	LMY
10159	Q6476048	Lake Gregory Waterdrome	NUA
10160	Q6477937	Lake Tahoe Airport	TVL
10161	Q6475487	Lake County Airport	LKV
10162	Q6476111	Lake Havasu City Airport	HII
10163	Q7441751	Searcy Municipal Airport	SRC
10164	Q7431153	Schenectady County Airport	SCH
10165	Q7436320	Scott Field	
10166	Q7431804	Schmidt Airport	
10167	Q7432103	Schomberg (Sloan Field) Aerodrome	
10168	Q7432891	Schrock Airport	
10169	Q7432909	Schroon Lake Airport	
10170	Q7434223	Scobey Airport	
10171	Q7437435	Scott Valley Airport	
10172	Q7441739	Searchlight Airport	
10173	Q7433093	Schuylkill County Airport	
10174	Q7436926	Scott Municipal Airport	
10175	Q7438177	Scottsboro Municipal Airport	
10176	Q7439928	Sea Lake Airport	
10177	Q7439166	Scribner State Airport	SCB
10178	Q7424653	Sarteneja Airport	SJX
10179	Q7420206	Santiago Airport	
10180	Q7420325	Santiago Municipal Airport	STI
10181	Q7421546	Sara Airport	SSR
10182	Q7420109	Santee Cooper Regional Airport	
10183	Q7419977	Santa Ynez Airport	SQA
10184	Q7424592	Airforce station sarsawa	
10185	Q7423786	Sardeh Band Airport	SBF
10186	Q7425061	Sasereme Airport	TDS
10187	Q7423011	Sarakreek Airstrip	
10188	Q7420402	Santiam Junction State Airport	
10189	Q7423357	Saratoga County Airport	
10190	Q7425642	Saskatoon/Richter Field Aerodrome	
10191	Q7425711	Saskylakh Airport	SYS
10192	Q7424286	Sarmany Airport	
10193	Q7996157	Whiteman Airport	WHP
10194	Q7991891	Wheatland County Airport	
10195	Q7990721	Wharton Regional Airport	WHT
10196	Q7992309	Wheeling Ohio County Airport	HLG
10197	Q7991965	Wheaton Municipal Airport	
10198	Q7990621	Whangarei Airport	WRE
10199	Q7992189	Wheeler-Sack Army Airfield	
10200	Q7995942	Whitegrass Airport	TAH
10201	Q7994125	Whitaker Airport	
10202	Q7995081	White Mountain Airport	
10203	Q7993729	Whippet Field	
10204	Q7993866	Whiskey Creek Airport	
10205	Q7994580	White Cloud Airport	
10206	Q7996082	Whitehorse Ranch Airport	
10207	Q7996085	Whitehorse Water Aerodrome	
10208	Q5036722	Captain Luis F. Gómez Niño Air Base	API
10209	Q5023890	Caloundra Airport	CUD
10210	Q5026903	Camooweal Airport	CML
10211	Q5043787	Carnarvon Airport	
10212	Q5016013	Cachoeiro de Itapemirim Airport	CDI
10213	Q5013269	Camp Speicher	
10214	Q5059067	Centenary Airport	
10215	Q5026164	Cameron Airport	
10216	Q5020750	California Pines Airport	
10217	Q5033452	Canora Airport	
10218	Q5054051	Cattaraugus County-Olean Airport	OLE
10219	Q5035997	Capitán Omar Darío Gerardi Airport	
10220	Q5015748	Caboolture Airfield	
10221	Q5035998	Capitán José Daniel Vazquez Airport	ULA
10222	Q5049704	Castellón Aerodrome	
10223	Q12474073	Kuabang Airport	KAZ
10224	Q12474098	Oksibil Airport	OKL
10225	Q12474075	David Constantijn Saudale Airport	RTI
10226	Q12474099	Oesman Sadik Airport	LAH
10227	Q12474104	Sangkimah Airport	SGQ
10228	Q12474107	Senggo Airport	ZEG
10229	Q12474092	Nabire Airport	NBX
10230	Q12474108	Bintuni Airport	NTI
10231	Q12474105	Sei Selari Airport	SEQ
10232	Q12474110	Tanah Merah Airport	TMH
10233	Q12474103	Reggane Airport	
10234	Q12474053	Gewayantana Airport	LKA
10235	Q12474057	H. Aroeppala Airport	KSR
10236	Q12474054	Gatot Subroto Airport	WYK
10237	Q12474093	Mukomuko Airport	MPC
10238	Q12474109	Serui Airport	ZRI
10239	Q8044568	Xingtai Dalian Airport	XNT
10240	Q8049558	Yarrawonga Airport	
10241	Q8047555	Yam Island Airport	XMY
10242	Q8045240	Xugana Airport	
10243	Q8049527	Yarram Airport	
10244	Q8046749	Yagoua Airport	GXX
10245	Q8047227	Yakubu Gowon Airport	JOS
10246	Q8047346	Yale Airport	
10247	Q8048741	Yankee Creek Airport	
10248	Q8050637	Yazoo County Airport	
10249	Q8051429	Yelabuga North	
10250	Q8048097	Yampa Valley Airport	HDN
10251	Q4883910	Bellevue Airport	
10252	Q4873104	Battlefield Airport	
10253	Q4876242	Bean Blossom Airport	
10254	Q4869310	Batken Airport	
10255	Q4887880	Beni-Dibele Airport	
10256	Q4890853	Beongo Airport	
10257	Q4891770	Rangeilunda Airport	
10258	Q5260601	Depati Parbo Airport	KRC
10259	Q5269853	Dhule Airport	
10260	Q5261416	Derby Airport	DRB
10261	Q5276921	Dillon Airport	DLN
10262	Q5269175	Dharavandhoo Airport	DRV
10263	Q5269021	King City Airport	
10264	Q5270892	Diamond Point Airport	
10265	Q5273787	Dickson Field	
10266	Q5273827	Dickwella Airport	
10267	Q5282335	Disley Aerodrome	
10268	Q5280771	Dirico Airport	DRC
10269	Q5260269	Ketapang Airport	KTG
10270	Q12692779	Futaleufu Airport	FFU
10271	Q12692838	Giyani Airport	GIY
10272	Q12692901	Guajará-Mirim Airport	GJM
10273	Q12692745	Francisco Sa Airport	
10274	Q12692904	Guanare Airport	GUQ
10275	Q12692781	G 536 Airport	
10276	Q12692733	Formiga Airport	
10277	Q12692784	Gagnef Airport	
10278	Q12692798	Gargnas Airport	
10279	Q12692756	Fronteira Airport	
10280	Q12692757	Frutal Airport	
10281	Q12692855	Gokwe Airport	
10282	Q12692818	Getulio Vargas Airport	
10283	Q12692870	Graaff Reinet Airport	
10284	Q12692872	Grabovnica Airport	
10285	Q12692877	Grand Bahama Airport	
10286	Q12692905	Guanajuato Airport	
10287	Q12692908	Guardalavaca Airport	
10288	Q12692958	Harding Airport	
10289	Q12692912	Guaxupe Airport	
10290	Q12692928	Hacienda Rio Yaza Airport	
10291	Q12692976	Hawtah Airport	
10292	Q12692796	Gardo Airport	GSR
10293	Q7429098	Sayak Airport	IAO
10294	Q7428734	Sawyer County Airport	HYR
10295	Q7429454	Saül Airport	XAU
10296	Q7427403	Sault Ste. Marie Municipal Airport	SSM
10297	Q7425757	Sassandra Airport	ZSS
10298	Q7426329	Satna Airport	TNI
10299	Q7430185	Scappoose Industrial Airpark	
10300	Q7427191	Saufley Field	NUN
10301	Q7427225	Saugus Field	
10302	Q7428847	Saxon Sycan Airport	
10303	Q7431004	Schaumburg Regional Airport	
10304	Q4850534	Baldwin County Airport	MLJ
10305	Q4850921	Balimo Airport	OPU
10306	Q4860751	Barimunya Airport	BYP
10307	Q4863892	Barrow Island Airport	BWB
10308	Q4869031	Bathinda Airport	BUP
10309	Q4851609	Ballera Airport	BBL
10310	Q4846383	Kautokeino Airport	QKX
10311	Q4866712	Basengele Airport	
10312	Q4860951	Barker Field	
10313	Q4850614	Baldwin West Aerodrome	
10314	Q4852894	Baltimore Municipal Airport	
10315	Q4863804	Barron Field	
10316	Q4863404	Barretos Airport	BAT
10317	Q4850789	Balgo Hill Airport	BQW
10318	Q8027082	Wiscasset Airport	ISS
10319	Q8026709	Wipim Airport	WPM
10320	Q8029103	Woja Airport	WJA
10321	Q8028609	Wittman Regional Airport	OSH
10322	Q8029097	Woitape Airport	WTP
10323	Q8025596	Winner Regional Airport	
10324	Q8026242	Winter Haven's Gilbert Airport	GIF
10325	Q8032094	Wonopito Airport	LWE
10326	Q8025893	Winona Municipal Airport	ONA
10327	Q8032173	Wood County Airport	
10328	Q8027659	Wisley Airfield	
10329	Q8028288	Withrotor Airport	
10330	Q8026613	Winton Airport	WIN
10331	Q6587871	Tatalina LRRS Airport	TLJ
10332	Q6587898	Tarapoa Airport	TPC
10333	Q6587878	Dekeleia Air Base	
10334	Q6587859	Tauranga Airport	TRG
10335	Q6587862	Tabou Airport	TXU
10336	Q6587866	Tatamagouche Airport	
10337	Q6587912	"Tartagal ""General Enrique Mosconi"" Airport"	TTG
10338	Q5155177	Comodoro P. Zanni Airport	PEH
10339	Q5167675	Coondewanna Airport	CJF
10340	Q5136303	Club Makokola Airport	CMK
10341	Q5138115	Coast Guard Air Station Port Angeles	
10342	Q5150939	Combolcha Airport	DSE
10343	Q5126351	Claremore Regional Airport	
10344	Q5155178	Comodoro Pierrestegui Airport	COC
10345	Q5167396	Coolah Airport	CLH
10346	Q5134046	Clinton-Sampson County Airport	CTZ
10347	Q5140709	Coen Airport	CUQ
10348	Q5139833	Coconut Island Airport	CNC
10349	Q5137884	Coalinga Municipal Airport	
10350	Q5138104	Coast Guard Air Station Borinquen	
10351	Q5150120	Columbus Southwest Airport	
10352	Q5149999	Woltermann Memorial Airport	
10353	Q5153221	Commodore Decatur Airport	
10354	Q6547308	Likiep Airport	LIK
10355	Q6551290	Lincolnton-Lincoln County Regional Airport	
10356	Q6550980	Lincoln Regional Airport	LRG
10357	Q6543711	Lidköping-Hovby Airport	LDK
10358	Q6548793	Lima Allen County Airport	AOH
10359	Q6550979	Lincoln Regional Airport	
10360	Q6553665	Linfen Qiaoli Airport	LFQ
10361	Q6547281	Likely Aerodrome	
10362	Q6548982	Limbe Airport	
10363	Q6550603	Lincoln County Airport	
10364	Q6550929	Lincoln Park Airport	
10365	Q6548902	Limatambo International Airport	
10366	Q8190291	Colonia Catriel Airport	CCT
10367	Q8213900	Žabljak Airport	ZBK
10368	Q8190895	Yola Airport	YOL
10369	Q8190680	Pocatello Regional Airport	PIH
10370	Q8190667	Mariano Moreno Airport	
10371	Q8213905	New Bight Airport	TBI
10372	Q8190741	Guasopa Airport	GAZ
10373	Q8190761	Junín Airport	JNI
10374	Q8051999	Yellowstone Regional Airport	COD
10375	Q8055062	Yongzhou Lingling Airport	LLF
10376	Q8055625	Yorke Island Airport	OKR
10377	Q8054539	Yokangassi Airport	NKY
10378	Q8052611	Yerington Municipal Airport	EYR
10379	Q8051448	Yelahanka Air Force Station	
10380	Q8053312	Yevpatoria Airport	
10381	Q8053504	Yibin Wuliangye Airport	YBP
10382	Q8052242	Yengema Airport	WYE
10383	Q8051984	Yellowstone Airport	WYS
10384	Q8052492	Yeouido Airport	
10385	Q5099431	Chimoio Airport	VPY
10386	Q5088631	Chaybukha Airport	
10387	Q5102154	Chistopol Airport	
10388	Q5105383	Choteau Airport	
10389	Q5099013	Chillagoe Airport	LLG
10390	Q5102314	Chitrakoot Airport	
10391	Q5083163	Charles W. Baker Airport	
10392	Q5092458	Cherry Ridge Airport	
10393	Q5101271	Chinquapin Airport	
10394	Q5063176	Century Mine Airport	
10395	Q5071434	Chandrapur Airport	
10396	Q5071182	Chandler Regional Airport	
10397	Q5093452	Chester Airport	
10398	Q6588067	Tau Airport	TAV
10399	Q6588061	Tanner-Hiller Airport	
10400	Q6588145	Taiping Airport	TPG
10401	Q6588049	Tanacross Airport	TSG
10402	Q6588099	Takaka Aerodrome	KTF
10403	Q6588132	Tugdan Airport	TBH
10404	Q6588088	Tapuruquara Airport	IRZ
10405	Q6588119	Takla Narrows Aerodrome	
10406	Q6588056	Thunder Bay/Eldorado Aerodrome	
10407	Q6588108	Toksan Airport	
10408	Q6588073	Toutant Airport	
10409	Q6588126	Tacoma Narrows Airport	TIW
10410	Q5243346	Lauriston Airport	CRU
10411	Q5243879	Uiju Airfield	UJU
10412	Q5244596	Sorocaba Airport	SOD
10413	Q5244624	Presidente Prudente Airport	PPB
10414	Q5244648	Lauro Kurtz Airport	PFB
10415	Q5244633	Jundiaí Airport	QDV
10416	Q5244604	São José do Rio Preto Airport	SJP
10417	Q5244458	Pichilemu Aerodrome	
10418	Q8213916	Selebi-Phikwe Airport	PKW
10419	Q8213929	Ouanda Djallé Airport	ODJ
10420	Q8214061	Videira Airport	VIA
10421	Q8214003	Luau Villa Teixeira de Sousa Airport	UAL
10422	Q8213941	Kapino Polje Airport	
10423	Q8214115	Sokodé Airport	
10424	Q8214009	Porto Urucu Airport	
10425	Q8214032	Santana do Araguaia Airport	CMP
10426	Q8213999	Francisco Beltrão Airport	FBE
10427	Q7533754	Skagit Regional Airport	MVW
10428	Q7537122	Skwentna Airport	SKW
10429	Q7537472	Sky Ranch Airport	
10430	Q7537232	Sky Acres Airport	
10431	Q7537732	Skyharbor Airport	
10432	Q7535164	Skikda Airport	SKI
10433	Q7532471	Siversky	
10434	Q7532802	Six Mile Lake (Hungry Bay) Water Aerodrome	
10435	Q7532890	Six Springs Ranch Airport	
10436	Q7533767	Skagway Seaplane Base	
10437	Q7535521	Skinner Ranch Airport	
10438	Q7537410	Sky Manor Airport	
10439	Q7537658	Skydive Houston Airport	
10440	Q7537654	Skydive Oregon Airport	
10441	Q7496892	Shimla Airport	SLV
10442	Q7502965	Show Low Regional Airport	SOW
10443	Q7498345	Shirdi Airport	SAG
10444	Q7499376	Shively Field	SAA
10445	Q7497474	Valle Airport	
10446	Q7497653	Hokksund Airport	
10447	Q7496956	Shimoga Airport	
10448	Q7497121	Stokker Airport	
10449	Q7497142	Vestby Airport	
10450	Q7497776	Kongsberg Airport	
10451	Q7497834	Lier Airport	
10452	Q7497473	Shingletown Airport	
10453	Q7498952	Shiroro Airstrip	
10454	Q7502509	Shotgun Ranch Airstrip	
10455	Q7503100	Showa Airport	
10456	Q7503438	Shravasti Airport	
10457	Q7497081	Ski Airport	
10458	Q6588299	Trona Airport	TRH
10459	Q6588328	Tri-State Airport	HTS
10460	Q6588319	Treasure Cay Airport	TCB
10461	Q6588341	Tri-Cities Airport (New York)	
10462	Q6588336	Tri-City Airport (Kansas)	PPF
10463	Q6588265	Ternopil Airport	TNL
10464	Q6588332	Tri-State Steuben County Airport	ANQ
10465	Q6588311	Truckee Tahoe Airport	TKF
10466	Q6588352	Tri-County Airport	
10467	Q6588308	Trujillo Airport	TJI
10468	Q6588280	Troy Airport	
10469	Q6588347	Tri-County Airport (Florida)	
10470	Q4949999	Boundji Airport	BOE
10471	Q4968061	Makokou Airport	MKU
10472	Q4950804	Bowen Airport	ZBO
10473	Q4943365	Boolgeeda Airport	OCM
10474	Q4939440	Bolila Airport	
10475	Q4968781	Bristol Aerodrome	
10476	Q4971523	Brits Airfield	
10477	Q4938837	Bokungu Airport	
10478	Q4946599	Borroloola Aerodrome	BOX
10479	Q4942048	Bonis Airfield	
10480	Q4949540	Boulder City Airport	
10481	Q4982627	Bucharest Alexeni Airport	
10482	Q4937795	Boguchany Airport	
10483	Q4985822	Buffalo Range Airport	BFO
10484	Q4974270	Bronzewing Airport	
10485	Q12693243	Kalaleh Airport	KLM
10486	Q12693181	Januaria Airport	JNA
10487	Q12693189	Jeypore Airport	PYB
10488	Q12693253	Kandep Airport	KDP
10489	Q12693245	Kalima Airport	KLY
10490	Q12693249	Kamaran Airport	KAM
10491	Q12693232	Kajiji Airport	
10492	Q12693226	Kabombo Airport	
10493	Q12693177	Jardim De Angicos Airport	
10494	Q12693199	Joao Pinheiro Airport	
10495	Q12693224	Kabompo Airport	
10496	Q12693205	Jomalig Airport	
10497	Q12693228	Kaipara Flats Aerodrome	
10498	Q12693238	Kakwa aerodrome	
10499	Q12693250	Kamphaeng Saen Airport	KDT
10500	Q6588452	Telergma Airport	
10501	Q6588504	Tehuacán Airport	TCN
10502	Q6588490	Thangool Airport	THG
10503	Q6588442	Tela Airport	TEA
10504	Q6588521	Tooele Valley Airport	
10505	Q6588435	Oran Tafraoui Airport	TAF
10506	Q6588498	Tnte. Gral. Gerardo Pérez Pinedo Airport	AYX
10507	Q6588527	Twentynine Palms Airport	TNP
10508	Q6588459	Temple Bar Airport	
10509	Q6588509	Tew-Mac Airport	
10510	Q12692337	Cradock Airport	CDO
10511	Q12692357	Cudal Airport	CUG
10512	Q12692332	Coveñas Airport	CVE
10513	Q12692364	Currais Novos Airport	QCP
10514	Q12692390	Darbhanga Airport	DBR
10515	Q12692383	Dala-Järna Airport	
10516	Q12692318	Corrente Airport	
10517	Q12692296	Conceicao Airport	
10518	Q12692377	Dahra Airport	
10519	Q12692317	Coronel Olmedo Airport	
10520	Q12692338	Coxim Airport	
10521	Q12692349	Cristalina Airport	
10522	Q12692345	Creputia Airport	
10523	Q12692350	Cristiano Ferreira Varella Airport	
10524	Q12692387	Darab Airport	
10525	Q12692362	Cummins Airport	
10526	Q12692310	Ingeniero Juan Antonio Perdomo Diaz Airport	
10527	Q12692367	Cuylers Airport	
10528	Q12692299	Concepcion Airport	CEP
10529	Q12692382	Dalby Airport	DBY
10530	Q6533224	Letfotar Airport	MOM
10531	Q6521132	Lemhi County Airport	SMN
10532	Q6528872	Leros Island National Airport	LRS
10533	Q6533290	Lethbridge Airpark	
10534	Q6523520	Leo Airport	XLU
10535	Q6526684	Leonora Airport	LNO
10536	Q6537129	Lewis University Airport	LOT
10537	Q6522297	Lenawee County Airport	ADG
10538	Q6522522	Lenhardt Airpark	
10539	Q6531964	Lester State Ultralight Flightpark	
10540	Q6533284	Lethbridge (J3 Airfield) Aerodrome	
10541	Q6533285	Lethbridge (Mercer Field) Aerodrome	
10542	Q6533283	Lethbridge/Anderson Aerodrome	
10543	Q6531306	Lesnovo Airfield	
10544	Q6535122	Levelock Airport	KLL
10545	Q7530610	Sirri Island Airport	SXI
10546	Q7532228	Siuna Airport	SIU
10547	Q7522238	Sindhri Airport	MPD
10548	Q7523505	Singida Airstrip	
10549	Q7530869	Siskiyou County Airport	SIY
10550	Q7514852	Siletz Airport	
10551	Q7514854	Siletz Bay State Airport	
10552	Q7521257	Simsbury Airport	
10553	Q7521270	Simtag Farms Airport	
10554	Q7525064	SintDenijs-Westrem Airfield	
10555	Q7531284	Sisters Eagle Airport	
10556	Q7514788	Siler City Municipal Airport	
10557	Q7515833	Silver Bay Municipal Airport	
10558	Q7517995	Simmons Army Airfield	FBG
10559	Q5259967	Korla Airport	KRL
10560	Q5249107	Kielce-Masłów Airport	
10561	Q5247385	Krosno Airport	
10562	Q5249136	Toruń Airport	
10563	Q5247366	Koszalin-Zegrze Pomorskie Airport	OSZ
10564	Q5259586	Denton Airport	
10565	Q5246295	Vitória da Conquista Airport	
10566	Q5247376	Sochaczew-Bielice Airport	
10567	Q5248579	Vila Real Aerodrome	VRL
10568	Q5246305	Marabá Airport	MAB
10569	Q7495217	Sherman Municipal Airport	SWI
10570	Q7496471	Shihezi Huayuan Airport	SHF
10571	Q7496634	Shilavo Airport	HIL
10572	Q7494546	Shepparton Airport	SHT
10573	Q7494220	Shendi Airport	
10574	Q7494882	Sheridan County Airport	SHR
10575	Q7494187	Shenandoah Valley Regional Airport	SHD
10576	Q7493955	Shelter Cove Airport	
10577	Q7496629	Gulli Airport	
10578	Q7496695	Haga Airport	
10579	Q7496838	Shimanovsk Airport	
10580	Q7493675	Shell Lake Municipal Airport	
10581	Q7494587	Sher-Wood Airport	PWD
10582	Q7495138	Sherman Army Airfield	FLV
10583	Q7513638	Sikeston Memorial Municipal Airport	SIK
10584	Q7509249	Sidney Municipal Airport	SNY
10585	Q7508919	Sidney-Richland Municipal Airport	SDY
10586	Q7507104	Sibiti Airport	SIB
10587	Q7513895	Sikorsky Memorial Airport	BDR
10588	Q7508744	Sidi Ifni Airport	SII
10589	Q7505494	Shuswap (Skwlax Field) Aerodrome	
10590	Q7511586	Sierra Sky Park Airport	
10591	Q7511718	Sierraville Dearwater Airport	
10592	Q7511340	Sierra Blanca Regional Airport	RUI
10593	Q7507325	Sibut Airport	
10594	Q12692248	Cianorte Airport	GGH
10595	Q12692225	Chimore Airport	CCA
10596	Q12692270	Cochrane, Chile Airport	LGR
10597	Q12692247	Churuguara Airport	
10598	Q12692258	Ciudad Piar Airport	
10599	Q12692243	Chunya Airport	
10600	Q12692227	Chinsali Airport	
10601	Q12692233	Chocha Airport	
10602	Q12692231	Chitipa Airport	
10603	Q12692224	Chinandega Airport	
10604	Q12692280	Colesberg Airport	
10605	Q12692246	Cicuco Airport	
10606	Q12692273	Cocorobo Airport	
10607	Q12692274	Cocos Airport	
10608	Q12692271	Coco Island Airport	
10609	Q12692294	Conceicao Do Mato Dentro Airport	
10610	Q12692290	Comilla Airport	CLA
10611	Q12692566	Aeropuerto Arsenio Valderrama	ARQ
10612	Q12692543	El Banco Airport	ELB
10613	Q12692587	Erave Airport	ERE
10614	Q12692560	El Pardillero Airport	
10615	Q12692581	Emmaboda Airport	
10616	Q12692601	Eslov Airport	
10617	Q12692526	Edsbyn Airport	
10618	Q12692523	Edmar Ferreira Airport	
10619	Q12692549	El Carmen, Costa Rica Airport	
10620	Q12692544	El Cardal Airport	
10621	Q12692554	El Guayabo Airport	
10622	Q12692555	El Jabillal Airport	
10623	Q12692599	Eshowe Airport	
10624	Q12692589	Erdemir Airport	
10625	Q12692611	Estcourt Airport	
10626	Q12692631	Faradje Airport	
10627	Q12692614	Estirao Do Equador Airport	
10628	Q12692553	El Jadida Airport	
10629	Q12692557	El Mirador Airport	PUX
10630	Q12695533	Warukin Airport	TJG
10631	Q12695536	Wasig Airport	
10632	Q12695525	Walkers Cay Airport	WKR
10633	Q12695558	MOD West Freugh	
10634	Q12695517	Waha 59-A Airport	
10635	Q12695529	Warmbaths Airport	
10636	Q12695544	Wavecrest Airport	
10637	Q12695539	Watsha Airport	
10638	Q12695556	Wesselsbron Airport	
10639	Q12695560	West Three Airport	
10640	Q12695559	West Two Airport	
10641	Q12695516	Waihi Beach Airport	
10642	Q12695515	Waimate Airport	
10643	Q12695522	Waiouru Airport	
10644	Q12695524	Waipukurau Airport	
10645	Q12695590	Witbank Airport	
10646	Q12695619	Yalingimba Airport	
10647	Q12695616	Xicotencatl airport	
10648	Q12695617	Xicotencatl Airport	
10649	Q12695618	Xingu Airport	
10650	Q12695644	Zacapú Airport	
10651	Q5220537	Thumamah Airport	
10652	Q5242799	Lieutenant Colonel Rafael Pabón Airport	VLM
10653	Q5242480	Oro Negro Airport	CBS
10654	Q5242807	Santiago Vila Airport	GIR
10655	Q5240353	Sayaboury Airport	ZBY
10656	Q5239706	Louangnamtha Airport	LXG
10657	Q5241834	Davis Airport	
10658	Q5230252	Davenport Municipal Airport	
10659	Q5211664	Dalton Airport	
10660	Q5211747	Dalupiri Airport	
10661	Q5224031	Darlot Airport	
10662	Q5211510	Dalma Airport	ZDY
10663	Q6588416	Tshumbe Airport	
10664	Q6588400	Tessalit Airport	
10665	Q6588369	Trim Aerodrome	
10666	Q6588390	Tezu Airport	TEI
10667	Q6588427	Silver Lake Forest Service Strip	
10668	Q6588431	Taft Airport	
10669	Q6588374	Trinca Airport	
10670	Q6588378	Trinity Center Airport	
10671	Q6588386	Trivelpiece Airport	
10672	Q6588422	Tshikapa Airport	TSH
10673	Q6588360	Tradewind Airport	TDW
10674	Q6588606	Tororo Airport	TRY
10675	Q6588610	Turpan Jiaohe Airport	TLQ
10676	Q6588643	Toledo Executive Airport	TDZ
10677	Q6588584	Tura Airport	
10678	Q6588637	Toledo Express Airport	TOL
10679	Q6588536	Twin Lakes Airport	
10680	Q6588598	Torres Airport	TOH
10681	Q6588580	Thor Lake Aerodrome	
10682	Q6588633	Toledo State Airport	
10683	Q6588566	Tottenham/Ronan Aerodrome	
10684	Q6588532	Twin Bridges Airport (Idaho)	
10685	Q6588541	Twin Lakes Airport (North Carolina)	
10686	Q6588546	Twin Pine Airport	
10687	Q6588555	Twitchell Airport	
10688	Q6588233	Tortuguero Airport	TTQ
10689	Q6588203	Tadji Airport	TAJ
10690	Q6588191	Tidjikja Airport	TIY
10691	Q6588220	Trout Lake Airport	
10692	Q6588214	Terrace Bay Airport	YTJ
10693	Q6588153	Taechon Airport	
10694	Q6588157	Taechon Northwest Airport	
10695	Q6588179	Tallahassee Commercial Airport	
10696	Q6588255	Trenton/Mountain View Airport	
10697	Q6588260	Turners Falls Airport	
10698	Q6588251	Trenton-Mercer Airport	TTN
10699	Q13417236	Tanout Airport	
10700	Q12695647	Zagora Airport	OZG
10701	Q12810075	Iğdır Airport	IGD
10702	Q13417230	Lages Airport	LAJ
10703	Q12700132	Akhisar Airbase	
10704	Q12695660	Zeerust Airport	
10705	Q12695664	Zella 74 Airport	
10706	Q12695662	Zelten Airport	
10707	Q12695657	Zarqan Airport	
10708	Q12695658	Zarrinshahr Airport	
10709	Q12700153	Heden Airbase	
10710	Q12700184	Pitea Airbase	
10711	Q12700189	Sattna Airbase	
10712	Q12720060	Tuzla Airport	
10713	Q12720064	Pipera Airport	
10714	Q13099462	Edmonton/Morinville (Mike's Field) Aerodrome	
10715	Q12873061	Lamia airport	
10716	Q12954531	Oaksey Park Airfield	
10717	Q7546729	Smyrna Airport	MQY
10718	Q7555134	Soko Airport	BDK
10719	Q7545285	Smith Reynolds Airport	INT
10720	Q7549760	Soalala Airport	DWB
10721	Q7547704	Snezhnogorsk Airport	
10722	Q7548901	Snyder Ranch Airport	
10723	Q7555807	Solapur Airport	SSE
10724	Q7545954	Smoketown Airport	
10725	Q7546732	Smyrna Airport	
10726	Q7547678	Snettisham Airport	
10727	Q7547749	Snider Creek Airport	
10728	Q7557139	Solberg-Hunterdon Airport	
10729	Q8060965	Yulin Yuyang Airport	UYN
10730	Q8060109	Yuba County Airport	MYV
10731	Q8065952	Zamperini Field	TOA
10732	Q8062867	Z. M. Jack Stell Field	CRT
10733	Q8065496	Zalingei Airport	ZLX
10734	Q8060100	Yuba Airport	
10735	Q8060171	Yucca Valley Airport	
10736	Q8061037	Yuma Municipal Airport	
10737	Q8058655	Youngstown-Warren Regional Airport	YNG
10738	Q8062565	Yélimané Airport	EYL
10739	Q12692026	Brigadier Hector Eduardo Ruiz Airport	CSZ
10740	Q12692021	Breiðdalsvík Airport	BXV
10741	Q12691990	Boteka Airport	
10742	Q12691973	Bonkita Airport	
10743	Q12691967	Kavanayén Airport	KAV
10744	Q12692016	Brannebrona Airport	
10745	Q12691943	Bizana Airport	
10746	Q12691985	Bosondjo Airport	
10747	Q12692019	Brattforsheden Airport	
10748	Q12691942	Bittencourt Airport	
10749	Q12691936	Birlagram	
10750	Q12691957	Bocaiuva Airport	
10751	Q12691970	Bom Jesus Airport	
10752	Q12691964	Bokaro Airport	
10753	Q12692023	Brejo Airport	JRT
10754	Q12691980	Borba Airport	RBB
10755	Q7414643	San Juan de la Maguana Airport	SJM
10756	Q7414748	San Luis Obispo County Regional Airport	SBP
10757	Q7413862	San Fernando Airport	SFE
10758	Q7415027	San Nicolás de Bari Airport	QSN
10759	Q7415281	San Salvador Airport	ZSA
10760	Q7414288	San Ignacio Airfield	SGM
10761	Q7414659	San Julián Air Base	SNJ
10762	Q7414773	San Luis Valley Regional Airport	ALS
10763	Q7414816	San Marcos Municipal Airport	
10764	Q7413577	San Cristóbal de las Casas National Airport	SZT
10765	Q7414293	San Ignacio Downtown Airstrip	
10766	Q7414718	San Lucas Military Airstrip	
10767	Q12692109	Cananea Airport	CNA
10768	Q12692046	Buhasa Airport	
10769	Q12692088	Caldera Airport	
10770	Q12692073	Cacador Airport	
10771	Q12692059	Burgersdorp Airport	
10772	Q12692047	Bukena Airport	
10773	Q12692038	Bu Attifel Airport	
10774	Q12692081	Cahama Airport	
10775	Q12692093	Calvinia Airport	
10776	Q12692066	Buševec Airfield	
10777	Q12692062	Buriti Alegre Airport	
10778	Q12692079	Caetite Airport	
10779	Q12692084	Calcario Vale Do Araguaia Airport	
10780	Q12692075	Cacoal Airport	
10781	Q12692083	Caicó Airport	
10782	Q12692103	Campo De Boi Airport	
10783	Q12692102	Campo Do Meio Airport	
10784	Q12692085	Caramori Airport	
10785	Q12692110	Canavieiras Airport	CNV
10786	Q7593213	St George Airport	SGO
10787	Q7591245	St. Paul Downtown Airport	STP
10788	Q7596652	Stafford Regional Airport	
10789	Q7590573	St. Marys Municipal Airport	STQ
10790	Q7590562	St. Marys Airport	
10791	Q7591814	St. Tammany Regional Airport	
10792	Q7596748	Stag Lane Aerodrome	
10793	Q7597475	Stampede Airport	
10794	Q7597717	Stan Jost Airport	
10795	Q12693304	Katete Airport	
10796	Q12693357	Kidston Airport	
10797	Q12693346	Kharan, OPKN Airport	
10798	Q12693319	Aeroclub Argentino	
10799	Q12693266	Kanyau Airport	
10800	Q12693262	Kaniama, Kapanga Airport	
10801	Q12693267	Kansimba Airport	
10802	Q12693303	Katako'kombe Airport	
10803	Q12693308	Katse Airport	
10804	Q12693306	Katumbi Airport	
10805	Q12693309	Katwe Airport	
10806	Q12693325	Kenhardt Airport	
10807	Q12693300	Kasulu Airport	
10808	Q12693324	Kempa Airport	
10809	Q12693355	Kibangou Airport	
10810	Q12693276	Karamea Aerodrome	
10811	Q12693360	Kilimatinde Airport	
10812	Q12693353	Khurais Airport	
10813	Q12693350	Khuan Phumiphon Airport	
10814	Q12693293	Kashan Airport	KKS
10815	Q8022363	Willow Run Airport	YIP
10816	Q8022265	Willow Airport	WOW
10817	Q8019116	William T. Piper Memorial Airport	LHV
10818	Q8010520	William H. Morse State Airport	
10819	Q8021280	Williamsport Regional Airport	IPT
10820	Q8017265	William R. Pogue Municipal Airport	OWP
10821	Q8021205	Williamson Airfield	
10822	Q8022178	Willmar Municipal Airport	ILL
10823	Q8021256	Williamson–Sodus Airport	SDC
10824	Q8021210	Veterans Airport of Southern Illinois	MWA
10825	Q8015824	Changchun Dafangshen Airport	
10826	Q8022150	Williston Municipal Airport	
10827	Q8022165	Willits Municipal Airport	
10828	Q6483153	Lancaster County Airport	
10829	Q6485735	Langatabbetje Airstrip	
10830	Q6483102	Lancaster Airpark	
10831	Q6487478	Lansing Municipal Airport	
10832	Q6483109	Lancaster Airport	LNC
10833	Q6483106	Lancaster Airport (California)	
10834	Q6483820	Land's Inn Ranch Airport	
10835	Q6485342	Lane Airport	
10836	Q6485398	Lane Field Airport	
10837	Q6487370	Lansdowne Airport	
10838	Q6488373	Lapraka Airfield	
10839	Q6491855	Larson Brothers Airport	
10840	Q6492068	Las Barrancas Airstrip	
10841	Q6492085	Las Brujas Airport	BWW
10842	Q6483107	Lancaster Airport	LNS
10843	Q6486173	Langlade County Airport	
10844	Q7442826	Sebring Regional Airport	SEF
10845	Q7442734	Sebba Airport	XSE
10846	Q7449138	Sematan Airport	BSE
10847	Q7448730	Selma Municipal Airport	SES
10848	Q7445369	Sedona Airport	SDX
10849	Q7441840	Seaside Municipal Airport	
10850	Q7445112	Sedam Airpor;	
10851	Q7447213	Sekiu Airport	
10852	Q7447432	Selah Airstrip	
10853	Q7448537	Selkirk/Kindy Airstrip	
10854	Q7449232	Semenovskoye Shidrovo	
10855	Q7450286	Seneca County Airport	
10856	Q7450293	Seneca Emergency Airstrip	
10857	Q7449527	Seminole Municipal Airport	
10858	Q7445110	Sedalia Regional Airport	DMO
10859	Q8214450	Kerema Airport	KMA
10860	Q8214573	Ouadda Airport	ODA
10861	Q8214380	Mthatha Airport	UTT
10862	Q8214541	Simikot Airport	IMK
10863	Q8214504	K50 Airport	
10864	Q8214468	Nefteyugansk Airport	NFG
10865	Q8214433	Ladysmith Airport	LAY
10866	Q16902064	Tupiza Airport	
10867	Q16902396	Urusi Airport	
10868	Q16902659	Veurne/Sint-Augustinus Heliport	
10869	Q16902606	Venecia Airport	
10870	Q16902667	Vichuquén Airport	
10871	Q16902665	Vichuquén Cuatro Pantanos Airport	
10872	Q16902668	Victoria María Ester Airport	
10873	Q16902670	Vicuña Airport	
10874	Q16902697	Vilcún Agromanzun Airport	
10875	Q16902698	Vilcún La Malla Airport	
10876	Q16902692	Villa de Merlo Airport	
10877	Q16902693	Villa de Soto Airport	
10878	Q16902694	Villa General Mitre Airport	
10879	Q16902695	Villa Aroma Airport	
10880	Q16902696	Villa Elvira Airport	
10881	Q16902608	Ventilla Airport	
10882	Q16902040	Tuckernuck Airport	
10883	Q16902609	Ventanas Radioayuda Airport	
10884	Q16902666	Vichuquén El Alamo Airport	
10885	Q16902423	Uspallata Airport	
10886	Q16902401	Upper Cumberland Regional Airport	
10887	Q16902421	Ushuaia Aeroclub	
10888	Q8066777	Zaria Airport	ZAR
10889	Q8071268	Zhytomyr Airport	ZTR
10890	Q8069328	Zephyrhills Municipal Airport	ZPH
10891	Q8068927	Zemun Polje Airport	
10892	Q8068762	Zelienople Municipal Airport	
10893	Q8070469	Zhangjiakou Ningyuan Airport	ZQZ
10894	Q8073718	Zomba Airport	
10895	Q8067252	Zavitinsk	
10896	Q8069497	Zero Airport	ZER
10897	Q8066147	Zanesville Municipal Airport	ZZV
10898	Q12692701	Ficksburg Sentraoes Airport	FCB
10899	Q12692706	Finca 32 Airport	
10900	Q12692681	Fazenda Santos Reis Airport	
10901	Q12692686	Fazenda Sao Rafael Airport	
10902	Q12692647	Fazenda Bananeira Airport	
10903	Q12692653	Fazenda Dos Tres Rios Airport	
10904	Q12692649	Fazenda Canada, Minas Gerais	
10905	Q12692642	Fazenda Anhanguera Airport	
10906	Q12692652	Fazenda F5 Airport	
10907	Q12692660	Fazenda Jopejo Airport	
10908	Q12692659	Fazenda Jao Airport	
10909	Q12692666	Fazenda Brusque airfield	
10910	Q12692656	Fazenda Guapore I Airport	
10911	Q12692667	Fazenda Nova California Airport	
10912	Q12692665	Fazenda N S De Fatima Airport	
10913	Q12692672	Fazenda Romaria Airport	
10914	Q12692671	Fazenda Rebeca Airport	
10915	Q12692669	Fazenda Ribeirao Airport	
10916	Q12692684	Fazenda Sao Jose Do Parnaiba Airport	
10917	Q12692674	Fazenda Sagrado Coracao De Jesus Airport	
10918	Q12692688	Fazenda Tres Rios Airport	
10919	Q6557577	Lira Airport	
10920	Q6553795	Lingayen Airport	
10921	Q6576624	Sirjan Airport	SYJ
10922	Q6587028	Parnaíba-Prefeito Dr. João Silva Filho International Airport	PHB
10923	Q6556440	Liping Airport	HZH
10924	Q6558436	Yugarenok Airport	
10925	Q6577987	Sarakhs Airport	CKT
10926	Q7572305	Space Coast Regional Airport	TIX
10927	Q7575982	Spencer Airport	
10928	Q7571377	Southwest Washington Regional Airport	KLS
10929	Q7573816	Sparta/Fort McCoy Airport	CMY
10930	Q7572766	Spadaro Airport	
10931	Q7573267	Spanish Peaks Airfield	
10932	Q7578156	Spiritwood/H & M Fast Farms Aerodrome	
10933	Q7573929	Spartanburg Downtown Memorial Airport	SPA
10934	Q7573169	Spanish Cay Airport	
10935	Q13633554	Darnley Island Airport	NLF
10936	Q14209124	El Kharga Airport	UVL
10937	Q13525673	Southern Cross Airport	SQC
10938	Q13525680	Windarling Airport	WRN
10939	Q13525635	Brockman Airport	
10940	Q13525517	Gundaroo Airport	
10941	Q13581306	Dr. José Augusto de Arruda Botelho Airport	
10942	Q14303983	Şırnak Şerafettin Elçi Airport	NKT
10943	Q13581299	Lucas do Rio Verde Airport	LVR
10944	Q13581295	Barreirinhas Airport	BRB
10945	Q13581296	Itumbiara Airport	ITR
10946	Q13525656	Kambalda Airport	KDB
10947	Q13525565	Smith Point Airport	SHU
10948	Q13525671	Solomon Airport	SLJ
10949	Q13581291	Aeroclub, Nova Iguacu Airport	QNV
10950	Q12694532	Prince M. Buthelezi Airport	ULD
10951	Q12694556	Puerto Nare Airport	NAR
10952	Q12694565	Punia Airport	PUN
10953	Q12694542	Puerto Armuelles Airport	AML
10954	Q12694595	Quincemil Airport	UMI
10955	Q12694525	Prieska Airport	PRK
10956	Q12694546	Puckapunyal Airport	
10957	Q12694567	Punta Gorda Airport	
10958	Q12694530	Prince Albert Airport	
10959	Q12694566	Punia-Basenge Airport	
10960	Q12694528	Primo Bitti Airport	
10961	Q12694562	Pump Station 3 Airport	
10962	Q12694560	Pump Station 6 Airport	
10963	Q12694561	Pump Station 9 Airport	
10964	Q12694581	Quebrada Azul Airport	
10965	Q12694549	Puerto Esperanza Airport	
10966	Q12694578	Puyuhuapi Airport	
10967	Q12694590	Quellon Airport	
10968	Q12694586	Queimadas Airport	
10969	Q12694585	Quevedo Airport	
10970	Q14688926	Boone Municipal Airport	BNW
10971	Q14688914	White County Airport	
10972	Q14688680	New Castle-Henry County Municipal Airport	
10973	Q14688756	Portland Municipal Airport	
10974	Q14687843	Marshall County Airport	
10975	Q14686983	Bear Lake County Airport	
10976	Q14688393	Harrold Airport	
10977	Q14687721	Kankakee Airport	
10978	Q14688770	Ralph E. Koch Airport	
10979	Q14687291	Reed Ranch Airport	
10980	Q14688797	Salem Municipal Airport (Indiana)	
10981	Q14688137	Tri-County Airport (Illinois)	
10982	Q14688895	Walker/Rowe Waterloo Airport	
10983	Q14688908	Wheeler Airport	
10984	Q14687296	Rexburg-Madison County Airport	RXE
10985	Q14688343	Ed-Air Airport	OTN
10986	Q14688532	Kentland Municipal Airport	KKT
10987	Q14688750	Plymouth Municipal Airport (Indiana)	PLY
10988	Q14688070	Salem-Leckrone Airport	SLO
10989	Q7566004	South Arkansas Regional Airport at Goodwin Field	ELD
10990	Q7567819	South Lewis County Airport	TDO
10991	Q7566309	South Bend Regional Airport	SBN
10992	Q7567575	South Jersey Regional Airport	LLY
10993	Q7566471	South Caicos Airport	XSC
10994	Q7567373	South Goulburn Island Airport	GBL
10995	Q7565932	South Alabama Regional Airport	
10996	Q7566905	San Martin Airport	
10997	Q7567378	South Grand Lake Regional Airport	
10998	Q7567766	South Lakeland Airport	
10999	Q7568727	South Valley Regional Airport	
11000	Q7568530	South St. Paul Municipal Airport	
11001	Q7568644	South Texas International Airport at Edinburg	
11002	Q23886733	Putumayo Airport	PYO
11003	Q24236373	Lake Baringo Airport	LBN
11004	Q23790964	General Miguel Alemán Airfield	
11005	Q23886735	Jipijapa Airport	JIP
11006	Q24239376	Alcantari International Airport	SRE
11007	Q23886731	Taisha Airport	TSC
11008	Q24032923	Kelafo East Airport	LFO
11009	Q24570922	Rabi Airport	RBI
11010	Q24061682	Columbiana County Airport	
11011	Q24061555	Hardin County Airport	
11012	Q24061556	Holmes County Airport	
11013	Q24061686	Mad River Airport	
11014	Q24061811	Middle Bass-East Point Airport	
11015	Q24061826	Morrow County Airport	
11016	Q24061809	North Bass Island Airport	
11017	Q24061424	Wyandot County Airport	
11018	Q24553456	Skymeadow Airport	
11019	Q7585616	Sredny Ostrov	
11020	Q7587873	St. Elmo Airport	
11021	Q7589682	St. Louis Regional Airport	ALN
11022	Q7589453	St. Landry Parish Airport	OPL
11023	Q7587565	St. Clair County Airport	PLR
11024	Q7587490	St. Charles Airport	
11025	Q7589613	St. Louis Downtown Airport	CPS
11026	Q7590262	St. Mary's County Regional Airport	LTW
11027	Q7587633	St. Cloud Regional Airport	STC
11028	Q7586655	St-Pierre-Jolys (Carl's Field) Aerodrome	
11029	Q7589540	St. Lina Aerodrome	
11030	Q7589661	St. Louis Metro-East Airport	
11031	Q7590081	St. Mary's Airpark	
11032	Q7587517	St. Charles County Smartt Airport	
11033	Q7569353	Southeast Iowa Regional Airport	BRL
11034	Q7570865	Southland Field	UXL
11035	Q7568960	South Wood County Airport	ISW
11036	Q7570634	Southern Wisconsin Regional Airport	JVL
11037	Q7568834	South West Bay Airport	SWJ
11038	Q7570950	Southport Airport	SHQ
11039	Q7569819	Southern Cross Airport	
11040	Q7571331	Southwest Oregon Regional Airport	OTH
11041	Q7571322	Southwest Minnesota Regional Airport	MML
11042	Q7569278	Southdowns Airport	KIW
11043	Q7569188	Southard Field	
11044	Q7569228	Southbridge Municipal Airport	
11045	Q7570460	Southern Seaplane Airport	BCS
11046	Q16902723	Villa María de Río Seco Airport	
11047	Q16902730	Villa Portales Airport	
11048	Q16902731	Villa Tapera Airport	
11049	Q16902729	Villa Negrita Airport	
11050	Q16902725	Villaguay Aerodrome	
11051	Q16902734	Villarrica Airport	
11052	Q16902727	Villazon Airport	
11053	Q16902779	Vodudahue Airport	
11054	Q16902807	Vuelta Grande Airport	
11055	Q16903471	Williams County Airport	
11056	Q16903467	Williamsburg Regional Airport	
11057	Q16903833	Xaxaba Airfield	
11058	Q16903836	Xudum Airport	
11059	Q16903884	Yabog Airport	
11060	Q16902732	Viñamar Airport	VAP
11061	Q16903541	Wingham (Inglis Field) Aerodrome	
11062	Q16903887	Yako Airport	
11063	Q16903625	Wonck Airfield	
11064	Q16902733	Laguna Redonda Airport	
11065	Q6588692	Una-Comandatuba Airport	UNA
11066	Q6588731	Tok Junction Airport	TKJ
11067	Q6588686	Umuarama Airport	UMU
11068	Q6588676	Thomas P. Stafford Airport	
11069	Q6588663	Tulcea Airport	TCE
11070	Q6588749	Tucuruí Airport	TUR
11071	Q6588713	Tonghua Sanyuanpu Airport	TNH
11072	Q6588743	Toccoa Airport	TOC
11073	Q6588721	Toha Ri North Airport	
11074	Q6588700	Tonopah Airport	TPH
11075	Q12693007	Higuerote Airport	HGE
11076	Q12693056	Hólmavík Airport	HVK
11077	Q12693027	Horizontina Airport	HRZ
11078	Q12693045	Hudiksvall Airport	HUV
11079	Q12693041	Huallaga Airport	BLP
11080	Q12693066	Ibitinga Airport	
11081	Q12693058	Hwange Main Camp Airstrip Airport	
11082	Q12693017	Hoganas Airport	
11083	Q12692981	Heidelberg Airport	
11084	Q12692987	Hendrik Swellengrebel airport	
11085	Q12692996	Herrljunga Airport	
11086	Q12693024	Hoopstad Airport	
11087	Q12693011	Hirakud Airport	
11088	Q12693047	Huetamo airfield	
11089	Q12693043	Huancara Airport	
11090	Q12693072	Igarape-Acu Airport	
11091	Q12693015	RNZAF Station Hobsonville	
11092	Q12692982	Heilbron Airport	ZNJ
11093	Q12693068	Ikabaru Airport	ICA
11094	Q12693589	Lencois Paulista Airport	QGC
11095	Q12693550	Colonia Las Heras Airport	LHS
11096	Q12693609	Libenge Airport	LIE
11097	Q12693573	Leda Mello Resende Airport	
11098	Q12693553	Las Flores Airport	
11099	Q12693619	Lifupa Airport	
11100	Q12693493	La Paz Airport	
11101	Q12693513	Ladybrand Airport	
11102	Q12693535	Landskrona Airport	
11103	Q12693524	Laja Airport	
11104	Q12693576	Legala Airport	
11105	Q12693541	Lanna Airport	
11106	Q12693605	Letseng Airport	
11107	Q12693574	Lee Stocking Island Airport	
11108	Q12693552	Las Tacas Airport	
11109	Q12693582	Leme Airport	
11110	Q12693548	Las Lajas Airport	
11111	Q8214343	Kantchari Airport	XKA
11112	Q8214315	Kalokol Airport	KLK
11113	Q8214302	Nioro Airport	NIX
11114	Q8214294	Katiola Airport	KTC
11115	Q8214364	Ramechhap Airport	RHP
11116	Q8214351	Kédougou Airport	KGG
11117	Q8214330	Laï Airport	LTC
11118	Q8214222	Wuzhou Changzhoudao Airport	
11119	Q8075311	Zunyi Xinzhou Airport	ZYI
11120	Q8074620	Zouar Airport	
11121	Q8190290	Clorinda Airport	CLX
11122	Q8190289	Chilecito Airport	
11123	Q8073848	Zona da Mata Regional Airport	IZA
11124	Q8075563	Zvishavane Airport	
11125	Q8078626	Île Art – Waala Airport	BMY
11126	Q8073872	Zonalnoye Airport	ZZO
11127	Q8190287	Casimiro Szlapelis Airport	ARR
11128	Q8078250	Éléonore Aerodrome	
11129	Q8190288	Ceres Airport	CRR
11130	Q7576139	Spencer Municipal Airport	SPW
11131	Q7575944	Spence Airport	MUL
11132	Q7578005	Spirit of St. Louis Airport	SUS
11133	Q12693801	Manono Airport	MNO
11134	Q12693819	Marble Hall Airport	
11135	Q12693817	Marathon, Greece Airport	
11136	Q12693827	Balduino Helmuth Jope Airport	
11137	Q12693784	Mandoro Airport	
11138	Q12693838	Mariental Airport	
11139	Q12693850	Marrupa Airport	
11140	Q12693849	Marondera Airport	
11141	Q12693786	Mani Airport	
11142	Q12693812	Manu Airport	
11143	Q12693810	Mantecal Airport	
11144	Q12693835	Mariano Melgar Airport	
11145	Q12693779	Mandabe Airport	WMD
11146	Q12693814	Mayor Nancy Flores Páucar Airport	MZA
11147	Q12693777	Manaung Airport	MGU
11148	Q12693837	Marianske Lazne Airport	MKA
11149	Q17089979	Kamanjab Airport	
11150	Q17110970	Ntchisi Airport	
11151	Q17077062	Grand Reef Airport	
11152	Q17080180	Imesse Airport	
11153	Q17080825	Inga Airport	
11154	Q17089999	Karibib Airport	
11155	Q17110922	Mchinji Airport	
11156	Q17110960	Nsanje Airport	
11157	Q17110647	Tsumkwe Airport	
11158	Q17152138	Bobete Airport	
11159	Q17090915	Otjiwarongo Airport	OTJ
11160	Q17108482	Lebakeng Airport	LEF
11161	Q17090535	Mount Etjo Airport	MJO
11162	Q17070369	Lumbo Airport	LFB
11163	Q17083397	Ponta do Ouro Airport	PDD
11164	Q17083195	Ustupu-Ogobsucum Airport	OGM
11165	Q17090927	Outjo Airport	
11166	Q17108540	Matsaile Airport	MSG
11167	Q14688952	Creston Municipal Airport	CSQ
11168	Q14689347	Webster City Municipal Airport	EBS
11169	Q14688950	Corning Municipal Airport (Iowa)	
11170	Q14690889	Central Kentucky Regional Airport	
11171	Q14689096	James G. Whiting Memorial Field	
11172	Q14689289	Spirit Lake Municipal Airport	RTL
11173	Q14688963	Eldora Municipal Airport	
11174	Q14688975	Hawarden Municipal Airport	
11175	Q14689614	Jetmore Municipal Airport	
11176	Q14690814	Lebanon-Springfield Airport	
11177	Q14689750	Lincoln Municipal Airport (Kansas)	
11178	Q14689241	Marion Airport	
11179	Q14689771	Marion Municipal Airport (Kansas)	
11180	Q14689848	Norwich Airport (Kansas)	
11181	Q14689272	Osceola Municipal Airport (Iowa)	
11182	Q14689979	Washington County Memorial Airport	
11183	Q14689986	Westport Airport (Kansas)	
11184	Q14689368	Winterset Municipal Airport	
11185	Q14688955	Denison Municipal Airport	DNS
11186	Q14594698	Zhalantun Chengjisihan Airport	NZL
11187	Q14545373	Telupid Airport	TEL
11188	Q14602128	Kráľová	
11189	Q14664640	Soldotna Airport	SXQ
11190	Q14364016	Weeks Field	
11191	Q14655675	Harlem Airport	
11192	Q14680794	Billy Free Municipal Airport	
11193	Q14680803	Calico Rock-Izard County Airport	
11194	Q14679135	Henderson Airport (Alabama)	
11195	Q14679941	Akutan Airport	KQA
11196	Q14680671	Polacca Airport	PXL
11197	Q6605375	Weedon Field	EUF
11198	Q6588814	Punta Pescadero Airstrip	
11199	Q6604130	Woodward Field	CDN
11200	Q6588863	Stoelmans Eiland Airstrip	SMZ
11201	Q6588762	Tappahannock-Essex County Airport	XSA
11202	Q6588873	Essex/Billing Airstrip	
11203	Q6588809	Punta Prieta Airstrip	
11204	Q6588802	Punta San Carlos Airstrip	
11205	Q6588765	Tecate Airport	
11206	Q6588826	Punta Colorada Airstrip	PCO
11207	Q6588784	Punta Abreojos Airstrip	AJS
11208	Q12693484	La Gran China Airport	
11209	Q12693382	Kisengwa Airport	
11210	Q12693397	Kobus De Villiers Airport	
11211	Q12693425	Koudougou Airport	
11212	Q12693432	Kriel Airport	
11213	Q12693406	Kondoa Airport	
11214	Q12693411	Kongwa Airport	
11215	Q12693458	Kwekwe Airport	
11216	Q12693466	Kwilu-Ngongo Airport	
11217	Q12693478	La Flor Airport	
11218	Q12693423	Kota Belud Airport	
11219	Q12693483	La Gloria, Colombia Airport	
11220	Q12693481	La Fortuna Airport	
11221	Q12693434	Krizenec Airport	
11222	Q12693405	Kongolo Airport	KOO
11223	Q12693418	Kópasker Airport	OPA
11224	Q9585627	Amargosa Airport	
11225	Q9585662	Araripina Airport	JAW
11226	Q9585578	Bandeirinhas/Conselheiro Lafaiete Airport	QDF
11227	Q9585605	Alto Garcas Airport	
11228	Q9585591	Afogados da Ingazeira Airport	
11229	Q9585633	Andradina Airport	
11230	Q9585594	Alcântara Airport	
11231	Q9585583	Adamantina Airport	
11232	Q9585619	Amambai Airport	
11233	Q9585649	Araguacema Airport	
11234	Q9585655	Araguatins Airport	
11235	Q9585664	Arcoverde Airport	
11236	Q9585673	Assu Airport	
11237	Q9585693	Bandeirantes Airport	
11238	Q9585573	Uaicas Airport	
11239	Q9585639	Anápolis Airport	APS
11240	Q9585684	Balsas Airport	BSS
11241	Q12693923	Mendi, Ethiopia Airport	NDM
11242	Q12693961	Minvoul Airport	MVX
11243	Q12693870	Matamata Airport	MTA
11244	Q12693954	Minnipa Airport	MIN
11245	Q12693868	Maswa Airport	
11246	Q12693913	Megara Military Airport	
11247	Q12693852	Maroua Ville Airport	
11248	Q12693889	Maubray Airport	
11249	Q12693919	Memmingen AB Airport	
11250	Q12693876	Matarangi Airport	
11251	Q12693927	Mentole Airport	
11252	Q12693875	Matanza Airport	
11253	Q12693866	Mata De Juajua Airport	
11254	Q12693860	Mary North Airport	
11255	Q12693937	Mhangura Airport	
11256	Q12693925	Mekar Putih Airport	
11257	Q12693960	Minsk Mazowiecki Airport	
11258	Q12693949	Mina Caraiba Airport	
11259	Q12693957	Minjilang Airport	
11260	Q12693931	Mercedes Airport	MDX
11261	Q12693864	Masslo Airport	MZX
11262	Q7559817	Somerset Airport	
11263	Q7559061	Solwezi Airport	SLI
11264	Q7564058	Souanké Airport	SOE
11265	Q7560814	Sonari Airport	IXW
11266	Q7563592	Sormovo	
11267	Q7563660	Soroti Airport	SRT
11268	Q7561292	Songo Airport	
11269	Q7561639	Songwe Airport	
11270	Q7562196	Sonoma Skypark	
11271	Q7562198	Sonoma Valley Airport	
11272	Q8215087	Sanming Shaxian Airport	SQJ
11273	Q8215623	Kadhdhoo Airport	KDO
11274	Q8215655	Pinang Kampai Airport	DUM
11275	Q8215404	Magdagachi Airport	GDG
11276	Q8215574	Stung Treng Airport	TNX
11277	Q8215607	Levuka Airfield	LEV
11278	Q8215732	Newman Airport	ZNE
11279	Q8215714	Kidal Airport	
11280	Q6541690	Liberty County Airport	
11281	Q6542332	Libo Airport	LLB
11282	Q6537416	Lewiston – Nez Perce County Airport	LWS
11283	Q6537435	Lewistown Municipal Airport	LWT
11284	Q6540690	Liberal Mid-America Regional Airport	LBL
11285	Q6541688	Liberty County Airport	
11286	Q6537481	Lewvan (Farr Air) Airport	
11287	Q6537774	Lexington Airport	
11288	Q6537842	Lexington Municipal Airport	
11289	Q6538663	Li Calzi Airport	
11290	Q6541887	Liberty Municipal Airport	
11291	Q6543584	Lida Junction Airport	
11292	Q12693157	Jacobina Airport	JCM
11293	Q12693171	Jales Airport	JLS
11294	Q12693135	Isla Mujeres Airport	ISJ
11295	Q12693085	Ikela Airport	IKL
11296	Q12693130	Isisford Airport	ISI
11297	Q12693079	Aeropuerto Zacacoyuca	
11298	Q12693099	Induna Airport	
11299	Q12693101	Ingende Airport	
11300	Q12693088	Ilha Do Caracara Airport	
11301	Q12693094	Imbituba Airport	
11302	Q12693139	Isoka Airport	
11303	Q12693156	Jack Duvenhage Airport	
11304	Q12693141	Isparta Airport	
11305	Q12693121	Irati Airport	
11306	Q12693165	Jaguara Airport	
11307	Q12693158	Jackson Airport	
11308	Q12693117	Ipiau Airport	IPU
11309	Q12693155	Ixtepec Airport	IZT
11310	Q16904316	Zahn's Airport	AYZ
11311	Q16903956	Yapacaní Airport	
11312	Q16904302	Zaffelare Heliport	
11313	Q16904190	Yumbel Trilahue Airport	
11314	Q16904365	Zapallar Casas Viejas Airport	
11315	Q16904566	Zingem Heliport	
11316	Q16904573	Zirku Airport	
11317	Q16927240	Te Kowhai Aerodrome	
11318	Q16954150	Dano Airport	
11319	Q16904251	Zabrat Airport	ZXT
11320	Q16924465	Jinzhou Bay Airport	JNZ
11321	Q16904154	Youngstown Elser Metro Airport	
11322	Q16912025	Wagalla Airstrip	
11323	Q16934013	North Middleboro Airpark	
11324	Q16933834	Providence Airport	
11325	Q16951720	Billerica-Wilmington Airport	
11326	Q16952633	Bolton Airport	
11327	Q16952935	Boston Metropolitan Airport	
11328	Q16911665	Port Howard Airfield	
11329	Q16904073	Yendegaia Airport	
11330	Q16926596	Ovoot Airport	
11331	Q12695454	Vastervik Airport	VVK
11332	Q12695513	Vryburg Airport	VRU
11333	Q12695442	Valenca Airport	VAL
11334	Q12695452	Vatomandry Airport	VAT
11335	Q12695468	Pajacuarán Aerodrome	
11336	Q12695445	Vamdrup Airport	
11337	Q12695448	Vanderbijlpark Airport	
11338	Q12695465	Venetia Airport	
11339	Q12695479	Victoria West Airport	
11340	Q12695499	Visingso Airport	
11341	Q12695512	Vrede Airport	
11342	Q12695462	Venelac Airport	
11343	Q12695464	Veranópolis Airport	
11344	Q12695475	Vicco Airport	
11345	Q12695485	Villa O'Higgins Airport	
11346	Q12695498	Virgem Da Lapa Airport	
11347	Q12694017	Monywar Airport	NYW
11348	Q12694044	Mould Bay Airport	YMD
11349	Q12694024	Monto Airport	MNQ
11350	Q12694029	Morehead	MHY
11351	Q12694051	Moura Airport	
11352	Q12694022	Monze Airport	
11353	Q12694095	Nagarjuna Sagar Airport	
11354	Q12694045	Mount Darwin Airport	
11355	Q12694052	Mporokoso Airport	
11356	Q12694062	Mulobezi Airport	
11357	Q12694074	Musese Airport	
11358	Q12694073	Mushie Airport	
11359	Q12694080	Mutshatsha Airport	
11360	Q12694085	Mwene-Ditu Airport	
11361	Q12694037	Morro Do Chapeu Ii Airport	
11362	Q12694032	Morrinhos Airport	
11363	Q12694049	Mountain Point Airport	
11364	Q12694066	Mundo Novo Airport	
11365	Q12694067	Mungindi Airport	
11366	Q12693670	Loutete Airport	
11367	Q12693633	Little Darby Island Airport	
11368	Q12693643	Logi Kuasa Majuba Airport	
11369	Q12693649	Lokutu Airport	
11370	Q12693639	Llanada Grande Airport	
11371	Q12693663	Loumana Airport	
11372	Q12693673	Luanshya Airport	
11373	Q12693674	Lubao Airport	
11374	Q12693677	Lubero Airport	
11375	Q12693676	Lubudi Airport	
11376	Q12693684	Luena Airport	
11377	Q12693661	Los Llanos De Sabanatosa Airport	
11378	Q12693688	Luishi Airport	
11379	Q12693656	Los Andes Airport	
11380	Q12693678	Lucelia Airport	
11381	Q12693686	Luis Eduardo Magalhaes Airport	
11382	Q12693689	Luiza Airport	LZA
11383	Q12693680	Luepa Airstrip	
11384	Q16954488	Bulnes Rucamelen Airport	
11385	Q16954999	Deep Water Cay Airport	
11386	Q16961846	Dilolo Airport	
11387	Q16961863	Dingele Airport	
11388	Q16962030	Djokele Airport	
11389	Q16962170	Doko Airport	
11390	Q16960718	Diego Portales Airport	
11391	Q16962230	Domeyko Airfield	
11392	Q16967525	Duqueco Airport	
11393	Q16961010	Chandler Field	
11394	Q16961830	Dildo Airport	
11395	Q16962025	Djiour Southwest Airport	
11396	Q16965032	Pongani Airfield	
11397	Q16974135	Bethany Memorial Airport	
11398	Q16974165	Bowles Agawam Airport	
11399	Q16974171	Braintree Airport	
11400	Q16969511	Orlik Airport	
11401	Q16967494	Dungu-Uye Airport	
11402	Q16961819	Diksmuide Heliport	
11403	Q16960703	Didyr Airport	
11404	Q16954483	Bulnes El Litral Airport	
11405	Q16961823	Dikungu Airport	
11406	Q17512580	Mývatn Airport	MVA
11407	Q17509913	Fagurhólsmýri Airport	FAG
11408	Q17512669	Arens Field	
11409	Q17516117	Aeropuerto La Paloma de Ometepe	OMT
11410	Q17514527	Bafatá Airport	
11411	Q17513311	Hot Springs County-Thermopolis Municipal Airport	THP
11412	Q17510148	Fáskrúðsfjörður Airport	FAS
11413	Q17516120	La Araucanía Airport	ZCO
11414	Q17510397	Feijó Airport	FEJ
11415	Q17511968	Grundarfjörður Airport	GUU
11416	Q17511085	Alida/Cowan Farm Private Aerodrome	
11417	Q17511468	Maxville Aerodrome	
11418	Q17512609	Buffalo (Jaques Farms) Aerodrome	
11419	Q17513395	Deck Airport	
11420	Q17513623	Delphi Municipal Airport	
11421	Q17514744	Praia Verde Airstrip	
11422	Q17511382	Stykkishólmur Airport	SYK
11423	Q17513343	Ólafsfjörður Airport	OFJ
11424	Q17513537	DeKalb County Airport	
11425	Q14683909	Santa Cruz Island Airport	SZN
11426	Q14686649	Heart of Georgia Regional Airport	
11427	Q14686677	Jesup-Wayne County Airport	
11428	Q14686710	Marion County Airport	
11429	Q14681531	Adamson Landing Field	
11430	Q14680806	Carlisle Municipal Airport	
11431	Q14680813	Clarendon Municipal Airport	
11432	Q14680815	Corning Municipal Airport (Arkansas)	
11433	Q14680821	Danville Municipal Airport	
11434	Q14680822	De Witt Municipal Airport	
11435	Q14680826	Downtown Airport (Arkansas)	
11436	Q14681903	Eckert Field Airport	
11437	Q14680841	Fordyce Municipal Airport	
11438	Q14680852	Gaston's Airport	
11439	Q14681184	Marianna/Lee County Airport	
11440	Q14681209	Melbourne Municipal Airport	
11441	Q14681353	Osceola Municipal Airport (Arkansas)	
11442	Q14681355	Paris Municipal Airport	
11443	Q14681393	Salem Airport (Arkansas)	
11444	Q14681400	Searcy County Airport	
11445	Q14681476	Warren Municipal Airport (Arkansas)	
11446	Q14686706	Madison Municipal Airport (Georgia)	
11447	Q14685106	Springfield Municipal Airport (Colorado)	
11448	Q12693965	Miramar Airport	MJR
11449	Q12693997	Mong Tong Airport	MGK
11450	Q12693981	Moba Airport	BDV
11451	Q12694012	Monte Santo Airport	
11452	Q12693971	Mirosławiec, EPMM Airport	
11453	Q12693985	Mockeln Airport	
11454	Q12693996	Monfortinho Airport	
11455	Q12693977	Mkushi Airport	
11456	Q12693964	Mirandela Airfield	
11457	Q12693970	Mirpur Khas North Airport	
11458	Q12693963	Mirassol Apt Airport	
11459	Q12693994	Molepolole Airport	
11460	Q12693999	Monkoto Airport	
11461	Q12694002	Montalvania Airport	
11462	Q12694010	Monte Santo De Minas Airport	
11463	Q12693992	Mokhotlong Airport	MKH
11464	Q12693978	Mkuzi Airport	MZQ
11465	Q7581188	Springsure Airport	
11466	Q7583980	Cerklje ob Krki Airport	
11467	Q7580656	Spring Point Airport	AXP
11468	Q7581220	Springvale Airport	KSV
11469	Q7581221	Springvale Airport	ZVG
11470	Q7580923	Springfield-Beckley Municipal Airport	SGH
11471	Q7580821	Springbrook Airport	
11472	Q7578302	Spitfire Aerodrome	
11473	Q7579982	Sportsman Airpark	
11474	Q7580871	Springer Municipal Airport	
11475	Q7581396	Spruce Creek Airport	
11476	Q7580920	Springfield-Branson National Airport	SGF
11477	Q7580857	Springdale Municipal Airport	SPZ
11478	Q25102040	Coyoles Airport	CYL
11479	Q25057291	Médouneu Airport	MDV
11480	Q25102101	La Lima Airport	LLH
11481	Q25102422	Puerto Castilla Airport	
11482	Q25102041	Erandique Airport	EDQ
11483	Q25103714	La Cabaña Airport	
11484	Q25103675	Punta San Juan Airport	
11485	Q25103720	Las Cachas Airport	
11486	Q25103707	El Platanar Airport	
11487	Q25103712	El Ronco Airport	
11488	Q25037310	Astove Island Airport	
11489	Q25101994	Choluteca Airport	
11490	Q25064103	Inus Airport	IUS
11491	Q25101962	Amapala Airport	
11492	Q25101628	Carate Airport	
11493	Q25101803	Hacienda Jacó Airport	
11494	Q25103716	El Zapote Airport	
11495	Q25103713	Espiritu Santo Airport	
11496	Q25102048	Islas del Cisne Airport	
11497	Q25102106	Nueva Ocotepeque Airport (Ocotepeque Airport )	
11498	Q25103662	San Marcos Airport	
11499	Q25102256	Palacios Airport	PCH
11500	Q25068030	Bidoungui Airport	
11501	Q25067584	Ismail Mire International Airport	
11502	Q25101970	Ahuas Airport	AHS
11503	Q25080721	Garzê Gesar Airport	GZG
11504	Q17333350	Munuk Airport	
11505	Q17333362	Chumikan Airport	
11506	Q17333353	Herpuchi	
11507	Q17333513	Ust-Khayryuzovo	
11508	Q17353866	Pont-à-Celles Buzet Airport	
11509	Q17363828	Awaruwaunau Airport	
11510	Q17363866	Ebini Airport	
11511	Q17462676	El Carrascal Airport	
11512	Q17183372	Takotna Airport	TCT
11513	Q17183383	Telida Airport	TLF
11514	Q17363857	Bartica Airport	GFO
11515	Q17183502	Umiat Airport	UMT
11516	Q17183470	Torrington Municipal Airport	TOR
11517	Q17484620	Klaipėda Airport	
11518	Q17492638	Converse Airport	
11519	Q17182583	Dahl Creek Airport	DCK
11520	Q17425294	Zamora Airport	ZMM
11521	Q17333412	Ekimchan	
11522	Q17437766	Old Feijó Airport	
11523	Q12693759	Malabang Airport	MLP
11524	Q12693773	Malelane Airport	LLE
11525	Q12693716	Mabikwa Airport	
11526	Q12693690	Lukuzi Airport	
11527	Q12693691	Lundazi Airport	
11528	Q12693700	Lusikisiki Airport	
11529	Q12693695	Luniemu Airport	
11530	Q12693696	Lunkuni Airport	
11531	Q12693702	Lusinga Airport	
11532	Q12693703	Luvua Airport	
11533	Q12693714	Maamba Airport	
11534	Q12693694	Lungtang Airport	
11535	Q12693719	Macaubas Airport	
11536	Q12693774	Malikus Saleh Airport	LSW
11537	Q12693697	Luozi Airport	LZI
11538	Q12693744	Magdalena Airport	MGD
11539	Q9586150	Mafra Airport	QMF
11540	Q9586131	Lontras Airport	LOI
11541	Q9586173	Medianeira Airport	
11542	Q9586102	Júlio de Castilhos Airport	
11543	Q9586187	Monte Verde Airport	
11544	Q9586231	Nortelândia Airport	
11545	Q9586159	Manicoré Airport	MNX
11546	Q9586194	Monteiro Airport	
11547	Q9586222	Niquelândia Airport	NQL
11548	Q9586097	Jataí Airport	JTI
11549	Q9586051	Itapiranga Airport	
11550	Q9586089	Jardim do Seridó Airport	
11551	Q9586110	Laguna Airport	
11552	Q9586136	Luciara Airport	
11553	Q9586199	Morada Nova Airport	
11554	Q9586208	Morro Redondo Airport	
11555	Q9586215	Mucajaí Airport	
11556	Q9586247	Nova Prata Airport	
11557	Q12695185	Surin Pakdi Airport	PXR
11558	Q12695310	Tinogasta Aerodrome	
11559	Q12695300	Tibu Airport	TIB
11560	Q12695179	Sulayel Airport	SLF
11561	Q12695233	Tamboril Airport	
11562	Q12695230	Talje Airport	
11563	Q12695261	Tebesty V-9 Airport	
11564	Q12695256	Te Aroha Airport	
11565	Q12695260	Te Kuiti Airport	
11566	Q12695248	Tarumpitao Point Airport	
11567	Q12695240	Tanque Novo Airport	
11568	Q12695263	Teju New, VE48	
11569	Q12695286	Thebephatshwa Airport	
11570	Q12695303	Tibati Airport	
11571	Q12695320	Tlaxcala Airport	
11572	Q12695311	Tipishsa Airport	
11573	Q12695273	Teniente Vidal Airport	GXQ
11574	Q12695227	Takhli Airport	TKH
11575	Q12694432	Pigüé Airport	PIG
11576	Q12694381	Paz De Ariporo Airport	PZA
11577	Q12694436	Pimenta Bueno Airport	PBQ
11578	Q12694434	Pilao Arcado Airport	
11579	Q12694406	Petauke Airport	
11580	Q12694431	Piet Retief Airport	
11581	Q12694428	Pietersburg Airport	
11582	Q12694378	Pauini Airport	
11583	Q12694382	Paulistana Airport	
11584	Q12694386	Pedra Azul Airport	
11585	Q12694393	Pelicano Airport	
11586	Q12694392	Penápolis Airport	
11587	Q12694418	Piata Airport	
11588	Q12694417	Phonesavanh Airport	
11589	Q12694449	Piumhi Airport	
11590	Q12694444	Pires Do Rio Airport	
11591	Q12694373	Patos Airport	JPO
11592	Q18153750	Logansport/Cass County Airport	
11593	Q18150423	Frankfort Municipal Airport	
11594	Q18155175	North Vernon Airport	
11595	Q18156829	Putnam County Airport	
11596	Q18156936	Rush City Regional Airport	
11597	Q18157113	Starke County Airport	
11598	Q18150836	Glenair Airport	
11599	Q18151149	Grove City Airport	
11600	Q18152498	Husky Haven Airport	
11601	Q18152898	Keller Brothers Airport	
11602	Q18152907	Kendallville Municipal Airport	
11603	Q18153480	Lee Bottom Airport	
11604	Q18154131	Martin Field Airport	
11605	Q18154367	Miami County Airport	
11606	Q18154455	Mineral County Airport	
11607	Q18155093	Noblesville Airport	
11608	Q18155720	Paoli Municipal Airport	
11609	Q18156747	Peru Municipal Airport	
11610	Q18156849	Randolph County Airport	
11611	Q18157018	Sheridan Airport	
11612	Q24673938	Out Skerries Airport	OUK
11613	Q24673930	Flotta Airport	FLH
11614	Q24570928	Vatulele Airport	VTF
11615	Q24744074	San Miguel de Allende Airdrome	
11616	Q24890440	Bluewater Airport	
11617	Q24883014	Seruyan Kuala Pembuang Airport	KLP
11618	Q24574604	Blagoevo Airport	
11619	Q25036837	Wamba Airport	
11620	Q24882748	Jos Orno Imsula Airport	JIO
11621	Q24886355	Kastelli Airport	
11622	Q24896391	Cocobeach Airport	
11623	Q25000495	Pierce County Airport	
11624	Q25036844	Kashia Airport	
11625	Q25036858	Nyanga Airport	
11626	Q24570923	Pacific Harbour Airport	PHR
11627	Q24635429	Alowe	
11628	Q24635432	Miele Mimbale	
11629	Q24884885	Jekyll Island Airport	
11630	Q24886800	Raleigh Municipal Airport	
11631	Q24895959	Léboka Airport	
11632	Q24944032	Tangail Airport	
11633	Q25019726	Bennett Airport	
11634	Q24570924	Ono-I-Lau Airport	ONU
11635	Q9002463	Costa Norte Airbase	
11636	Q9585312	Rio Claro Airport	
11637	Q9384422	Rokot Airport	RKI
11638	Q9585344	Espírito Santo Airport	
11639	Q9585507	Goioerê Airport	
11640	Q9585284	Campina Grande Airport	
11641	Q9585524	Três Lagoas Airport	TJL
11642	Q9585317	Aeroclub, Passo Fundo Airport	
11643	Q9585447	Auaris Airport	
11644	Q9585286	Cruz Alta Airport	
11645	Q9384312	Muara Bungo Airport	BUU
11646	Q8762408	Taupo Airport	TUO
11647	Q8565198	Fox Glacier Aerodrome	FGL
11648	Q14704761	Ravalli County Airport	
11649	Q14707885	Cape Fear Regional Jetport	
11650	Q14706408	Hornell Municipal Airport	
11651	Q14705034	York Municipal Airport	
11652	Q14707297	Sidney Municipal Airport (New York)	SXY
11653	Q14704755	Poplar Municipal Airport	
11654	Q14704777	Stanford Airport	
11655	Q14704784	Three Forks Airport	
11656	Q14704785	Turner Airport	
11657	Q14704786	Twin Bridges Airport (Montana)	
11658	Q14706158	Arcade Tri-County Airport	
11659	Q14706160	Argyle Airport (New York)	
11660	Q14706175	Becks Grove Airport	
11661	Q14706242	Dolgeville Airport	
11662	Q14706279	Garnseys Airport	
11663	Q14707132	Olcott-Newfane Airport	
11664	Q14707191	Plateau Sky Ranch Airport	
11665	Q14707303	Skaneateles Aerodrome	
11666	Q14708170	Sky Manor Airport (North Carolina)	
11667	Q14708179	Sugar Valley Airport	
11668	Q14705965	Columbus Municipal Airport	CUS
11669	Q14711072	Mount Pleasant Regional Airport	MPS
11670	Q14710471	Granbury Regional Airport	
11671	Q14711026	McCampbell-Porter Airport	
11672	Q14710416	Cleburne Regional Airport	
11673	Q14710467	Goliad County Industrial Airpark	
11674	Q14709781	Rosebud Sioux Tribal Airport	
11675	Q14711018	Mason County Airport	
11676	Q14710421	Cluck Ranch Airport	
11677	Q14710466	Glen Beicker Ranch Airport	
11678	Q14710480	Hall Airport	
11679	Q14710519	Hunt Airport	
11680	Q14709985	Johnson City STOLport	
11681	Q14710017	Lawrenceburg-Lawrence County Airport	
11682	Q14710949	Lesikar Ranch Airport	
11683	Q14711001	Madisonville Municipal Airport (Texas)	
11684	Q14709771	Mission Sioux Airport	
11685	Q14711133	New Gulf Airport	
11686	Q14711151	Newton Municipal Airport (Texas)	
11687	Q14711162	Nocona Airport	
11688	Q14710149	Portland Municipal Airport (Tennessee)	
11689	Q14711266	Pronger Bros. Ranch Airport	
11690	Q14709788	Springfield Municipal Airport (South Dakota)	
11691	Q14710200	Springfield Robertson County Airport	
11692	Q14711359	Taylor Airport (Albany, Texas)	
11693	Q14692752	Lac qui Parle County Airport	
11694	Q14692549	Canby Municipal Airport	
11695	Q14691361	Tompkinsville-Monroe County Airport	
11696	Q14691815	Minden Airport	
11697	Q14691818	Morehouse Memorial Airport	
11698	Q14691843	South Lafourche Leonard Miller Jr. Airport	
11699	Q14690902	Marion-Crittenden County Airport	
11700	Q14691193	Russellville-Logan County Airport	
11701	Q14693149	Brookhaven-Lincoln County Airport	
11702	Q14691592	Caldwell Parrish Airport	
11703	Q14691609	Colfax Airport	
11704	Q14693157	Crosby Municipal Airport (Mississippi)	
11705	Q14693173	G. V. Montgomery Airport	
11706	Q14693227	Holly Springs-Marshall County Airport	
11707	Q14691776	Kelly Airport	
11708	Q14692132	Logan Field (Airport)	
11709	Q14691826	Newellton Airport	
11710	Q14693064	Springfield Municipal Airport (Minnesota)	
11711	Q14691854	Thackers Airport	
11712	Q14691856	Union Parish Airport	
11713	Q14693114	Warren Municipal Airport (Minnesota)	
11714	Q14693116	Wells Municipal Airport (Minnesota)	
11715	Q5284406	Brigadeiro Cabral Airport	DIQ
11716	Q5287922	Dodgeville Municipal Airport	
11717	Q5288549	Dohazari Airfield	
11718	Q5285213	Djambala Airport	DJM
11719	Q7537959	Skypark Airport	BTF
11720	Q7544337	Smederevo Airport	SDO
11721	Q7537734	Skyhaven Airport	
11722	Q7537738	Skyhaven Airport	
11723	Q7537831	Skylark Field	ILE
11724	Q7545148	Smith Field	SMD
11725	Q7545150	Smith Field	SLG
11726	Q7537743	Skyhaven Airport	
11727	Q7540369	Slidell Airport	
11728	Q7537972	Skyport Airport	
11729	Q7545275	Smith Private Airport	
11730	Q7537749	Skyhill Airport	
11731	Q7537825	Skylark Airpark	
11732	Q7538122	Skyway Estates Airport	
11733	Q7538128	Skyway Manor Airport	
11734	Q15045846	Kamusi Airport	KUY
11735	Q15040964	Nili Airport	
11736	Q15045616	Machaneng Airport	
11737	Q15040959	Eshkashem Airport	
11738	Q15040019	Huambo Airport	
11739	Q15040963	Muqur airport	
11740	Q15040965	Panjab Airport	
11741	Q15040020	Sanza Pombo Airport	
11742	Q15040968	Taywara Airport	
11743	Q15040021	Xamindele Airport	
11744	Q15040969	Yangi Qaleh Airport	
11745	Q15040970	Yawan Airport	
11746	Q15040961	Ghaziabad Airport	
11747	Q12694809	Samsun Airport	SSX
11748	Q12694793	Salama Airport	
11749	Q12694859	Santa Isabel do Morro Airport	IDO
11750	Q27430516	Urzhar Airport	UZR
11751	Q27062769	Schoolcraft County Airport	ISQ
11752	Q12694876	Las Breas Airport	TTC
11753	Q27308800	Menominee-Marinette Twin County Airport	MNM
11754	Q26906944	Maku International Airport	IMQ
11755	Q12694848	Şanlıurfa Airport	SFQ
11756	Q26924753	Semnan Airport	SNX
11757	Q12694807	Sampson Cay Airport	
11758	Q12694882	Sao Joaquim Airport	
11759	Q12694868	Santa Maria De Guacimo Airport	
11760	Q27058213	Vilcashuamán Airport	
11761	Q27203501	Lake Rudolf Airport	LKU
11762	Q12694814	San Alberto Airport	
11763	Q12694795	Salinas Airport	
11764	Q12694768	Sa Pran Nak Aero Airport	
11765	Q12694837	San Pedro De Atacama Airport	
11766	Q12694818	San Fernando De Atabapo Airport	
11767	Q12694875	Santo Domingo De Los Colorados Airport	
11768	Q12694871	Santa Rita Do Sapucai Airport	
11769	Q12694862	Santa Maria, Campo Grande Airport	
11770	Q12694870	Santa Rosa De Guanare Airport	
11771	Q27203505	Liboi Airport	LBK
11772	Q27481593	Paliepiai	
11773	Q12694800	Salmo Airport	
11774	Q27484026	Kumpiai	
11775	Q27058393	Sepahua Airport	
11776	Q12694853	Santa Barbara De Barinas Airport	SBB
11777	Q26926815	Behshahr Airport	
11778	Q26908049	Mahābād	
11779	Q26905064	Mīnāb	
11780	Q27484041	Kyedarna	
11781	Q27044134	Ontonagon County Airport	
11782	Q27016244	Bakkafjörður Airport	BJD
11783	Q12694796	Salinopolis Airport	OPP
11784	Q14714508	L.O. Simenstad Municipal Airport	OEO
11785	Q14714447	Hartford Municipal Airport	
11786	Q14714476	Iowa County Airport	
11787	Q14714413	Boulder Junction Airport	
11788	Q14714482	J. Douglas Bake Memorial Airport	
11789	Q14714496	Joshua Sanford Field	
11790	Q14714557	Necedah Airport	
11791	Q14714559	Neillsville Municipal Airport	
11792	Q14714590	Price County Airport	
11793	Q14714184	Mason County Airport	
11794	Q14714429	Cornell Municipal Airport	
11795	Q14714512	Lancaster Municipal Airport	
11796	Q14714132	Leon Airport (West Virginia)	
11797	Q14714236	Mingo County Airport	
11798	Q14714580	Palmyra Municipal Airport	
11799	Q14714595	Richland Airport	
11800	Q14714376	Welch Municipal Airport	
11801	Q14714587	Prentice Airport	PRW
11802	Q14714581	Park Falls Municipal Airport	PKF
11803	Q14714544	Merrill Municipal Airport	RRL
11804	Q14711854	Panguitch Municipal Airport	PNU
11805	Q14711839	Mount Pleasant Airport (Utah)	MSD
11806	Q14713962	Appalachian Regional Airport	
11807	Q14713460	Virginia Tech Montgomery Executive Airport	BCB
11808	Q14713974	Boggs Field	
11809	Q14712918	Mountain Empire Airport	
11810	Q14713032	Orange County Airport	
11811	Q14712344	Front Royal-Warren County Airport	FRR
11812	Q14711606	Jake Garn Airport	
11813	Q14711915	John H. Boylan State Airport	
11814	Q14711831	Morgan County Airport (Utah)	
11815	Q14711362	Taylor Airport (Quinlan, Texas)	
11816	Q14711391	Val Verde County Airport	
11817	Q14714042	Herron Airport	
11818	Q14713711	J-Z Airport	
11819	Q14712694	Lee County Airport (Virginia)	
11820	Q14713861	Ocean Shores Municipal Airport	
11821	Q14713878	Quincy Municipal Airport (Washington)	
11822	Q14713883	Roche Harbor Airport	
11823	Q14713896	Sky Harbor Airport (Washington)	
11824	Q14713939	Westport Airport (Washington)	
11825	Q14713891	Sequim Valley Airport	SQV
11826	Q12694992	Shumba Airport	JAE
11827	Q12695171	Sucua Airport	SUQ
11828	Q12695135	Sta. Rosa De Conlara Airport	RLO
11829	Q12695007	Sierra Grande Airport	SGV
11830	Q12695062	Sominka Airport	
11831	Q12695113	Edmonton/St. Albert Airport	
11832	Q12695047	Smalandsstenar Airport	
11833	Q12695057	Solleftea Airport	
11834	Q12694998	Siargao Is Airport	
11835	Q12695033	Siocon National Airport	
11836	Q12695092	Springs Airport	
11837	Q12695069	Sorsogon Airport	
11838	Q12695148	Stefanovikeio Military Airport	
11839	Q12695084	Spessato Aviacao Agricola Airport	
11840	Q12695176	Sucoma Airport	
11841	Q12695164	Stratford, New Zealand Airport	
11842	Q12695053	Soddo Airport	SXU
11843	Q12695041	Skorpion Mine Airport	RHN
11844	Q18210850	Qarn Alam Airport	RNM
11845	Q18206565	Ibri Airport	
11846	Q18206524	Dodola Airport	
11847	Q18208112	El Gona Airport	
11848	Q18208145	Embaba Airport	
11849	Q18206561	Ibra Airport	
11850	Q18206700	Izki Air Base	
11851	Q18210923	Saiq Airport	
11852	Q18347300	Songyuan Chaganhu Airport	YSQ
11853	Q18210909	Musunaah Airport	MNH
11854	Q18207122	Lekhwair Airport	LKW
11855	Q18208361	Wuzhou Xijiang Airport	WUZ
11856	Q18210658	Lugh Ganane Airport	LGX
11857	Q18206534	Dolo Airport	
11858	Q18343922	Potiskum Airstrip	
11859	Q18208115	El Gora Airport	EGH
11860	Q14935541	Osborne Mine Airport	OSO
11861	Q14941562	Kazi Nazrul Islam International Airport	RDP
11862	Q14955957	Tatakoto Airport	TKV
11863	Q14955954	Fangatau Airport	FGU
11864	Q14955955	Hikueru Airport	HHZ
11865	Q14943727	Jiansanjiang Shidi Airport	JSJ
11866	Q15040016	Camabatela Airport	
11867	Q15040017	Camembe Airport	
11868	Q15040018	Damba Airport	
11869	Q15040015	Cacolo Airport	
11870	Q12694601	R-217 Aero Airport	QJP
11871	Q12694636	Raglan Airport	RAG
11872	Q12694736	Rosario Do Sul Airport	
11873	Q12694596	Quilmes Airport	
11874	Q12694607	R-222 Airport	
11875	Q12694606	R-510 Airport	
11876	Q12694598	Quivolgo Airport	
11877	Q12694671	Realeza Airport	
11878	Q12694729	Rosa Airport	
11879	Q12694734	Rosh Pinah Airport	
11880	Q12694754	Rudniki, EPCH Airport	
11881	Q12694750	Ruacana Airport	
11882	Q12694764	Rusape Airport	
11883	Q12694703	Rio Tinto Airport	
11884	Q12694744	Roudnice Airport	
11885	Q12694642	Rajouri Airport	RJI
11886	Q12694700	Rif Airport	OLI
11887	Q12694714	Robore Airport	RBO
11888	Q34962982	Buchanan Airport	
11889	Q34962917	Brushy Creek Airport	
11890	Q34962934	BSO Public Safety Helistop	
11891	Q34962963	Bubbling Springs Landing Strip	
11892	Q34962972	Buchan Airport	
11893	Q34962992	Buchanan Stolport	
11894	Q34963066	Buck Creek Ranch Airport	
11895	Q34963210	Buffalo Chips Airpark	
11896	Q34963220	Buffalo Creek Airport	
11897	Q34963251	Bully Henry Airport	
11898	Q34963026	Cuddihy Landing Strip Airport	
11899	Q34963036	Cullan Airport	
11900	Q34963046	Culley Acres Airport	
11901	Q34963056	Culp Farms Airport	
11902	Q34963086	Cumberland Air Park RLA Airport	
11903	Q34963095	Curtis Municipal Airport	
11904	Q34963103	Cyanamid Stamford Helistop	
11905	Q34963112	D J Airport	
11906	Q34963122	Dacy Airport	
11907	Q34963132	Dague Strip Airport	
11908	Q34963142	Dahler Airport	
11909	Q34963152	Dahnke Airport	
11910	Q34963162	Dale A Klassing Airport	
11911	Q34963172	Dale Curten Farm Airport	
11912	Q34963181	Dale Delight Airport	
11913	Q34963190	Dale O. Galer Aerodrome	
11914	Q34963200	Dalton Airport	
11915	Q34962943	South Dayton Airport	
11916	Q34963076	Spaudling Aerodrome	
11917	Q34963230	Strip In the Woods Airport	
11918	Q34963240	Suburban Helistop	
11919	Q34962851	Crete Municipal Airport	
11920	Q34962602	Bridle Ridge Airport	
11921	Q34962645	Briggs Ranch Airport	
11922	Q34962653	Bright Hour Ranch Airport	
11923	Q34962729	Brown's Airport	
11924	Q34962739	Browne Airport	
11925	Q34962774	Broxton Bridge Plantation Airport	
11926	Q34962784	Bruce Beard Airport	
11927	Q34962832	Bruner Airport	
11928	Q34962671	Cramm Landing Area	
11929	Q34962691	Crandell Airport	
11930	Q34962764	Crazy Horse Airport	
11931	Q34962794	Creekside Farm Airport	
11932	Q34962814	Creighton Airport	
11933	Q34962823	Creighton Municipal Airport	
11934	Q34962860	Cribbet Airport	
11935	Q34962870	Crists Sky Ranch	
11936	Q34962890	Crompton's Private Strip Airport	
11937	Q34962899	Crook RLA Airport	
11938	Q34962612	Ryders Skyport Airport	
11939	Q34962622	Sabina Airport	
11940	Q34962636	Sackett Farms Airstrip	
11941	Q34962662	Saint Francis Medical Center Helistop	
11942	Q34962681	Sharon Airport	
11943	Q34962701	Shawnee Airport	
11944	Q34962710	Shear Airport	
11945	Q34962720	Sheeley's Farm Airport	
11946	Q34962751	Sheldon Airstrip	
11947	Q34962880	Six Ponds Airport	
11948	Q16983955	Bedford Aerodrome	
11949	Q16985147	Sumner County Regional Airport	
11950	Q17002693	Baljek Airport	
11951	Q17038405	Shanshan Airport	SXJ
11952	Q17065739	Kishangarh Airport	KQH
11953	Q16977171	Pine Hill Airport	
11954	Q16975229	Grafton Airport	
11955	Q16974370	Curtiss Northwest Airport	
11956	Q16974453	Dennison Airport	
11957	Q16974729	Falls Church Airpark	
11958	Q16974930	Framingham Airport	
11959	Q16980257	Framingham Airport	
11960	Q16975481	Hatfield-Pilgrim Airport	
11961	Q16975492	Haverhill Dutton Airport	
11962	Q16975496	Haverhill Riverside Airport & Seaplane Base	
11963	Q16975617	Henan-Menon Memorial Airport	
11964	Q16977406	Leicester Airport	
11965	Q16976465	Lowell Airport	
11966	Q16977861	Mendon Airport	
11967	Q16976972	Shirley Airport	
11968	Q16977769	Springfield Airport	
11969	Q16977277	Westboro Airport	
11970	Q17008478	Dutton Aerodrome	
11971	Q17007535	Dhanbad Airport	DBD
11972	Q17003087	Bethanien Airport	
11973	Q9585806	Capão Bonito Airport	
11974	Q9585869	Codó Airport	
11975	Q9585789	Campos Sales Airport	
11976	Q9585860	Chapada dos Guimarães Airport	
11977	Q9585706	Belo Jardim Airport	
11978	Q9585798	Canindé de São Francisco Airport	
11979	Q9585780	Campo Novo Airport	
11980	Q9585836	Castro Airport	QAC
11981	Q9585742	Brasiléia Airport	
11982	Q9585851	Caçapava do Sul Airport	
11983	Q9585753	Cacequi Airport	
11984	Q9585765	Calçoene Airport	
11985	Q9585846	Cavalcante Airport	
11986	Q9585701	Barra do Corda Airport	BDC
11987	Q9585735	Bom Jesus Airport	
11988	Q9585722	Blumenau Airport	BNU
11989	Q9585758	Antônio Tomás Airport	
11990	Q14715889	Trade Wind Airport	
11991	Q14715979	Ware Airport	UWA
11992	Q14716809	Sidney Municipal Airport (Ohio)	
11993	Q14714604	Solon Springs Municipal Airport	
11994	Q14714613	Tomahawk Regional Airport	
11995	Q14716395	Columbia Airport (Ohio)	
11996	Q14715444	Coonamessett Airport	
11997	Q14715452	Eastham Airport	
11998	Q14716127	Hastings Airport (Michigan)	
11999	Q14716573	Koons Airport	
12000	Q14716186	Lakeview Airport	
12001	Q14716227	"Milwrick Flying ""M"" Airport"	
12002	Q14716723	Monroe County Airport (Ohio)	
12003	Q14716725	Morgan County Airport (Ohio)	
12004	Q14715337	Oxford County Regional Airport	
12005	Q14716780	Perry County Airport (Ohio)	
12006	Q14715343	Pittsfield Municipal Airport (Maine)	
12007	Q14715347	Ring Hill Airport	
12008	Q14716807	Shelby Community Airport	
12009	Q14715854	Snow Airport	
12010	Q14714623	Verona Airport (Wisconsin)	
12011	Q14715368	Wales Airport (Maine)	
12012	Q14716924	Warren Airport	
12013	Q18392857	Quthing Airport	UTG
12014	Q18388248	Tebellong Airport	
12015	Q18390349	Yibal Airport	
12016	Q18408153	Zeya aerodrome	
12017	Q18411706	Kiew-Süd Airport	
12018	Q18454879	Orsa Airport	
12019	Q18472193	Campos Belos Airport	
12020	Q18472222	Capão da Canoa Airport	
12021	Q18472231	Caracaraí Airport	
12022	Q18472136	Manhuaçu Airport	
12023	Q18472116	Nova Jacuí Airport	
12024	Q18386572	Kabalo Airport	KBO
12025	Q18472205	Canela Airport	CEL
12026	Q18472169	Cachoeira do Sul Airport	QDB
12027	Q18472094	Jorge Schieber Airport	NNU
12028	Q18401533	Sovetskaya Gavan - May-Gatka	GVN
12029	Q14693491	Ava Bill Martin Memorial Airport	
12030	Q14704423	Lawrence Smith Memorial Airport	
12031	Q14704430	Marshall Memorial Municipal Airport	MHL
12032	Q14693320	Monroe County Airport (Mississippi)	
12033	Q14693325	New Albany-Union County Airport	
12034	Q14693360	Richton-Perry County Airport	
12035	Q14693407	Vaughn Airport	
12036	Q14693481	Winona-Montgomery County Airport	
12037	Q14704520	Babb Airport	
12038	Q14704521	Belle Creek Airport	
12039	Q14704665	Lincoln Airport (Montana)	
12040	Q14704424	Lincoln Municipal Airport (Missouri)	
12041	Q14704446	Montgomery-Wehrman Airport	
12042	Q14704753	Polson Airport	
12043	Q14704754	Poplar Airport	
12044	Q14704480	Rolla Downtown Airport	
12045	Q14704482	Salem Memorial Airport	
12046	Q14704496	Stockton Municipal Airport (Missouri)	
12047	Q14704512	Washington County Airport	
12048	Q14704732	Mission Field	LVM
12049	Q14704571	Jordan Airport	JDN
12050	Q12694965	Sette-Cama Airport	ZKM
12051	Q12694886	Sao Miguel Do Oeste Airport	SQX
12052	Q12694927	Scusciuban Airport	CMS
12053	Q12694950	Senhor Do Bonfim Airport	
12054	Q12694976	Shahid Vatan Pour AB Airport	
12055	Q12694987	Sherman Airport	
12056	Q12694961	Shabunda Airport	
12057	Q12694884	Sao Joaquin Da Barra Apt Airport	
12058	Q12694931	Sefrou Airport	
12059	Q12694888	Sao Vicente Airport	
12060	Q12694921	Scotland Cay Airport	
12061	Q12694895	Satipo Airport	
12062	Q12694938	Selçuk–Efes Airport	
12063	Q12694933	Sehonghong Airport	SHK
12064	Q8216148	Kadanwari Airport	KCF
12065	Q8563472	Fitzroy Crossing Airport	FIZ
12066	Q8243405	El Pato Air Base	
12067	Q8215821	Nhill Airport	
12068	Q8215768	Roma Airport	RMA
12069	Q8564727	Fort Dodge Regional Airport	FOD
12070	Q8215837	Niafunké Airport	
12071	Q8383318	Satsuma Iōjima Airport	
12072	Q8337035	Aeropuerto Los Perales	BHA
12073	Q8215750	Long Semado Airport	LSM
12074	Q8564061	Floyd W. Jones Lebanon Airport	
12075	Q12695323	Tokoroa Airport	TKZ
12076	Q12695418	Urubupunga Airport	URB
12077	Q12695363	Trinidad Airport	TDA
12078	Q12695373	Tunduru Airport	
12079	Q12695358	Tres Passos Airport	
12080	Q12695393	Udbina Airport	
12081	Q12695377	Turangi Airport	
12082	Q12695344	Tottenham Airport	
12083	Q12695406	Unije Airport	
12084	Q12695414	Urambo Airport	
12085	Q12695408	Umm Lejj Airport	
12086	Q12695368	Tula North Airport	
12087	Q12695399	Uirapuru Airport	
12088	Q12695404	Unai Airport	
12089	Q12695397	Udhampur Airport	
12090	Q12695412	Upata Airport	
12091	Q12695419	Urucu Airport	
12092	Q12695376	Tunta Airport	KBN
12093	Q25037255	Santa Cecilia Airport	WSE
12094	Q25036949	Kolberg Airport	
12095	Q25037239	Pikin Guerrero Airport	
12096	Q25037235	Aeródromo de La Cumplida	
12097	Q25037263	Pullamí Airport	
12098	Q25036956	Kuebunyane Airport	
12099	Q25036948	Mohlanapeng Airport	
12100	Q25036955	Nohana Airport	
12101	Q25037264	Campo Municipal de Aterrizaje Airport	
12102	Q25037229	Alamikamba Airport	
12103	Q25037225	El Papalonal Airport	
12104	Q25037233	Karawala Airport	
12105	Q25036862	Kasonga Airport	
12106	Q25037283	La Victoria Airport	
12107	Q25037234	Morgan's Rock Airport	
12108	Q25036873	Mvula Sanda Airport	
12109	Q25037236	Palcasa Airport	
12110	Q25037276	Salto del Guairá Airport	
12111	Q25036954	Sehlabathebe Airport	
12112	Q25037266	Villa Independencia Airport	
12113	Q25037309	Adado Airport	AAD
12114	Q25037232	El Bluff Airport	
12115	Q12694211	Novo Hamburgo Airport	QHV
12116	Q12694210	Novo Aripuana Airport	NVP
12117	Q12694135	Ndjolé Ville Airport	KDJ
12118	Q12694141	Nekemte Airport	NEK
12119	Q12694105	Naja Airport	
12120	Q12694164	New Tempe Airport	
12121	Q12694168	Nicoya Airport	NCT
12122	Q12694115	Namwala Airport	
12123	Q12694131	Nasinge Airport	
12124	Q12694129	Nariya Airport	
12125	Q12694133	Naval Airport	
12126	Q12694205	Noumbi Airport	
12127	Q12694144	Nelson Pizzani Airport	
12128	Q12694134	Nawapara Airport	
12129	Q12694218	Nuevo Palmar Sur Airport	
12130	Q12694204	Nova Olinda Do Norte Airport	
12131	Q12694215	Nueve de Julio Airport	
12132	Q12694213	Nuevo Casas Grandes Airport	NCG
12133	Q12694514	Prado Airport	PDF
12134	Q12694505	Porto Ferreira Airport	
12135	Q12694485	Popokabaka Airport	
12136	Q12694517	Presidente Venceslau Airport	
12137	Q12694471	Pompeu Airport	
12138	Q12694502	Porto De Moz Airport	PTQ
12139	Q12694480	Ponta Do Costa Airport	
12140	Q12694466	Pofadder Airport	
12141	Q12694470	Pomfret Airport	
12142	Q12694476	Pongola Airport	
12143	Q12694461	Poconé Airport	
12144	Q12694483	Ponte Nova Airport	
12145	Q12694482	Pontezinha Airport	
12146	Q12694488	Porangatu Airport	
12147	Q12694504	Porto Fluvial Suia Missu Airport	
12148	Q12694512	Prachin Buri Airport	
12149	Q29638678	Yuanmou Airport	YUA
12150	Q29641454	Deoghar Airport	DGH
12151	Q30640458	Koinambe Airport	KMB
12152	Q29641447	Grinnell Regional Airport	
12153	Q30888753	"Aeroporto ""Sergio Aldo Capoferri"" Valbrembo"	
12154	Q29638616	Yilan Airport	YLN
12155	Q31205710	Outeiro das Brisas Airfield	
12156	Q30318602	Bokpyin Airport	VBP
12157	Q29624781	Liaoyang Airport	
12158	Q29641446	Albert J. Lindberg Airport	
12159	Q29641453	Cindy Guntly Memorial Airport	
12160	Q29641457	Flying Dollar Airport	
12161	Q29641461	Frontier Airpark	
12162	Q29641463	Hidden River Airport	
12163	Q29641448	Jake Arner Memorial Airport	
12164	Q29641452	San Jeronimo Airport	
12165	Q30612496	Shirley Field	
12166	Q30623562	Harvey Young Airport	
12167	Q30628680	Dry Creek Airport	
12168	Q30890912	Khabarovsk Tsentralny	
12169	Q30890502	Mogotchi	
12170	Q30243790	Arung Palakka Airport	APD
12171	Q30888889	Brescia Airport	VBS
12172	Q10687975	Sälen/Scandinavian Mountains Airport	SCR
12173	Q10688542	Söderhamn Airport	SOO
12174	Q10576434	Manihiki Island Airport	MHX
12175	Q10671305	Skövde Airport	KVB
12176	Q10500698	Fällfors Airbase	
12177	Q10518493	Hasslösa Airbase	
12178	Q10519176	Hedlanda Airport	
12179	Q10546669	Knislinge Airbase	
12180	Q10568314	Ljungby-Feringe Airport	
12181	Q10568340	Ljungbyhed Airbase	
12182	Q10587493	Moholm Airbase	
12183	Q10602788	Norrköping-Bråvalla Airport	
12184	Q10680437	Tullinge Airbase	
12185	Q10687911	Säffle Airport	
12186	Q10697797	Tierp Airbase	
12189	Q10718875	Vårgårda Airport	
12190	Q10543856	Karlskoga Airport	KSK
12191	Q10726517	Åmsele Airbase	
12192	Q17516122	Agualeguas National Airport	
12193	Q17998801	Palopo Lagaligo Airport	LLO
12194	Q17769533	Elvenes Airport	
12195	Q17998449	Atung Bungsu Airport	PXA
12196	Q18088898	Numansdorp Airfield	
12197	Q17712663	Aeródromo de Valle de Bravo	
12198	Q17775387	Frøya Airport	
12199	Q18128871	Nuagaon Airport	
12200	Q17998800	Blangpidie Airport	KJX
12201	Q17998805	Senubung Airport	GYO
12202	Q18018551	BP Oil España Heliport	
12203	Q17988856	Iturup Airport	ITU
12204	Q18110250	Barbil Tonto Aerodrome	
12205	Q18126720	Kendujhar Airstrip	
12206	Q18129376	Phulbani Airstrip	
12207	Q17998804	Sangia Nibandera Airport	PUM
12208	Q17748368	Alappmoen Airport	
12209	Q17769279	Eidsberg airport	
12210	Q17778538	Grimsmoen Airport	
12211	Q18011271	Aeródromo de La Piedad	
12212	Q18041914	Aeródromo de Pátzcuaro	
12213	Q18126891	Kollam Airport	
12214	Q18150009	Farmers Pride Airport	
12215	Q18150151	Flora Municipal Airport	
12216	Q14708401	Bartlesville Municipal Airport	BVO
12217	Q14709550	Marion County Airport (South Carolina)	
12218	Q14709770	Miller Municipal Airport	
12219	Q14709649	Summerville Airport	
12220	Q14709479	Aiken Municipal Airport	AIK
12221	Q14708411	Cleveland Municipal Airport (Oklahoma)	
12222	Q14708312	Columbus Municipal Airport (North Dakota)	
12223	Q14709705	Eureka Municipal Airport (South Dakota)	
12224	Q14708351	Kenmare Municipal Airport	
12225	Q14709531	Lake City Municipal Airport (South Carolina)	
12226	Q14709534	Lee County Airport (South Carolina)	
12227	Q14709763	Martin Municipal Airport	
12228	Q14709765	Marv Skie-Lincoln County Airport	
12229	Q14709768	McIntosh Municipal Airport	
12230	Q14708377	Page Regional Airport	
12231	Q14709620	Ridgeland Airport	
12232	Q14709645	St. George Airport (South Carolina)	
12233	Q14708389	St. Thomas Municipal Airport (North Dakota)	
12234	Q14709667	Union County Airport (South Carolina)	
12235	Q14708709	Westport Airport (Oklahoma)	
12236	Q12695438	Vallegrande Airport	VAH
12237	Q12695427	Uttaradit Airport	UTR
12238	Q12695421	Urucara Airport	
12239	Q12695429	Uvinza Airport	
12240	Q12695425	Utkela Airport	
12241	Q9658799	Silampari Airport	LLJ
12242	Q9586631	Tupã Airport	
12243	Q9586620	Três Barras Airport	
12244	Q9650494	Sintra Air Base	
12245	Q10418979	Arvika Airport	
12246	Q10431979	Boden Heliport	
12247	Q10433395	Borås Airport	
12248	Q10434726	Brandholmen Airport	
12249	Q9586638	Ubatuba Airport	UBT
12250	Q10438216	Byholma Airbase	
12251	Q9586732	Estância Santa Rita Airport	
12252	Q9586611	Timon Airport	
12253	Q10266042	Mapel Airstrip	
12254	Q9586661	Venâncio Aires Airport	
12255	Q9586687	Xapuri Airport	
12256	Q9586667	Vila Rica Airport	VLP
12257	Q9586678	Xanxerê Airport	AXE
12258	Q12694317	Apatzingan Airport	AZG
12259	Q12694260	Omboue Hospital Airport	OMB
12260	Q12694316	P.R.Mphephu Airport	THY
12261	Q12694366	Passos Airport	PSW
12262	Q12694334	Pampa Grande Airport	
12263	Q12694354	Paraty Airport	
12264	Q12694251	Okara Airport	
12265	Q12694225	Nylstroom Airport	
12266	Q12694346	Paradise River Airport	YDE
12267	Q12694240	Oduku Airport	
12268	Q12694239	Ocseny Airport	
12269	Q12694270	Operet Airport	
12270	Q12694230	Obera Airport	
12271	Q12694253	Okiwi Station Airport	
12272	Q12694363	Parys Airport	
12273	Q12694349	Paraiso Do Tocantins Airport	
12274	Q12694220	Nushki Airport	NHS
12275	Q12694256	Okondja Airport	OKN
12276	Q10853598	Wainwright/Wainwright (Field 21) Airport	
12277	Q10853591	Wotho Airport	WTO
12278	Q10853587	Wellsville Municipal Airport	ELZ
12279	Q10853602	Paegam Airport	
12280	Q10853583	Wapinitia Airport	
12281	Q10853599	Weaverville Airport	
12282	Q10853597	William L. Whitehurst Field	
12283	Q10853595	Wilson Bar USFS Airport	
12284	Q10853590	Wonder Airport	
12285	Q10853592	Woodlake Airport	
12286	Q10853586	University of Oklahoma Westheimer Airport	OUN
12287	Q10853596	Wilkes County Airport	IKB
12288	Q10853593	Wushan Shennüfeng Airport	WSK
12289	Q34965524	Garden County Airport	OKS
12290	Q34965408	Fort Madison Municipal Airport	FMS
12291	Q34965360	Formica	
12292	Q34965418	Fosston Municipal Airport	
12293	Q34965543	CC and M Airport	
12294	Q34965553	CCC Airport	
12295	Q34965607	Cedar Air Park	
12296	Q34965368	Forney Ranch Landing Strip	
12297	Q34965398	Fort Kent Municipal Airport	
12298	Q34965428	Fountain Lake Seaplane Base	
12299	Q34965437	Fowler Seaplane Base	
12300	Q34965447	Fox Lake Seaplane Base	
12301	Q34965457	Fox Station Airport	
12302	Q34965467	Francis Airport	
12303	Q34965477	Francis Club Airport	
12304	Q34965487	Frank D. Comerford Airport	
12305	Q34965497	Galler's Airport	
12306	Q34965506	Galloway Airport	
12307	Q34965515	Gallup Farm	
12308	Q34965534	Garden State Balloonport	
12309	Q34965585	Garland Airport	
12310	Q34965596	Garner Municipal Airport	
12311	Q34965616	Garwood Memorial Airport	
12312	Q34965625	Gasper Airport	
12313	Q34965645	George L Scott Municipal Airport	
12314	Q34965656	George W Schuster Airport	
12315	Q34965665	Gerald H Hamer Airport	
12316	Q34965675	Gessie Airport	
12317	Q34965685	Gile Pond Airport	
12318	Q34965695	Giles Griswold Airport	
12319	Q34965704	Gilgenbachs Airport	
12320	Q25205426	La Unión Airport	LUI
12321	Q25205288	El Porvenir Airport	
12322	Q25104129	La Garrita	
12323	Q25185637	El Peten Airport	TKM
12324	Q25273369	Pomala Airport	PUM
12325	Q25103840	Las Piedras Airport	
12326	Q25106482	Emalamo Airport	SQN
12327	Q25103739	La Carrera Airport	
12328	Q25203951	Bokoro Airport	
12329	Q25250001	Bemichi Airport	BCG
12330	Q25247468	Greenwood Municipal Airport	
12331	Q25106575	Mathilda Batyaleri Airport	SXK
12332	Q25104006	Codela Airport	CSC
12333	Q25249947	Port Kaituma Airport	PKM
12334	Q25106432	Paruima Airport	PRR
12335	Q25103961	Aguadulce Airport	
12336	Q25205305	Victoria Airport	
12337	Q25230599	San Carlos City Airport	
12338	Q25249981	Konawaruk	
12339	Q25249983	Maikwak	
12340	Q25269714	Lapangan Terbang Padakama	
12341	Q25106488	Gamar Malamo Airport	GLX
12342	Q18355676	Savitri Jindal Airport	
12343	Q18352399	Mantsonyane Airport	
12344	Q18378701	Mónaco Aerodrome	
12345	Q18351569	Inkisi Airport	
12346	Q18352028	Ipeka Airport	
12347	Q18352284	Isiro-Ville Airport	
12348	Q18352527	Ito Airport	
12349	Q18358304	Isongo Airport	
12350	Q18377882	Jalingo Airport	
12351	Q18355324	Fincha Airport	FNH
12352	Q18356829	Semera Airport	SZE
12353	Q18378240	Shakiso Airport	SKR
12354	Q18356741	Sekake Airport	SKQ
12355	Q18359082	Sir Bani Yas Airport	XSB
12356	Q15054039	Bumba Airport	BMB
12357	Q15072932	Montelimar Airport	
12358	Q15054033	Bokada Airport	
12359	Q15054030	Banga Airport	
12360	Q15054031	Beno Airport	
12361	Q15054032	Bibanga Airport	
12362	Q15054034	Bokela Airport	
12363	Q15054035	Bolongonkele Airport	
12364	Q15054036	Bongimba Airport	
12365	Q15054038	Boshwe Airport	
12366	Q15072933	Punta Huete Airport	
12367	Q15054041	Wageni Airport	
12368	Q9585970	Guadalupe Airport	GDP
12369	Q9585986	Guarapari Airport	GUZ
12370	Q9586024	Ijuí Airport	IJU
12371	Q9586012	Ibaiti Airport	
12372	Q9585993	Guaratuba Airport	
12373	Q9585966	Gilbués Airport	
12374	Q9585948	Franca Airport	FRC
12375	Q9585981	Guaporé Airport	
12376	Q9585875	Coroatá Airport	
12377	Q9585914	Encruzilhada do Sul Airport	
12378	Q9585926	Espumoso Airport	
12379	Q9585921	Estrela Airport	
12380	Q9586003	Iaciara Airport	
12381	Q9586019	Ibirubá Airport	
12382	Q9586035	Ipameri Airport	
12383	Q9585942	Formosa Airport	
12384	Q34964059	Drummond Airport	
12385	Q34963948	Drake Airport	
12386	Q34964263	Carlisle Airport	
12387	Q34964078	Winters Airport	
12388	Q34963977	Calky Terminal Seaplane Base	
12389	Q34963986	Callaghan Ranch Airport	
12390	Q34964004	Callaway Airpark	
12391	Q34964013	Callaway Airport	
12392	Q34964021	Calusa Ranch Airport	
12393	Q34964049	CAMC Memorial Helistop - ground level	
12394	Q34964088	Camp Longhorn Airport	
12395	Q34964107	Campbell Brothers Landing Strip	
12396	Q34964135	Canton-Hackney Airport	
12397	Q34964145	Cantrell Farms Airport	
12398	Q34964156	Cantwell Airport, Tennessee	
12399	Q34964166	Canyon Lake Airport	
12400	Q34964187	Canyon Ranch Airport	
12401	Q34964196	Canyon Springs Ranch Airport	
12402	Q34964208	Cape Fear Valley Hospital Airport	
12403	Q34964219	Capozzoli Airport	
12404	Q34964231	Captiva Helistop	
12405	Q34964242	Card Aerodrome	
12406	Q34964252	Carl Ensor Airport	
12407	Q34964274	Carlton Ranch-Sidell Airport	
12408	Q34963995	Dreamcatcher Airport	
12409	Q34964030	Drisko Airport	
12410	Q34964115	Earl Barnickel Airport	
12411	Q34964125	Earls Air Park	
12412	Q34963968	Whisman	
12413	Q34964069	Windward Farms Airport	
12414	Q10822653	Yongxing Island Airport	
12415	Q10844841	Adjumani Airport	
12416	Q10844839	Tampa Executive Airport	
12417	Q10845268	Ellington Airport	
12418	Q10844895	Estrella Sailport	
12419	Q10844348	Pahute Mesa Airstrip	
12420	Q10845087	Sky King Airport	
12421	Q10845078	Sky Park Airport	
12422	Q10844986	Smith Mountain Lake Airport	
12423	Q10844975	Smith Mountain Ranch Airport	
12424	Q10845053	Spanish Springs Airport	
12425	Q10844878	Stayner (Clearview Field) Aerodrome	
12426	Q10845400	Ouanaminthe Airport	
12427	Q10845575	Umpleby Ranch Airport	
12428	Q19460342	Bahía Piña Airport	BFQ
12429	Q19607396	Mostardas Airport	
12430	Q19420825	Tureia Airport	ZTA
12431	Q19607409	Nova Vida Airport	AQM
12432	Q19420818	Ellerport Airport	
12433	Q19423980	Military and Technical Training Center of the Air Force	
12434	Q19460315	Augusto Vergara Airport	
12435	Q19572081	Henri Alwies Airstrip	
12436	Q19420820	Faaite Airport	FAC
12437	Q19607386	Itaporanga Airport	
12438	Q19613339	Khabarovsk airstrip	
12439	Q19461691	Fallston Airport	
12440	Q19462343	Hoby Wolf Airport	
12441	Q19571988	Goldstone Gts Airport	
12442	Q19574884	Claremont Airport	
12443	Q19614011	Bowbells Muni Aerodrome	
12444	Q19420817	Bouarfa Airport	UAR
12445	Q19463785	San Miguel Airport	NMG
12446	Q9586391	Propriá Airport	
12447	Q9586276	Palotina Airport	
12448	Q9586324	Pinheiro Airport	PHI
12449	Q9586360	Posse Airport	
12450	Q9586379	Primavera do Leste Airport	
12451	Q9586350	Porto Nacional Airport	PNB
12452	Q9586269	Ouricuri Airport	
12453	Q9586301	Paço do Lumiar Airport	
12454	Q9586264	Pacaraima Airport	
12455	Q9586285	Pampa Alegre Airport	
12456	Q9586309	Pesqueira Airport	
12457	Q9586402	Registro Airport	
12458	Q9586410	Remanso Airport	
12459	Q9586386	Quintero Airport	QTR
12460	Q34963452	Burke County Airport	
12461	Q34963436	Thompson Landing	
12462	Q34963261	Bulverde Airpark	
12463	Q34963300	Bunge Farm Airport	
12464	Q34963310	Bunkie Flying Service Airport	
12465	Q34963320	Bunkie Municipal Airport	
12466	Q34963351	Burbank Airport	
12467	Q34963394	Burdett Community Airport	
12468	Q34963405	Burford Corporation Airport	
12469	Q34963416	Burg Lake Aero Airport	
12470	Q34963427	Burger's Valley Airport	
12471	Q34963486	Burner Farm Airport	
12472	Q34963518	Burney Farms Airport	
12473	Q34963540	Burns Aerodrome	
12474	Q34963573	Burress Airport	
12475	Q34963584	Burris Ranch Airport	
12476	Q34963594	Burrs Strip Airport	
12477	Q34963605	Bursch Private Airport	
12478	Q34963372	Deer Creek Farm Airport	
12479	Q34963443	Deer Lake Airpark	
12480	Q34963464	Deer River Municipal Airport	
12481	Q34963496	Del Hickcox Airport	
12482	Q34963507	Delhotal Airport	
12483	Q34963551	Demler Landing Strip	
12484	Q34963271	Terminal Newark One Helistop	
12485	Q34963280	Terrell Airport	
12486	Q34963290	The Farm Airport	
12487	Q34963331	The Pines Airport	
12488	Q34963341	The Ranch Airport	
12489	Q34963361	Thermal Ridge Gliderport	
12490	Q34963383	Thomas Airport	
12491	Q34963562	Tug Hill Farm Airport	
12492	Q28162870	Alzintan Airport	ZIS
12493	Q28079310	Nogliki Airport	NGK
12494	Q27981434	Mopa Airport	GOX
12495	Q27487252	Durbe	
12496	Q28104119	Carlisle Airport	
12497	Q27485272	Jonava East	
12498	Q27484074	Lenciunai	
12499	Q27520686	El Kelâa des Sraghna airport	
12500	Q27767317	Liwonde Mvuu Camp Airport	
12501	Q27777721	Suchumpa	
12502	Q27791420	Juan Guillermo Villasana National Airport	
12503	Q27946513	Prickett-Grooms Field	
12504	Q27963966	Breakaway Airport	
12505	Q28163829	Corocora Airport	
12506	Q10853689	Yolo County Airport	
12507	Q10853721	Koro Toro Airport	
12508	Q10853703	Krueger Airport	
12509	Q10853631	Page Airport	
12510	Q10853608	Panghyon Airport	
12511	Q10853612	Parrett Mountain Airport	
12512	Q10853639	Peacock Ranch Airport	
12513	Q10853637	Pilot Butte Airport	
12514	Q10853623	Pourvoirie Mirage Aerodrome	
12515	Q10853614	Propst Airport	
12516	Q10853687	Kaanapali Airport	HKP
12517	Q10853684	Kampala Airport	KLA
12518	Q10853711	Kleinzee Airport	KLZ
12519	Q10853606	Palm Beach County Park Airport	LNA
12520	Q10853611	Prineville Airport	PRZ
12521	Q34965845	Glenwood Municipal Airport	
12522	Q34965801	Glencoe Municipal Airport	
12523	Q34965963	Gordon Municipal Airport	GRN
12524	Q34965812	Chalet Suzanne Air Strip	
12525	Q34965823	Chalfant Airport	
12526	Q34965866	Chalks Key West Seaplane Base	
12527	Q34965897	Chaparrosa Ranch Airport	
12528	Q34965986	Chappell Airport	
12529	Q34966008	Charden Farms Airport	
12530	Q34966018	Charles E Grutzmacher Municipal Airport	
12531	Q34966039	Charles J Hughes Ranch Airport	
12532	Q34966071	Charlie Airport	
12533	Q34966081	Charlie Thomas Ranch Airport	
12534	Q34966092	Charlton Strip	
12535	Q34966104	Charping Airport	
12536	Q34965713	Gilmore Airport	
12537	Q34965748	Giltner Airport	
12538	Q34965759	Girl Lake Seaplane Base	
12539	Q34965770	Gittleson Farms Airport	
12540	Q34965780	Glatthaar Airport	
12541	Q34965791	Glen-Hire Ranch Airport	
12542	Q34965834	Glenndale Airport	
12543	Q34965855	Glowacki Airport	
12544	Q34965876	Godahavit Airport	
12545	Q34965887	Godbee RLA Airport	
12546	Q34965920	Goosefair Airport	
12547	Q34965931	Gord Airport	
12548	Q34965943	Gordon Airport	
12549	Q34965953	Gordon Brown Airport	
12550	Q34965974	Gospel Ranch Airport	
12551	Q34965997	Gough Landing Strip	
12552	Q34966049	Graham Seaplane Base	
12553	Q18472327	Curitibanos Airport	QCR
12554	Q18472357	Dracena Airport	QDC
12555	Q18472241	Carazinho Airport	
12556	Q18472289	Ceres Airport	
12557	Q18472349	Dionísio Cerqueira Airport	
12558	Q18472379	Garibaldi Airport	
12559	Q18472416	Ibaté Airport	
12560	Q18472421	Ibiporã Airport	
12561	Q18472477	Jaguarão Airport	
12562	Q18472494	Linhares Airport	
12563	Q18472505	Loanda Airport	
12564	Q18472458	Itaqui Airport	ITQ
12565	Q18472341	Diamantino Airport	DMT
12566	Q18472489	Jequié Airport	JEQ
12567	Q18472372	Floriano Airport	FLB
12568	Q10848466	Lawa Cottica Airstrip	
12569	Q10849047	Machias Valley Airport	
12570	Q10845754	Newport State Airport (Vermont)	EFK
12571	Q10845636	Ukunda Airport	UKA
12572	Q10848525	Taylor Airport	TYZ
12573	Q10846354	Belleville Aerodrome	
12574	Q10845607	Owyhee Airport	
12575	Q10845718	Owyhee Reservoir State Airport	
12576	Q10848447	Knox's Private Airstrip	
12577	Q10848473	Laguna San Ignacio Airstrip	
12578	Q10848408	Olinger Strip	
12579	Q10848705	Tanchon South Airport	
12580	Q10849020	W. R. Byron Airport	
12581	Q10848687	Union Island Airport	UNI
12582	Q10848548	Japura Airport	RGT
12583	Q25470161	Marinda Airport	RJM
12584	Q25468650	Tanjung Api Airport	OJU
12585	Q25469956	Tebelian Airport	SQG
12586	Q25469386	Bawean Airport	BXW
12587	Q25470223	Werur Airport	WRR
12588	Q25395291	Shushenskoye Airport	
12589	Q25284936	Sulaco Airport	SCD
12590	Q25393742	Kirovsk	
12591	Q25284923	Limón, Colón, Honduras	LMH
12592	Q25284926	Iriona	IRN
12593	Q25394082	Orlovka Airfield	
12594	Q25468096	Bukit Malintang Airport	
12595	Q25470163	Kambuaya Airport	KBX
12596	Q15256065	Morafenobe Airport	TVA
12597	Q15264912	Oyo Ollombo Airport	OLL
12598	Q15266455	Pine Island Airport	DUF
12599	Q15274501	Sakkyryr Airport	SUK
12600	Q15263461	Oelemari Airport	
12601	Q15260146	Msembe Airstrip	
12602	Q15264060	Omaka Aerodrome	
12603	Q15271354	Raigarh Airport	
12604	Q15262963	Nukutavake Airport	NUK
12605	Q15269111	Pukaki Airport	TWZ
12606	Q15270701	Quoin Hill Airfield	UIQ
12607	Q15253408	Millard Airport (Pennsylvania)	
12608	Q15264428	Osage City Municipal Airport	
12609	Q15265003	Packwood Airport	
12610	Q15267545	Port Carling Aerodrome	
12611	Q15268607	Primrose Aerodrome	
12612	Q15272391	Revere Airport	
12613	Q15263129	Nyurba Airport	NYR
12614	Q15265377	Paradise Skypark	PYS
12615	Q15269118	Pukarua Airport	PUK
12616	Q10853515	Sugar Land Regional Airport	SGR
12617	Q10853501	Mangalore Airport	
12618	Q10853507	Mac Crenshaw Memorial Airport	
12619	Q10853410	Majkin Airport	MJE
12620	Q10853412	Owosso Community Airport	
12621	Q10853423	Paulding Northwest Atlanta Airport	
12622	Q10853513	Magnolia Municipal Airport	AGO
12623	Q10853487	Franklin County Regional Airport	
12624	Q10853404	Majors Airport	GVT
12625	Q10853418	New Richmond Regional Airport	RNH
12626	Q10853415	Roseburg Regional Airport	RBG
12627	Q10853401	St. Simons Island Airport	SSI
12628	Q10853421	Waukegan Regional Airport	UGN
12629	Q10853499	Winchester Regional Airport	WGO
12630	Q14911912	Thimarafushi Airport	TMF
12631	Q14932558	Cape Eleuthera Airport	CEL
12632	Q14773311	Innisfail Airport	IFL
12633	Q14932565	Pitts Town Airport	PWN
12634	Q14906086	Chos Malal Airport	HOS
12635	Q14932976	Banding Agung Airport	
12636	Q14878327	Karshi Airport	KSQ
12637	Q14932977	Khojaghar Airport	
12638	Q14935193	Lilydale Airport	
12639	Q14932564	Mores Island Airport	
12640	Q14875508	Aérodrome Saint-Louis	
12641	Q14874806	Hillspring (Beck Farm) Aerodrome	
12642	Q14874846	Lethbridge (Gunnlaugson) Aerodrome	
12643	Q14874997	Morgan Airport	
12644	Q14875352	Nobel/Lumsden Air Park	
12645	Q14875562	Pintendre Aerodrome	
12646	Q14875389	Port Perry/Hoskin Aerodrome	
12647	Q14874888	Red Deer/Truant South Aerodrome	
12648	Q14874913	Westlock (Hnatko Farms) Aerodrome	
12649	Q14932557	Andros Central Airport	
12650	Q14932979	Sidi Bel Abbes Airport	BFW
12651	Q14874591	Esquimalt Airport	YPF
12652	Q14935493	Miles Airport	WLE
12653	Q15199335	Bingöl Airport	BGG
12654	Q15207110	Candala Airport	CXN
12655	Q15090268	Rizhao Shanzihe Airport	RIZ
12656	Q15106268	La Juliana Airport	
12657	Q15196129	Baie-Johan-Beetz Seaplane Base	YBJ
12658	Q15196837	Barreirinha Airport	
12659	Q15204542	Brenner Field	
12660	Q15196456	Bandanaira Airport	NDA
12661	Q15080558	Pahdamaleda Airport	
12662	Q15199557	Black Diamond/Flying R Ranch Aerodrome	
12663	Q15206501	C. A. Moore Airport	
12664	Q15211735	Corry-Lawrence Airport	
12665	Q15179592	Alula Airport	ALU
12666	Q10851446	Lanett Municipal Airport	
12667	Q10851499	Longville Municipal Airport	
12668	Q10851659	Warsaw Municipal Airport (Missouri)	
12669	Q10851674	Wetumpka Municipal Airport	
12670	Q10851475	Lamar Municipal Airport (Colorado)	LAA
12671	Q10851609	New Coalinga Municipal Airport	CLG
12672	Q10851438	Las Vegas Municipal Airport	LVS
12673	Q10851454	Long Prairie Municipal Airport	
12674	Q10851600	New Holstein Municipal Airport	
12675	Q10851332	Reedley Municipal Airport	
12676	Q10851351	St. George Municipal Airport	
12677	Q10851492	Lumberton Municipal Airport	LBT
12678	Q10851618	Newton Municipal Airport (Iowa)	TNU
12679	Q10851681	Worland Municipal Airport	WRL
12680	Q10853745	Gladstone Aerodrome	
12681	Q10853736	Kisii Airport	
12682	Q10853767	York Airport	THV
12683	Q10853744	Griffith-Merrillville Airport	
12684	Q10853739	Kinzua Airport	
12685	Q10858093	Eagle Airpark	
12686	Q10853756	Jerry Tyler Memorial Airport	NLE
12687	Q10853774	Yichun Mingyueshan Airport	YIC
12688	Q10853772	Yucca Airstrip	UCC
12689	Q10853769	Jurien Bay Airport	JUR
12690	Q28725110	Kuala Kurun airport	
12691	Q29017914	Lago Huachi Airport	
12692	Q29017840	Caño Garza Airport	
12693	Q29017920	Covendo Airport	
12694	Q29017917	Espiritu Airport	
12695	Q29017916	Fatima Airport	
12696	Q29017846	Ho Airport	
12697	Q29017913	Puerto America Airport	
12698	Q29017901	Puerto Heath Airport	
12699	Q29017900	Uncía Airport	
12700	Q29017871	Kurnool Airport	KJB
12701	Q29017876	Tekin Airport	TKW
12702	Q28534657	Rocky Ridge Airport	
12703	Q28726054	Galați Airport	
12704	Q28996526	Dove Creek Airport	
12705	Q29000296	Sandia Airpark Estates East Airport	
12706	Q29017890	Cagayancillo Airport	
12707	Q29017923	Eloy Municipal Airport	
12708	Q29017853	Major Samuel B Cornelius Field Airport	
12709	Q29017915	La Habana Airport	
12710	Q28734671	Line Airport	
12711	Q29017905	Arampampa Airport	
12712	Q29017922	Cañada Larga Airport	
12713	Q29017903	Caranavi Airport	
12714	Q29017921	Challapata Airport	
12715	Q34955761	Adventures Aloft Airport	
12716	Q34955789	Aeleron Airport	
12717	Q34955800	Aerie Airport	
12718	Q34955821	Aero Acres Airport	
12719	Q34955830	Aero Britton Airport	
12720	Q34955837	Aero Country Airport	
12721	Q34955846	Aero Estates Airport	
12722	Q34955856	Aero Estates Airport	
12723	Q34955877	Aero Plantation Airport	
12724	Q34955887	Aero Saylee Airport	
12725	Q34955909	Aero-Custom Airport	
12726	Q34955919	Aerohead Airport	
12727	Q34955939	Ag Air Incorporated Airport	
12728	Q34955951	Ag Aviation Airport	
12729	Q34955973	Agricultural Supplies Airport	
12730	Q34956013	Ahlers Acres Airport	
12731	Q34956046	Ainsworth Airport	
12732	Q34956055	Air Acres Airport	
12733	Q34956066	Air Farm Landing Strip	
12734	Q34956076	Air Harbor Airport	
12735	Q34956087	Air Port Hudson Airport	
12736	Q34955811	American Cyanamid Helistop	
12737	Q34955983	Amundson Landing Strip	
12738	Q34956025	Anderson Airport	
12739	Q34956036	Anderson Airport	
12740	Q34955750	Bennetts Airport	
12741	Q34955770	Bent-Wing Airport	
12742	Q34955962	Bethany Airpark	
12743	Q10853543	Lakefront Airport	NEW
12744	Q10853544	Newberry County Airport	
12745	Q10853577	Sky Harbor Airport & Seaplane Base	
12746	Q10853525	Lost Creek Airport (Oregon)	
12747	Q10853523	Nerchinsk Airport	
12748	Q10853551	New Cuyama Airport	
12749	Q10853545	New Jerusalem Airport	
12750	Q10853548	New London Airport (Virginia)	
12751	Q10853552	Newton Airport (New Jersey)	
12752	Q10853579	Walter's Falls (Piper Way) Aerodrome	
12753	Q10853578	Wasco Airport	
12754	Q10853559	Eddie Andreini Sr. Airfield	HAF
12755	Q10853574	Hope Aerodrome	YHE
12756	Q10853582	Wapenamanda Airport	WBM
12757	Q34963938	Drake Airport	
12758	Q34963661	Bush Brothers Strip Airport	
12759	Q34963682	Bussen Airport	
12760	Q34963726	Butler Municipal Airport	
12761	Q34963813	Button Airport	
12762	Q34963846	Byram Ranch Airport	
12763	Q34963890	Byromville Aerodrome	
12764	Q34963929	Calhoun Landing Strip	
12765	Q34963616	Deters Farms Airport	
12766	Q34963628	Detour Airport	
12767	Q34963693	Dewey Airport	
12768	Q34963704	Dick's Strip Airport	
12769	Q34963770	Diedrich Airport	
12770	Q34963802	Dietchweiler Airport	
12771	Q34963824	Diewold Airport	
12772	Q34963835	Dixon Springs RLA Airport	
12773	Q34963909	Dodge Airport	
12774	Q34963639	Tuscarora Plateau Airport	
12775	Q34963650	Tussels	
12776	Q34963671	Twin Ponds Airport	
12777	Q34963737	Ursone Airport	
12778	Q34963748	Utica Municipal Airport	
12779	Q34963759	Valenty Mierek Airport	
12780	Q34963781	Valley View Airport	
12781	Q34963792	Valley Vista Airport	
12782	Q34963857	Walker Seaplane Base	
12783	Q34963868	Wallbridge Airport	
12784	Q34963880	Walls Airport	
12785	Q34963900	Walton Airport	
12786	Q34963715	Butler Memorial Airport	BUM
12787	Q34964297	East Brunswick	
12788	Q34964407	Carroll County Airport	
12789	Q34964451	Carson Airport	
12790	Q34964285	Carmean Airport	
12791	Q34964309	Carnegie Municipal Airport	
12792	Q34964329	Carolina Bay Airport	
12793	Q34964341	Carolina Cow Country Airport	
12794	Q34964352	Carowinds Airport	
12795	Q34964362	Carpenter Airport	
12796	Q34964373	Carpenter Airport	
12797	Q34964395	Carroll Air Park	
12798	Q34964418	Carroll Lake-View Airport	
12799	Q34964440	Carrollton Memorial Airport	
12800	Q34964473	Carter Airport	
12801	Q34964504	Carter Ranch Airport	
12802	Q34964515	Carter Ranch Airport	
12803	Q34964537	Carthage-Leake County Airport	
12804	Q34964548	Cary Ranch Airport	
12805	Q34964581	Caselman Ranch Airport	
12806	Q34964603	Casey Three Ranch Airport	
12807	Q34964633	Cassville Municipal Airport (Missouri)	
12808	Q34964319	East Cape Girardeau Airport	
12809	Q34964384	East End Meml Hospital Airport	
12810	Q34964429	East Gull Lake Airport	
12811	Q34964462	East Jordan City Airport	
12812	Q34964482	East Lake Airport	
12813	Q34964569	East Sumner Aerodrome	
12814	Q34964592	East-West Paris Airport	
12815	Q34964613	Eastman Seaplane Base	
12816	Q34964678	Eastview Airport	
12817	Q34954660	Athens Airport	
12818	Q34954688	Ace Airpark	
12819	Q34954699	Ackley Municipal Airport	
12820	Q34954709	Acme Airport	
12821	Q34954733	Adair Airstrip	
12822	Q34954756	Adams Private Airport	
12823	Q34954768	Adams RLA Number 1 Airport	
12824	Q34954779	Adams RLA Number 2 Airport	
12825	Q34954519	Adirondack Airpark Estates Airport	
12826	Q34954789	Adkins Landing Strip	
12827	Q34954800	Adkins RLA Airport	
12828	Q34954812	Adkisson Airport	
12829	Q34954822	Aero Acres Airport	
12830	Q34954834	Aero Estates Airport	
12831	Q34954846	Aero Estates Airport	
12832	Q34954857	Aero Four Airport	
12833	Q34954867	Aero Lake Estates Airport	
12834	Q34954878	Aero Plaines Airport	
12835	Q34954889	Aero-Lane Airport	
12836	Q34954530	Ag-Alley Airport	
12837	Q34954541	Airhaven Airport	
12838	Q34954552	Airlane Enterprises Airport	
12839	Q34954563	Airtrek Airport	
12840	Q34954574	Airy-Acres Airport	
12841	Q34954586	Alexander Farm Airport	
12842	Q34954597	Alliance Airport	
12843	Q34954618	Anthonson Airport	
12844	Q34954629	Apex Airport	
12845	Q34954650	Archdale Meadows Airport	
12846	Q34954744	B-Ville Airpark	
12847	Q10850214	Sennar Airport	
12848	Q10849494	Red Lodge Airport	
12849	Q10849361	Ras al Hadd Airport	
12850	Q10849635	Roy Wilcox Airport	
12851	Q10849646	Royalton Airport	
12852	Q10849563	Ruth Airport	
12853	Q10849898	Sundance Meadows Airport	
12854	Q10850266	Sutter County Airport	
12855	Q10849058	Lago Argentino Airport	ING
12856	Q10849322	Ocean County Airport	MJX
12857	Q10850170	Saint-Georges-de-l'Oyapock Airport	OYP
12858	Q10850030	Smara Airport	SMW
12859	Q31871149	Ifuru Airport	IFU
12860	Q31213018	Maklár Airport	
12861	Q31924397	Boqueron Airport	
12862	Q32007569	Richmond	
12863	Q31866683	Vipingo Airport	VPG
12864	Q31919706	Hennenman	
12865	Q31866808	Angama Mara Airport	ANA
12866	Q31913093	Edenburg	
12867	Q31999411	Potgietersrus	
12868	Q32042379	Willowmore North	
12869	Q31912602	Dunnottar	
12870	Q33093737	Miguel Carrillo Ayala Zitácuaro Airfield	
12871	Q33110235	Castelo Branco Airfield	
12872	Q33729041	Knoxville Municipal Airport	
12873	Q31910228	Delmas	
12874	Q32039356	Ventersdorp	
12875	Q31849036	Dazu	DZU
12876	Q31882561	Boshof	
12877	Q34498760	Miangas Airport	IAX
12878	Q31824069	Superior Municipal Airport	
12879	Q31869998	Aeroport Pervyy	
12880	Q31859404	Durgapur Steel Plant Airport	
12881	Q32008196	Robinson Lake Aerodrome	
12882	Q32354385	100 Aker Wood Airport	
12883	Q32845707	Airport Asch	
12884	Q34630113	185 Monmouth Parkway Associates Helistop	
12885	Q34630135	4 Winds Aerodrome	
12886	Q34630166	500 Airport	
12887	Q31911765	Dordrecht	
12888	Q33101508	Dhaalu Airport	DDD
12889	Q34962539	Ross County Airport	
12890	Q34962308	Richland Airport	
12891	Q34962418	Riverside Airport	
12892	Q34962427	Riverside Airport	
12893	Q34962276	Bradshaw Farm Airport	
12894	Q34962298	Brady Ranch Airport	
12895	Q34962318	Brady-Pippin Airport	
12896	Q34962357	Braithwaite Park Airport	
12897	Q34962266	Cooper Farm Airport	
12898	Q34962328	Coopersville Airport	
12899	Q34962338	Coosa County Airport	
12900	Q34962367	Coot Landing Airport	
12901	Q34962399	Copper Penny	
12902	Q34962438	Coppersmith Airport	
12903	Q34962448	Coral Airport	
12904	Q34962458	Corman Acres Airport	
12905	Q34962468	Corn Alley Airport	
12906	Q34962478	Cornelius Farm Airport	
12907	Q34962489	Cornell Airport	
12908	Q34962346	Richter Aero Airport	
12909	Q34962378	Ridge Road West Airport	
12910	Q34962408	Riveredge Airpark	
12911	Q34962499	Rohrer Airport	
12912	Q34962510	Rollins Jersey City Helistop	
12913	Q34962520	Ronshausen Airport	
12914	Q34962530	Ronson-Delanco Helistop	
12915	Q34962549	Round Lake Airport and Seaplane Base	
12916	Q34962559	Roxbury Runway Airport	
12917	Q34955357	Abbeville Airport	
12918	Q34955317	A J's Airport	
12919	Q34955327	A L Mangham Jr. Regional Airport	
12920	Q34955346	A P Ranch Airport	
12921	Q34955366	Abel Ranch Airport	
12922	Q34955376	Abide Airpark	
12923	Q34955386	Abide Airport	
12924	Q34955408	Abilene Executive Airpark	
12925	Q34955428	Abshire Landing Strip	
12926	Q34955439	Academy Airport	
12927	Q34955488	Ackerman Choctaw County Airport	
12928	Q34955499	Action Aero Airport	
12929	Q34955531	Adams Airport	
12930	Q34955542	Adams Airport	
12931	Q34955697	Adams Ranch Airport	
12932	Q34955719	Adee Landing Strip	
12933	Q34955729	Administration Building Helispot Airport	
12934	Q34955296	Albrecht Airport	
12935	Q34955307	Albrecht Airport	
12936	Q34955396	Alexanders-Eatontown	
12937	Q34955417	Alford Airpark	
12938	Q34955460	Allen Airport	
12939	Q34955478	Allen Airport	
12940	Q34955521	Allen St Peter Memorial Airport	
12941	Q34955631	Alley Oop Airport	
12942	Q34955652	Allison Municipal Airport	
12943	Q34955662	Alma Municipal Airport	
12944	Q34955676	Almena Airport	
12945	Q34955708	Almont Airport	
12946	Q34955740	Amana Airport	
12947	Q34955640	Bedson's Land Base Airport	
12948	Q34964909	Eveleth-Virginia Municipal Airport	EVM
12949	Q34964723	Castroville Municipal Airport	
12950	Q34964921	Evelyn Sharp Field	
12951	Q34964887	Evans Airport	
12952	Q34965019	Fairbury Municipal Airport	FBY
12953	Q34964690	Castle Rock Ranch Airport	
12954	Q34964701	Castleberry Ranch Airport	
12955	Q34964734	Caswell Airpark	
12956	Q34964745	Cates Airport	
12957	Q34964756	Catfish Point Airport	
12958	Q34964766	Catoctin Crosswind Airport	
12959	Q34964789	Cattle Creek Ranch Airport	
12960	Q34964800	Cauley's Airstrip	
12961	Q34964823	Causey Airport	
12962	Q34964834	Cavanaugh Ranch Airport	
12963	Q34964712	Eayrestown Helistop	
12964	Q34964811	Elizabethtown Helistop	
12965	Q34964844	Elkader Airport	
12966	Q34964854	Ellis Fly-In Airport	
12967	Q34964865	Ellison Airport	
12968	Q34964876	Etheridge Airport	
12969	Q34964898	Evans Ranch Airport	
12970	Q34964932	Everts International Airport	
12971	Q34964943	Ewald Landing Strip	
12972	Q34964954	Ewing Landing Strip	
12973	Q34964965	Ewoldt Landing Strip	
12974	Q34964976	Executive Inn Airport	
12975	Q34964987	Exner Airport	
12976	Q34964998	Eyota Airport	
12977	Q34965009	Fagen Landing Strip	
12978	Q34965030	Fairlane Airport	
12979	Q9586542	São Francisco do Sul Airport	
12980	Q9586458	Santa Inês Airport	
12981	Q9586497	Sertanópolis Airport	
12982	Q9586449	Santa Cruz do Sul Airport	CSU
12983	Q9586441	San Rafael Airport (Chile)	LOB
12984	Q9586594	Tatuí Airport	
12985	Q9586538	São Borja Airport	JBS
12986	Q34966462	Harrisburg-Raleigh Airport	HSB
12987	Q9586430	Salgueiro Airport	
12988	Q9586474	Santa Rosa do Purus Airport	
12989	Q9586482	Santo Antônio do Leverger Airport	
12990	Q9586588	São Sepé Airport	
12991	Q9586487	Serra Talhada Airport	
12992	Q9586515	Siqueira Campos Airport	
12993	Q9586524	Soledade Airport	
12994	Q34966405	Chillicothe Municipal Airport	
12995	Q34966287	Guthrie County Regional Airport	
12996	Q9586560	São Lourenço do Sul Airport	SQY
12997	Q34966115	Chataignier Landing Strip	
12998	Q34966125	Chattahoochee Air Park	
12999	Q34966135	Chattanooga Sky Harbor Airport	
13000	Q34966168	Chicken Strip Airport	
13001	Q34966189	Chiefland Sky Ranch Airport	
13002	Q34966231	Chigger Hill Airport	
13003	Q34966339	Chiles Airpark	
13004	Q34966146	Grass Roots Airport	
13005	Q34966157	Graves Landing Strip Airport	
13006	Q34966178	Grundman Airport	
13007	Q34966199	Grundy Center Municipal Airport	
13008	Q34966209	Guggenberger Airport	
13009	Q34966220	Guilford Seaplane Base	
13010	Q34966243	Gully Landing Strip	
13011	Q34966266	Gurley Airport	
13012	Q34966276	Guthrie Center Municipal Airport	
13013	Q34966309	H R Weisser Airport	
13014	Q34966318	Hackbarth Airport	
13015	Q34966361	Haffner Airport	
13016	Q34966372	Hagemeister Landing Strip	
13017	Q34962581	Russ Airport	
13018	Q34962591	Russell Airport	
13019	Q16488248	Rincón de los Sauces Airport	RDS
13020	Q16319242	Jahrom International Airport	JAR
13021	Q16325329	Fanling Airstrip	
13022	Q16485646	Maia Municipal Airport	
13023	Q16334329	Punta Catalina Airport	
13024	Q16488213	Valcheta Airport	VCF
13025	Q16301052	Atahualpa Airport	
13026	Q16303542	Latour Airport	
13027	Q16490227	Andirá Airport	
13028	Q16490633	Angra dos Reis Airport	
13029	Q16494075	Arroio Grande Airport	
13030	Q16496079	Bagé Airport	
13031	Q16488242	Creel International Airport	
13032	Q16488204	Fox Bay Airstrip	
13033	Q16496823	Iauaretê Airport	
13034	Q26795355	Ratlam	
13035	Q25550893	Tukchi	
13036	Q26794636	Darjeeling	
13037	Q26885230	Grand Geneva Resort Airport	XES
13038	Q25497656	Zabok Airport	
13039	Q26776975	Narnaul Airport	
13040	Q26794330	Neyveli Airport	
13041	Q25535205	Agrinio National Airport	
13042	Q26723120	Lapangan Terbang Anggrek	
13043	Q26723079	Lapangan Terbang Tentena	
13044	Q26794343	Guna Airport	
13045	Q26791929	Wautoma Municipal Airport	
13046	Q26832809	Boyceville Municipal Airport	
13047	Q15221241	Gachsaran Airport	GCH
13048	Q15221350	Gandajika Airport	GDJ
13049	Q15213673	Deputatsky Airport	DPT
13050	Q15222582	Hakkari Yüksekova Airport	YKO
13051	Q15216050	Ed Daein Airport	ADV
13052	Q15216144	Eenhana Airport	
13053	Q15221313	Gallia-Meigs Regional Airport	
13054	Q15242900	Los Brasiles Airport	
13055	Q15213301	Deerfield Valley Regional Airport	
13056	Q15221686	Gillespie County Airport	
13057	Q15222252	Guimaras Airstrip	
13058	Q15229485	Jefman Airport	
13059	Q15232707	Kakinada airport	
13060	Q15238584	Kirkfield/Balsam Lake Seaplane Base	
13061	Q15252505	McCaslin Airport	
13062	Q34956097	Air-Ag Airport	
13063	Q34956108	Aire Parque Airport	
13064	Q34956117	Airman Acres Airport	
13065	Q34956128	Airnautique Inc Airport	
13066	Q34956139	Airpark Estates Airport	
13067	Q34956150	Airsport Skyranch	
13068	Q34956226	Akroville Airport	
13069	Q34956244	Alan's Airport	
13070	Q34956295	Albrecht Airstrip	
13071	Q34956304	Albright Airport	
13072	Q34956323	Alcorn State University Airport	
13073	Q34956332	Alcovy Airport	
13074	Q34956384	Alexander County Airport	
13075	Q34956162	Anderson Landing Strip	
13076	Q34956174	Anderson Landing Strip	
13077	Q34956196	Andings Landing Seaplane Base	
13078	Q34956205	Andrew RLA Airport	
13079	Q34956215	Andrews University Airpark	
13080	Q34956235	Anselm Landing Strip	
13081	Q34956262	Antelope County Airport	
13082	Q34956272	Anthony Private Airport	
13083	Q34956282	Antonian Airport	
13084	Q34956314	Apple Canyon Lake Airport	
13085	Q34956342	Applegate Landing Strip	
13086	Q34956353	Appleton Municipal Airport	
13087	Q34956393	Archangels Landing Airport	
13088	Q34956187	Big Island Airport	
13089	Q34956364	Blake Falls Airport	
13090	Q34956374	Blews Airport	
13091	Q34956403	Bloecher Farm Airport	
13092	Q34966383	Hagen Airport	
13093	Q34966394	Hagens Private Airport	
13094	Q34966416	Hahn Landing Strip	
13095	Q34966429	Haigh Airport	
13096	Q34966440	Hales Landing Airport	
13097	Q34966451	Harris Landing Strip	
13098	Q34966472	Harrison Landing Strip	
13099	Q28450414	Winston Field Airport	SNK
13100	Q28447114	Cable Union Airport	
13101	Q28446847	Crivitz Municipal Airport	
13102	Q28447491	East Troy Municipal Airport	
13103	Q28447505	Fort Atkinson Municipal Airport	
13104	Q28447509	Major Gilbert Field Airport	
13105	Q28447516	Mauston-New Lisbon Union Airport	
13106	Q28448584	Mineola Airport	
13107	Q28447557	Reedsburg Municipal Airport	
13108	Q28447531	Sauk-Prairie Airport	
13109	Q28449295	Sylvania Airport	
13110	Q28447578	Viroqua Municipal Airport	
13111	Q28452595	Winnsboro Airport	
13112	Q28530174	Santa María De Punilla	
13113	Q28451168	El Borrego Airport	
13114	Q28450590	Berástegui Airport	
13115	Q28450837	Juanchaco Airport	
13116	Q28450380	El Carmen de Bolívar Airport	
13117	Q28450934	Calenturitas Airport	
13118	Q28454852	Caño Grande Airport	
13119	Q28451179	Sardinas Airport	
13120	Q28450812	Tapurucuara Airport	
13121	Q10852431	Pearson Field	
13122	Q10851768	Potsdam Municipal Airport	
13123	Q10852272	Phillips Army Airfield	APG
13124	Q10852022	Laguna Army Airfield	LGF
13125	Q10852498	Kingston Airfield	
13126	Q10852631	Faya-Largeau Airport	FYT
13127	Q10852050	Henry Post Army Airfield	FSI
13128	Q10851873	Kearney Regional Airport	EAR
13129	Q10851736	Prairie du Chien Municipal Airport	PCD
13130	Q10851748	Princeton Municipal Airport (Maine)	PNN
13131	Q10851709	Willoughby Lost Nation Municipal Airport	LNN
13132	Q34967464	Crouch Ranch Airport	
13133	Q34967239	Jukam's Landing Airport	
13134	Q34967250	Jungclaus Airport	
13135	Q34967271	Junker Landing Strip	
13136	Q34967292	Justison Airport	
13137	Q34967312	K and K Airstrip	
13138	Q34967323	Kaan Airport	
13139	Q34967368	Kaiser's Airstrip	
13140	Q34967389	Kalkaska City Airport	
13141	Q34967417	Kalona Airpark	
13142	Q34967444	Kaml Airstrip	
13143	Q34967454	Kamm Airport	
13144	Q35245454	Aeropuerto de Mahahual	
13145	Q35245607	Ambunti Airport	AUJ
13146	Q11763993	La Grande/Union County Airport	LGD
13147	Q11764538	Lądowisko Częstochowa-Rudniki	CZW
13148	Q11763516	Newton City/County Airport	EWK
13149	Q11764677	Żagań	
13150	Q11773117	Ayr/Sargeant Private Airfield	
13151	Q11762745	Plock Airport	QPC
13152	Q11762755	Krepa Airport	
13153	Q11762757	Kruszyn Airport	
13154	Q11762756	Lotnisko Tomaszów Mazowiecki	
13155	Q11762743	Pruszcz Gdanski Mil Airport	
13156	Q11762760	Przylep Airfield	
13157	Q11762746	Radom-Piastów Airport	
13158	Q11762763	Swidnik Airport	
13159	Q11762759	Zamosc Airport	
13160	Q11762765	Zar Airport	
13161	Q11764555	Gryźliny Airport	
13162	Q11764594	Miroslawice	
13163	Q11764657	Szymanow Airport	
13164	Q34965147	Flint River Ranch Airport	
13165	Q34965169	Flomaton Airport	
13166	Q34965201	Flugplatz Airport	
13167	Q34965211	Fly-N-D Landing Strip Airport	
13168	Q34965222	Flyers Airport	
13169	Q34965232	Flying A Airport	
13170	Q34965255	Flying C's Plantation Airport	
13171	Q34965266	Flying Crown Airport	
13172	Q34965277	Flying Diamond Landing Strip	
13173	Q34965286	Flying Ed Airport	
13174	Q34965296	Flying Green Acres Landing Strip	
13175	Q34965306	Flying H Ranch Airport	
13176	Q34965324	Flying M Airport	
13177	Q34965333	Flying M Farm Airport	
13178	Q34965342	Forest Hill Airport	
13179	Q34965351	Forest Lake Airport	
13180	Q34959805	Boyne Mountain Airport	
13181	Q34959900	Howell Airport	
13182	Q34959731	Beach Ranch Airport	
13183	Q34959859	Holt Airport	
13184	Q34959765	Bean Lake Airport	
13185	Q34959870	Bear Pen Airport	
13186	Q34959950	Beasons Landing Strip	
13187	Q34959971	Beaty Farms Incorporated Airport	
13188	Q34959982	Beauchamp Airstrip	
13189	Q34959991	Beaumont Hotel Airport	
13190	Q34959720	Bolthouse Landing Strip	
13191	Q34959744	Bonham Airport	
13192	Q34959754	Booe Airport	
13193	Q34959775	Boyer Airport	
13194	Q34959786	Boyne City Municipal Airport	
13195	Q34959795	Boyne Highlands Airport	
13196	Q34959827	Brablec Farms Airport	
13197	Q34959838	Bradbury Airport	
13198	Q34959848	Braden Farms Airport	
13199	Q34959911	Braun Landing Strip	
13200	Q34959921	Brauns Airport	
13201	Q34959932	Brauns Airport	
13202	Q34959941	Braxton County Airport	
13203	Q34959960	Breaults River Side Seaplane Base	
13204	Q34960035	Brenneke Airport	
13205	Q34960055	Brentwood Landing Strip	
13206	Q34960065	Bresett's Mountainside Airport	
13207	Q34959816	Hogan Airport	
13208	Q34959880	Hough-McGee Airport	
13209	Q34959889	Houghton College Airport	
13210	Q34960013	Hummel Airport	
13211	Q34960023	Humphries Rotordrome	
13212	Q35250523	Costello Island	
13213	Q35250315	Converse Farm Landing Strip	
13214	Q35250322	Cooch Landing Area	
13215	Q35250328	Cook Airport	
13216	Q35250335	Cook Airport	
13217	Q35250342	Cook Canyon Ranch Airport	
13218	Q35250349	Cooksey Brothers Airport	
13219	Q35250356	Cookson Hills Christian School Airport	
13220	Q35250365	Cooper Flying Service Airport	
13221	Q35250372	Cooper Landing Strip	
13222	Q35250379	Cooper Ranch Airport	
13223	Q35250387	Coopland Landing Strip	
13224	Q35250396	Copiah County Airport	
13225	Q35250402	Copland Airport	
13226	Q35250408	Coppenger Farm Airport	
13227	Q35250415	Cora Texas Landing Strip	
13228	Q35250422	Coral Creek Airport	
13229	Q35250437	Cordell Municipal Airport	
13230	Q35250445	Corkern Airport	
13231	Q35250452	Corkscrew Trace Airpark	
13232	Q35250461	Corntassel Airport	
13233	Q35250468	Corpora Airport	
13234	Q35250476	Corps of Engineers Airport	
13235	Q35250483	Corr Airport	
13236	Q35250490	Corralitos Airport	
13237	Q35250503	Corzatt Airport	
13238	Q35250516	Costello Airport	
13239	Q35250529	Costin Airport	
13240	Q35250536	Cotton Gin Airport	
13241	Q35250543	Cotton Patch Airport	
13242	Q35250550	Cotton Strip	
13243	Q35247972	Brzeg	
13244	Q35247881	Brooks County Airport	
13245	Q35247916	Brown Airport	
13246	Q35248058	Beulah Airport	
13247	Q35247861	Brooklet Airpark	
13248	Q35247867	Brookline - Meadowmere Airport	
13249	Q35247874	Brookline Airport	
13250	Q35247888	Brooks Place Airport	
13251	Q35247896	Broomsage Ranch Airport	
13252	Q35247903	Browder Airport	
13253	Q35247927	Browns Landing Airport	
13254	Q35247934	Brownsberger Airport	
13255	Q35247945	Bryant Air Strip	
13256	Q35247952	Bryant Culberson Airport	
13257	Q35247966	Bryant's Landing Airport	
13258	Q35247979	Buaer Landing Strip	
13259	Q35247988	Buck Mountain Airport	
13260	Q35248002	Buckle L Ranch East Airport	
13261	Q35248008	Bucklin Airport	
13262	Q35248015	Buckman Landing Strip	
13263	Q35248022	Buckner Airport	
13264	Q15278851	Spanish Fork Municipal Airport Woodhouse Field	SPK
13265	Q15278121	Skukuza Airport	SZK
13266	Q16259679	Wulong Xiannüshan Airport	CQW
13267	Q16259133	Ejin Banner Taolai Airport	EJN
13268	Q16258986	Alxa Left Banner Bayanhot Airport	AXF
13269	Q16259658	Ulanqab Jining Airport	UCB
13270	Q16255487	Toowoomba Wellcamp Airport	WTB
13271	Q16158149	Acushnet Airport	
13272	Q16207574	Abapo Airport	
13273	Q16259710	Yueyang Sanhe Airport	YYA
13274	Q16144961	Baixo Guandu/Aimorés Airport	
13275	Q16207735	Achao Airport	
13276	Q16209315	Boromo Airport	
13277	Q16258989	Alxa Right Banner Badanjilin Airport	RHT
13278	Q16259671	Wudalianchi Airport	DTU
13279	Q16259568	Shaoyang Wugang Airport	WGN
13280	Q28163852	Santa Rosalía Airport	SSL
13281	Q28163954	Las Gaviotas Airport	LGT
13282	Q28163877	Morelía Airport	MSK
13283	Q28163894	Plato Airport	PLT
13284	Q28220771	Kamarata Airport	KTV
13285	Q28225419	Anse-Rouge Airport	
13286	Q28225421	Fond-des-Blancs Airport	
13287	Q28228256	Hybla Valley Airport	
13288	Q28225423	Môle-Saint-Nicolas Airport	
13289	Q28225425	Port-Salut Airport	
13290	Q28446565	Crandon Municipal Airport	
13291	Q28446442	Manitowish Waters Airport	
13292	Q28446433	Nova Lamego Airport	
13293	Q28163949	Hato Corozal Airport	HTZ
13294	Q28220766	Puerto Páez Airport	PPZ
13295	Q28163947	Cruz Verde Airport	
13296	Q28163927	Mapiripán Airport	
13297	Q28163910	Orito Airport	
13298	Q28163874	Puerto Gaitán Airport	
13299	Q28163857	Santa Fe de Antioquia Airport	
13300	Q28163834	Taraira Airport	
13301	Q28163839	Tablón de Tamará Airport	TTM
13302	Q34955256	Albion	
13303	Q34955063	Akron Municipal Airport	
13304	Q34955096	2 G Ranch Airport	
13305	Q34955142	3-M's Airport	
13306	Q34955153	4 S Ranch Airport	
13307	Q34955173	4-G Ranch Airport	
13308	Q34955184	4B Ranch Airport	
13309	Q34955208	5B Ranch Airport	
13310	Q34955236	6666 Ranch Airport	
13311	Q34955246	74 Ranch Airport	
13312	Q34955267	81st Street Airpark	
13313	Q34955277	85th Avenue Airstrip	
13314	Q34955286	A & P Airpark	
13315	Q34954899	Aero-Plain Airport	
13316	Q34954909	Aerobatic Practice Airport	
13317	Q34954932	Aerogrange Airport	
13318	Q34954944	Aeroview Airport	
13319	Q34954955	Aerovilla Airport	
13320	Q34954965	Ag Air Airport	
13321	Q34954976	Ag Spray Inc Airport	
13322	Q34954998	Air Park North	
13323	Q34955016	Air Rahe Airport	
13324	Q34955027	Aircraft Radio Corporation Airport	
13325	Q34955049	Aknux Airport	
13326	Q34955074	Al's Due North Airport	
13327	Q34955108	Alan B. Janssen Airport	
13328	Q34955230	Albia Municipal Airport	
13329	Q34955085	Barker Central School Airport	
13330	Q34955132	Larry F. Warren Field	
13331	Q16827059	Alférez Armando Rodríguez Airport	LLS
13332	Q16827024	Clark Airport	
13333	Q16827101	Clifton Field	
13334	Q16826617	Al Saqr Field Airport	
13335	Q16826600	Al Jazeirah Airport	
13336	Q16828558	Angora Airport	
13337	Q16827987	Amincha Airport	
13338	Q16827092	Alhué Airport	
13339	Q16826191	Agua Santa Airport	
13340	Q16826324	Aiquile Airport	
13341	Q16827541	Almirante Schroeders Airport	
13342	Q16827649	Alto del Carmen Tres Quebradas Airport	
13343	Q16828542	Angol Los Confines Airport	
13344	Q16828325	Añorada Airport	
13345	Q16833867	Arquilhue Airport	
13346	Q16834364	Ascochinga Airport	
13347	Q16834940	Atacalco Sul Airport	
13348	Q16836012	Avanavero Airstrip	
13349	Q35245593	Amazon Bay	AZB
13350	Q35245570	Ama Airport	AMF
13351	Q34967379	Crossville Memorial Airport	CSV
13352	Q35245487	Afore Airport	AFR
13353	Q35245578	Amanab Airport	AMU
13354	Q34967229	Crosbyton Municipal Airport	
13355	Q34967261	Cross Creek Farms Airport	
13356	Q34967282	Cross Landing Strip	
13357	Q34967302	Cross Roads Airport	
13358	Q34967332	Cross Triangle Ranch Airport	
13359	Q34967341	Cross Wind Acres Airport	
13360	Q34967350	Cross Wind Airport	
13361	Q34967359	Cross-B Airport	
13362	Q34967397	Crosswind Farm Airport	
13363	Q34967407	Crosswinds-Wilson Private Airport	
13364	Q34967057	Imperial Municipal Airport	IML
13365	Q34967088	Janssen Airport	
13366	Q34967096	Janssen Airport	
13367	Q34966978	Coalgate Municipal Airport	
13368	Q34966987	Coastal Airport	
13369	Q34966997	Coates Airport	
13370	Q34967187	Croisant Airport	
13371	Q34967197	Cromwell Farm Airport	
13372	Q34966896	Hoblit Farms Airport	
13373	Q34966908	Hock Airport	
13374	Q34966918	Hoehn RLA Airport	
13375	Q34966927	Hoerners Corners Airport	
13376	Q34966936	Hoesel Airport	
13377	Q34966947	Hoff Airport	
13378	Q34966958	Hoffman Airport	
13379	Q34966968	Hoffman's Black Mountain Aerodrome	
13380	Q34967007	Howell-New Lenox Airport	
13381	Q34967017	Hoyt Airport	
13382	Q34967038	Illini Airport	
13383	Q34967048	Illinois Valley Parachute Club Airport	
13384	Q34967068	Jamros Airport	
13385	Q34967077	Jan Knipe Airport	
13386	Q34967107	Jantzen Airport	
13387	Q34967117	Jasper County Flying Club Airport	
13388	Q34967127	Johnsons Aero Repair Airport	
13389	Q34967136	Johnston Airport	
13390	Q34967148	Johnston Airport	
13391	Q34967164	Jones Airport	
13392	Q34967175	Jones Light Aviation Airport	
13393	Q34967218	JR's Airport	
13394	Q16890156	Center Island Airport	CWS
13395	Q16890516	Colorado Airport	
13396	Q16890184	Chepica Airport	
13397	Q16890061	Callipulli Airport	
13398	Q16890327	Cholguahue Airport	
13399	Q16890624	Coolawanyah Station Airport	COY
13400	Q16890058	Camp Okavango Airport	
13401	Q16890091	Cameron Memorial Airport	
13402	Q16890183	Chepes Airport	
13403	Q16890246	Chillán Fundo El Carmen Airport	
13404	Q16890324	Choreti Airport	
13405	Q16890449	Cleveland Regional Jetport	
13406	Q16890371	Ciudad de Mendoza Airpark	
13407	Q16890467	Cogoti La Pelicana Airport	
13408	Q16890544	Coldstream Airport	
13409	Q16890515	Combarbalá Airport	
13410	Q16890508	Comarapa Airport	
13411	Q16890583	Contao Airport	
13412	Q16890652	Copacabana Airport	
13413	Q16890326	Los Calafates Airport	
13414	Q16890463	Los Morros Airport	
13415	Q35246292	Baxley Municipal Airport	
13416	Q35246260	Bass River Airpark	
13417	Q35246267	Basslake Airport	
13418	Q35246306	Bay Couquille Seaplane Base	
13419	Q35246312	Bay Creek Airport	
13420	Q35246320	Bayless Airport	
13421	Q35246327	Baylie Airport	
13422	Q35246340	Bayou Camitte Landing Strip	
13423	Q35246349	Bear Creek Airport	
13424	Q35246356	Bear Creek Airport	
13425	Q35246363	Bear Creek Ranch Airport	
13426	Q35246371	Bearce Airport	
13427	Q35246377	Beard Airport	
13428	Q35246416	Beaverbrook Aerodrome	
13429	Q35246423	Beck Airport	
13430	Q35246431	Beck Private Airport	
13431	Q35246438	Becker Airport	
13432	Q35246445	Becker Airport	
13433	Q35246452	Beckley Farms Airport	
13434	Q35246459	Beckman Airport	
13435	Q35246466	Becks Farm Landing Strip	
13436	Q35246472	Bedford Municipal Airport	
13437	Q35246480	Bee-Acre Farm Strip Airport	
13438	Q35246487	Beebe Airport	
13439	Q35246494	Beech Hill Airport	
13440	Q35246501	Beeds Lake Airport	
13441	Q35246512	Beherns Airport	
13442	Q35246523	Bell Mountain Airport	
13443	Q35246530	Bell Strip Airport	
13444	Q35246285	Bawan	BWJ
13445	Q34957366	Baker Airport	
13446	Q34957376	Baker Airport	
13447	Q34957119	Anderson Farm Airport	
13448	Q34957162	Anderson Landing Strip	
13449	Q34957173	Anderson Landing Strip	
13450	Q34957182	Anderson Ranch Airport	
13451	Q34957192	Anderson-Tully County Airport	
13452	Q34957235	Andrews Airport	
13453	Q34957245	Andrews Airport	
13454	Q34957255	Andrews Airport	
13455	Q34957307	Angle Bar M Airport	
13456	Q34957316	Angola Airstrip	
13457	Q34957326	Anna's Airport	
13458	Q34957336	Annandale Ranch Airport	
13459	Q34957346	Annison Private Airport	
13460	Q34957388	Answered Prayer Airport	
13461	Q34957131	Bachand Airport	
13462	Q34957140	Back Acres Airport	
13463	Q34957202	Backstrom Airport	
13464	Q35248029	Buckshot Ranch Airport	
13465	Q35248036	Buddy's Ag Service Airport	
13466	Q35248043	Buds Ferry Airport	
13467	Q35248051	Buehler Airport	
13468	Q35248066	Buell Airport	
13469	Q35248073	Buell Airport	
13470	Q35248081	Buena Terra Airport	
13471	Q35248087	Buffalo Center Airport	
13472	Q35248096	Buffalo Lake Seaplane Base	
13473	Q34966675	Clinton Memorial Airport	
13474	Q34966686	Hilltop Airport	
13475	Q34966698	Hilltop Airport	
13476	Q34966708	Hilltop Airport	
13477	Q34966641	Clinical Laboratories Airport	
13478	Q34966652	Clint Odom Airport	
13479	Q34966730	Clio Crop Care Airport	
13480	Q34966752	Clogston Ranch Landing Strip	
13481	Q34966762	Cloud 9 Airport	
13482	Q34966784	Cloud Airport	
13483	Q34966805	Clovelly Airport	
13484	Q34966815	Clovelly Farms Seaplane Base	
13485	Q34966826	Clover Lake Farms Airport	
13486	Q34966862	Clute's Hilltop Airport	
13487	Q34966866	Clyde Valley Airport	
13488	Q34966874	CML Airport	
13489	Q34966499	Harrisville Airport	
13490	Q34966510	Harry D Fenton Airport	
13491	Q34966521	Harry-Walt Airport	
13492	Q34966532	Hartenbower Hectares Airport	
13493	Q34966542	Hartwell Ranch RLA Airport	
13494	Q34966552	Henry Airport	
13495	Q34966563	Henry Airport	
13496	Q34966574	Henry County Hospital Airport	
13497	Q34966585	Herren Airport	
13498	Q34966596	Herschberger Landing Strip	
13499	Q34966607	Herschel Hunter Airport	
13500	Q34966618	Hewetts Airport	
13501	Q34966630	Hickcox Landing Strip	
13502	Q34966773	Hilvety Airport	
13503	Q34966795	Hines Farm Airport	
13504	Q34966885	Hobby Hideaway RLA Airport	
13505	Q16854149	Robbins Airport	
13506	Q16858398	Cat Cay Airport	CXY
13507	Q16874545	Uaxactun Airport	UAX
13508	Q16868956	Ath/Isieres Airport	
13509	Q16890056	Camp McGovern	
13510	Q16858871	Chaitén Pillan Airport	
13511	Q16858873	Chaitén Renihue Airport	
13512	Q16858927	Chan Chan Airport	
13513	Q16858758	Cerro Paranal Airport	
13514	Q16858505	Cay Sal Airport	
13515	Q16858621	Celo-Zongo Airport	
13516	Q16858474	Cauquenes Airport	
13517	Q16858499	Cavinas Airport	
13518	Q16858756	Cerro Castillo Airport	
13519	Q16858743	Cerdas Airport	
13520	Q16858785	Chacobos Airport	
13521	Q16858870	Chaitén Caleta Gonzalo Airport	
13522	Q16858872	Chaitén Pumalín Airport	
13523	Q16858981	Charagua Airport	
13524	Q16858982	Charaña Airport	
13525	Q16852370	Carolina Airport	
13526	Q16851221	Campbellville (Bellshill Airpark) Aerodrome	
13527	Q16851696	Canton Aerodrome	
13528	Q16848972	Büllingen Airfield	
13529	Q16850442	Caleta Hornos Airport	
13530	Q16851083	Camiare Airport	
13531	Q16849654	Busala Airport	
13532	Q16850919	Calpulli Airport	
13533	Q16850447	Caleta Tortel Airport	
13534	Q16851238	Campo de Mayo Military Airfield	
13535	Q16848668	Buen Retiro Ballivian Airport	
13536	Q16848670	Buena Hora Airport	
13537	Q16848991	Bulo Bulo Airport	
13538	Q16850140	Cabo de Hornos Airport	
13539	Q16850109	Cabezas Airport	
13540	Q16850207	Cacique Blanco Airport	
13541	Q16850185	Cachascani Airport	
13542	Q16850297	Caigua Airport	
13543	Q16850437	Caleta Blanco Airport	
13544	Q16851179	Campamento La Esperanza Airport	
13545	Q16852018	Caranda Airport	
13546	Q16850721	Izgrev Airfield	
13547	Q34957958	Barnegat	
13548	Q34957938	Arrowhead Assault Strip	
13549	Q34957746	Arkavalley Airport	
13550	Q34957768	Arkla Flyers Inc Airport	
13551	Q34957798	Armacost Farms Airport	
13552	Q34957828	Armstrong Ranch Airport	
13553	Q34957837	Arnett Landing Airport	
13554	Q34957847	Arnika Ranch Airport	
13555	Q34957879	Arrow 's' Ranch Airport	
13556	Q34957889	Arrow B Ranch Airport	
13557	Q34957899	Arrowhead Airport	
13558	Q34957910	Arrowhead Airport	
13559	Q34957949	Arrowhead Ranch Airport	
13560	Q34957778	Bankson Airport	
13561	Q34957808	Baptist Medical Center Airport	
13562	Q34957818	Bar J Lazy V Airport	
13563	Q34957967	Barnes Airport	
13564	Q34957987	Barnes Landing Strip	
13565	Q34958009	Barnesville Municipal Airport	
13566	Q34958030	Barnstormers 5 Airport	
13567	Q34958049	Barrett Airport	
13568	Q34958059	Barry Balloonport	
13569	Q34958071	Bartholomew County Hospital Airport	
13570	Q34957788	Chenango Bridge Airport	
13571	Q34957859	Circle K Ranch Airport	
13572	Q34957869	Ciszak Airport	
13573	Q34957929	Clarence Aerodrome	
13574	Q34957977	Clifton Hunt Club Airport	
13575	Q34958020	Cloverdale Farm Airport	
13576	Q34958040	Cobble Hill Airport	
13577	Q20447977	Pedernales Airport	PDZ
13578	Q20449404	Delissaville Airport	DLV
13579	Q20448445	Havadarya Airport	HDR
13580	Q20449362	Cimitarra Airport	CIM
13581	Q20448829	Mello Viana Airport	QID
13582	Q20448498	Hayfields Airport	HYF
13583	Q20449350	Lanywa Airport	
13584	Q20447777	Chimborazo Airport	
13585	Q20447996	Pedro Afonso Airport	
13586	Q20448750	Herbert Mata Pires Airport	
13587	Q20448454	Ramsele Airport	
13588	Q20447505	Hacienda La Julia Airport	
13589	Q20449051	Abdanan Airport	
13590	Q20448004	Choma Airport	
13591	Q20447790	Hamada Nc-8 Airport	
13592	Q20448157	Harmony Airport	
13593	Q20449192	Hillston Airport	
13594	Q20449417	Hmawby Airport	
13595	Q20448780	Lake Station/Nelson Lakes Airport	
13596	Q20447644	Mavinza Airport	
13597	Q20447839	Mazabuka Airport	
13598	Q20448185	Meiktila Airport	
13599	Q20448908	A-306 Airport	QUN
13600	Q35247705	Bridgeport	
13601	Q35247577	Brass Lantern Airpark	
13602	Q35247586	Bravo Field Outlying	
13603	Q35247602	Breckenridge Airport	
13604	Q35247609	Breckenridge Airport	
13605	Q35247617	Bredlow Farm Airport	
13606	Q35247624	Breezecroft Airport	
13607	Q35247631	Breezy Knoll Airport	
13608	Q35247638	Brenham Municipal Airport	
13609	Q35247661	Brevard Airport	
13610	Q35247678	Briar Lakes Ranch Airport	
13611	Q35247685	Briar Patch Airport	
13612	Q35247698	Brickey Private Airport	
13613	Q35247712	Bridgman Community Air Park	
13614	Q35247721	Brinkman Airport	
13615	Q35247735	Briscoes Catarina Ranch Airport	
13616	Q35247742	Britt Brown & Porter Ranch Airport	
13617	Q35247750	Britts Crosswind Airport	
13618	Q35247757	Broad River Air Park	
13619	Q35247764	Broadwater Airport	
13620	Q35247771	Broady Airport	
13621	Q35247779	Brock Airpark	
13622	Q35247784	Brock Ranch Landing Strip	
13623	Q35247791	Brocks Airport	
13624	Q35247798	Broken Bow Airport	
13625	Q35247806	Broken Ranch Airport	
13626	Q35247820	Bronson Airport	
13627	Q35247827	Broocke Air Patch	
13628	Q35247833	Brook Bridge Aerodrome	
13629	Q35247840	Brookeridge Air Park	
13630	Q35247854	Brookins Air Strip	
13631	Q34961196	Marlboro Airport	
13632	Q34961369	Merritt Airport	
13633	Q34961334	Mennen	
13634	Q34961279	Big Oak Farm Airport	
13635	Q34961289	Big Oaks Ranch Airport	
13636	Q34961413	Big T Airport	
13637	Q34961422	Big Tank Ranch Airport	
13638	Q34961128	Camp Hill-Tallapoosa County Airport	
13639	Q34961138	Campbell Lake Seaplane Base	
13640	Q34961148	Campbell Landing Strip	
13641	Q34961157	Canadian Lakes Airport	
13642	Q34961179	Canary's Airport	
13643	Q34961206	Canterbury Farm Airport	
13644	Q34961223	Capen Airport	
13645	Q34961261	Caputo Helistop	
13646	Q34961188	Markle Airport	
13647	Q34961215	Mason Airway Airport	
13648	Q34961232	Match Mate Airport	
13649	Q34961240	Matthews Airport	
13650	Q34961270	Maus Marineland Seaplane Base	
13651	Q34961297	Maynard's Airport	
13652	Q34961304	Mckinney Airport	
13653	Q34961314	McPherson Seaplane Base	
13654	Q34961323	Meerwarth Airport	
13655	Q34961342	Mercer Medical Center	
13656	Q34961351	Merkle Airport	
13657	Q34961361	Merrimac Farms Airport	
13658	Q34961378	Mesmer Airport	
13659	Q34961387	Mexico Airdrome	
13660	Q34961395	Miami Valley Career Technology Center Airport	
13661	Q34961405	Miamitown Airport	
13662	Q34958428	Amanda Airport	
13663	Q34958440	Anderson Airport	
13664	Q34958452	Andy Barnhart Memorial Airport	
13665	Q34958492	Baisden Airport	
13666	Q34958516	Barnett Airpark	
13667	Q34958091	Bartlett Ranch Airport	
13668	Q34958101	Bartram Landing Strip	
13669	Q34958111	Baskin Ranch Landing Strip	
13670	Q34958121	Bass Lake Airport	
13671	Q34958153	Bassett Airport	
13672	Q34958184	Basting Airport	
13673	Q34958195	Baswell Airport	
13674	Q34958206	Bates Airpark	
13675	Q34958236	Battle Lake Municipal Airport	
13676	Q34958245	Baudette Flying Service Seaplane Base	
13677	Q34958256	Bay Landing Strip	
13678	Q34958274	Bayles Lake Landing Strip	
13679	Q34958284	Beach Haven	
13680	Q34958303	Beachview	
13681	Q34958081	Coles Landing Airport	
13682	Q34958133	Coombs Airport	
13683	Q34958163	Copake Lake Seaplane Base	
13684	Q34958173	Coram Airport	
13685	Q34958226	Countryman's Landing Strip Airport	
13686	Q34958264	Creekside Airport	
13687	Q34958294	Cross' Farm Airport	
13688	Q34958313	Croton Airpark	
13689	Q34958324	Curtis Airport	
13690	Q34958344	D'Amico Airport	
13691	Q34958352	Dart Airport	
13692	Q34958362	Dawn Patrol Aviation Airport	
13693	Q34958371	De Ronda Airport	
13694	Q16141922	Pouso Alegre Airport	PPY
13695	Q16141906	Leopoldina Airport	LEP
13696	Q15964466	Beatrice Municipal Airport	BIE
13697	Q11596385	Tanegashima Airport	TNE
13698	Q15990702	Dijon-Bourgogne Airport	DIJ
13699	Q11762711	Elbląg Airport	ZBG
13700	Q18204820	Abu Rudeis Airport	AUE
13701	Q18157382	Wabash Municipal Airport	
13702	Q18204932	Al Hazm Airport	
13703	Q18205512	Bida Airstrip	
13704	Q18205371	Butabul Airport	
13705	Q18205425	Bauchi State Airport	BCU
13706	Q18206268	Dakhla Oasis Airport	DAK
13707	Q18205339	Bajoga Northeast Airport	
13708	Q18206440	Dhusamareb Airport	
13709	Q18204925	Al Bayda' Airport	BYD
13710	Q18169219	Qilian Airport	HBQ
13711	Q18205754	Cairo West Air Base	CWE
13712	Q20058864	Lins Airport	LIP
13713	Q20404277	Rēzekne	
13714	Q19931183	Ustupo Airport	UTU
13715	Q20060567	Ilha Clube Aerodesportivo Airport	
13716	Q20053189	Aeroleve Airport	
13717	Q20447045	Chaves, Brazil Airport	
13718	Q20447497	Hacienda El Calvario Airport	
13719	Q20446941	La Blanquilla Airport	
13720	Q20447377	H.M.S.Bastard Memorial Airport	
13721	Q20447305	R 500 Airport	
13722	Q20062381	Notohadinegoro Airport	JBB
13723	Q20447231	Gurupa Airport	
13724	Q20015366	Hacaritama Airport	HAY
13725	Q20052731	Bananeiras Airport	
13726	Q20056201	Itanhaém Airport	
13727	Q20447321	Gweru Airport	
13728	Q20447486	Hacienda Clementina Airport	
13729	Q20447125	Laarbruch AB Airport	
13730	Q20446930	La Bananera Airport	
13731	Q20447107	La Trinidad De Orichuna Airport	
13732	Q20447456	Patrocinio Airport	
13733	Q20056762	Šamorín airport	
13734	Q29043646	Hopkins Field	
13735	Q29050678	Mantua-Migliaretto Airport	
13736	Q29076421	Central Colorado Regional Airport	
13737	Q29437057	Astronaut Kent Rominger Airport	
13738	Q29017980	Centralia Municipal Airport	ENL
13739	Q29613765	Lordsburg Municipal Airport	LSB
13740	Q29018112	El Dorado Airport	
13741	Q29043817	Glenwood Springs Municipal Airport	GWS
13742	Q29110263	Junction Airport	
13743	Q29146515	Mineral County Memorial Airport	
13744	Q29169544	Fremont County Airport	
13745	Q29436553	Saguache Municipal Airport	
13746	Q29614047	Dajiayi Airport	
13747	Q29618346	Guangzhou MR Air Base	
13748	Q29613117	Shiocton Airport	
13749	Q29265952	Granby-Grand County Airport	
13750	Q29569124	Poplar Bluff Municipal Airport	POF
13751	Q29437722	Monte Vista Municipal Airport	
13752	Q35246702	Bereina Airport	BEA
13753	Q35246538	Bellamy Farm Airport	
13754	Q35246545	Belle Alliance Landing Strip	
13755	Q35246552	Belle D'Eau Airstrip	
13756	Q35246566	Belle-Terre Airport	
13757	Q35246573	Belleview Landing Airport	
13758	Q35246580	Belly Acres Ranch Airport	
13759	Q35246588	Belzoni Municipal Airport	
13760	Q35246595	Ben Bruce Memorial Airpark	
13761	Q35246602	Ben Emge Airport	
13762	Q35246608	Bendelius	
13763	Q35246615	Benedick Airport	
13764	Q35246621	Benedick Airport	
13765	Q35246628	Benes Service Airport	
13766	Q35246635	Benger Air Park	
13767	Q35246642	Benham Airport	
13768	Q35246663	Bennett Landing Strip	
13769	Q35246670	Bennett Strip Airport	
13770	Q35246680	Benoit Airport	
13771	Q35246687	Benson Airport	
13772	Q35246709	Bergemann Airport	
13773	Q35246716	Bergs Airport	
13774	Q35246724	Berling Airport	
13775	Q35246731	Bernadt Airport	
13776	Q35246738	Bernardin Landing Strip	
13777	Q35246752	Berns Airport	
13778	Q35246760	Berry Grove Airport	
13779	Q35246767	Berry Hill Airport	
13780	Q35246777	Beskar Airport	
13781	Q35246784	Best Lock Airstrip	
13782	Q35246793	Betsie River Airstrip	
13783	Q15635342	Luzhou Yunlong Airport	LZO
13784	Q15303164	Jumandy Airport	TNW
13785	Q15838852	Cangyuan Washan Airport	CWJ
13786	Q15293395	Dolna Banya Flying Center	
13787	Q15274856	San Juan de Nicaragua Airport	
13788	Q15294071	Bohot Airfield	
13789	Q15275413	Saravan Airport	
13790	Q15277918	Sipalay Airport	
13791	Q15278495	Somerset County Airport	
13792	Q15526990	Baltimore Airpark	
13793	Q15847540	Mamamah International Airport	
13794	Q15879216	Mauna Kea-Honolii	
13795	Q15781813	El Papalon Airport	
13796	Q15774487	Carrizal Bajo Airport	
13797	Q15274933	San Rafael Airport (Venezuela)	TUV
13798	Q15809880	Bressaucourt airfield	
13799	Q15886033	Gatton Airpark	
13800	Q34958788	Beaver Airstrip	
13801	Q34958823	Belknap-Icarus Acres Airport	
13802	Q34958862	Bellamy Landing Strip	
13803	Q34958569	Bethesda Hospital Helistop	
13804	Q34959459	Bland Landing Strip	
13805	Q34959471	Blessings Landing Air Ranch Airport	
13806	Q34959481	Blickhan Landing Area	
13807	Q34959503	Block Airport	
13808	Q34959533	Blomenberg Airport	
13809	Q34958595	Blue Bird Airport	
13810	Q34959564	Bob-Mar Airport	
13811	Q34959576	Bock Farms Airport	
13812	Q34959595	Bodin Airport	
13813	Q34959670	Bois Blanc Island Airport	
13814	Q34959689	Bolduc Seaplane Base	
13815	Q34958636	Brookville Air-Park Airport	
13816	Q34958649	Brownies Lebanon Airport	
13817	Q34958670	Buckeye Airport	
13818	Q34958697	Caesar Creek Gliderport	
13819	Q34958729	Camstra Airport	
13820	Q34958750	Center LBJ Airport	
13821	Q34958768	Craigs Airport	
13822	Q34958798	Crooksville Airport	
13823	Q34958811	Darby Dan Airport	
13824	Q34958843	Downsville Airport	
13825	Q34959398	Four Seasons Airport	
13826	Q34959585	Hamburg Inc Airport	
13827	Q34959617	Hansen Farms Landing Strip	
13828	Q34959637	Harris Airport	
13829	Q34959648	Harris Hill Gliderport	
13830	Q34959699	Hartung Airport	
13831	Q34959709	Harvs Airport	
13832	Q34959680	Hines Field	
13833	Q35246015	Bailes Airport	
13834	Q35246022	Bailey Airport	
13835	Q35246057	Bald Knob Municipal Airport	
13836	Q35246064	Baldock Farm Airport	
13837	Q35246085	Ball Airport	
13838	Q35246091	Ball Airport	
13839	Q35246138	Barham Airport	
13840	Q35246151	Barlet's Base Airport	
13841	Q35246158	Barnard Airport	
13842	Q35246175	Barnstormer Airport	
13843	Q35246181	Barret Airport	
13844	Q35246188	Barron Aviation Airport	
13845	Q35246195	Barronena East Airport	
13846	Q35246202	Barronena Ranch Airport	
13847	Q35246210	Barry Dotson Ranch Airport	
13848	Q35246218	Barstool Ranch Airport	
13849	Q35246226	Bartos Farm Airport	
13850	Q35246232	Bartram Farms Air Park	
13851	Q35246239	Baskin Airport	
13852	Q35246246	Bass Aero Airport	
13853	Q35246253	Bass Limited Airport	
13854	Q20451079	Miraflores Airport	MFS
13855	Q35246100	Bamu	BMZ
13856	Q35246116	Bapi	BPD
13857	Q34958883	Ayresouth Airport	
13858	Q34958893	Ayresport Airport	
13859	Q34958923	B & L Farms Airport	
13860	Q34958934	B & L Strip Airport	
13861	Q34958961	B S Ranch Airport	
13862	Q34958970	B T & K H Ranch Airport	
13863	Q34958979	B T Averheart Airport	
13864	Q34958989	B Tree Farms Airport	
13865	Q34958998	B. J. Mc Combs Sisterdale Airport	
13866	Q34959008	Baine Airport	
13867	Q34958903	Bellvue Flying Circus Airport	
13868	Q34958914	Belmond Municipal Airport	
13869	Q10858096	Nevada County Air Park	
13870	Q10860393	Halwara Air Force Station	
13871	Q10902403	Beijing Liangxiang Airport	
13872	Q10947290	Anyang Airport	AYN
13873	Q10858095	Ledgedale Airpark	
13874	Q10860234	Southampton Heliport	
13875	Q10978158	Alfenas Airport	
13876	Q10902429	Beijing Xijiao Airport	
13877	Q10930307	Kiunga Airport	UNG
13878	Q10942985	Rugao Air Base	
13879	Q10877536	Ninglang Luguhu Airport	NLH
13880	Q10858364	New Century AirCenter	JCI
13881	Q34960322	Browns Airport	EPG
13882	Q34960161	Brewster Field	HDE
13883	Q34960404	Beeville Municipal Airport	
13884	Q34960139	Beaver Creek Airport	
13885	Q34960150	Beaver Creek Airport	
13886	Q34960260	Bee Creek Airport	
13887	Q34960312	Beech Creek Airport	
13888	Q34960341	Beefmasters Best Airport	
13889	Q34960352	Beefor Ranch Airport	
13890	Q34960394	Beesley Farms Airport	
13891	Q34960414	Beggs Ranch Airport	
13892	Q34960425	Beggs Ranch Airport	
13893	Q34960077	Bresson Airport	
13894	Q34960098	Brevort Airport	
13895	Q34960108	Brewer Airport	
13896	Q34960119	Brewer Airport	
13897	Q34960222	Brooks Ranch Airport	
13898	Q34960236	Brown Airport	
13899	Q34960282	Brown Landing Strip	
13900	Q34960292	Brown Truck Sales Airport	
13901	Q34960302	Brown's Private Airport	
13902	Q34960332	Browns Base South-Reshanau Lake Seaplane Base	
13903	Q34960363	Brunner Airport	
13904	Q34960129	Hunter Mountain Airport	
13905	Q34960171	Idylease Helistop	
13906	Q34960182	Indel Airpark	
13907	Q34960192	Inductotherm Airport	
13908	Q34960202	Industry Air Park	
13909	Q34960212	Interpace Corporation	
13910	Q34960373	Judys Airport	
13911	Q34960383	Jugtown Mountain Airport	
13912	Q16527303	Villa Regina	
13913	Q16719675	Shakhtyorsk Airport	EKS
13914	Q16573530	Olesnica	
13915	Q16630121	Veshchevo	
13916	Q16663708	Kislovodsk Airport	
13917	Q16590274	Herceg Novi	HNO
13918	Q16515586	Liberec Airport	
13919	Q16497077	São Pedro Da Aldeia Airport	
13920	Q16496870	Barra do Bugres Airport	
13921	Q16527249	Aeropuerto Llano San Juan	
13922	Q16527266	Curacaví Airport	
13923	Q16664420	Kezhemsky	
13924	Q16822079	Thamkharka Airport	
13925	Q16826183	Agua Buena Airport	
13926	Q20451277	Ihosy Airport	IHO
13927	Q20451038	Lianshulu Airport	LHU
13928	Q20450865	Pendopo Airport	PDO
13929	Q35246078	Bali	BAJ
13930	Q20450792	Millicent Airport	MLR
13931	Q20451263	Iguatemi Airport	
13932	Q20451210	Mitchell Airport	MTQ
13933	Q20450965	Mingan Airport	YLP
13934	Q35246110	Banz Airport	BNZ
13935	Q35246029	Baindoung	BDZ
13936	Q20451174	Liloy Airport	
13937	Q20451098	Miram Shah Airport	
13938	Q35246038	Baitadi Airport	BIT
13939	Q20451192	Idre Airport	IDB
13940	Q34958872	Belle Plaine Municipal Airport	
13941	Q34959449	Blair Municipal Airport	
13942	Q34959658	Harrison Airport	
13943	Q20450721	Cucui Airport	
13944	Q20450892	Curvelo Airport	
13945	Q20451237	Idutywa Airport	
13946	Q20451251	Mitwaba Airport	
13947	Q20451394	Mogi Mirim Airport	
13948	Q20451118	Ro Airport	
13949	Q20450882	Rio Paranaiba Airport	
13950	Q20450795	Rio Branco Airport	
13951	Q20450838	Rio De Agua Airport	
13952	Q20451405	Rondonia Airport	
13953	Q20451139	Rob Muang Airport	
13954	Q35246071	Baldwin Airport	
13955	Q34958833	Avian Country Estates Airport	
13956	Q34958853	Aviation Landing Strip	
13957	Q34959387	Bar-Vik Airport	
13958	Q34959408	Barber Airport	
13959	Q34959419	Barbour Island Airport	
13960	Q34959429	Barclays Roost Airport	
13961	Q34959439	Barcroft Airport	
13962	Q35246165	Barnes Airport	
13963	Q34959513	Batton Airstrip	
13964	Q34959522	Bauer PGI Airport	
13965	Q34959544	Baughman Farm Strip	
13966	Q34959554	Baum Airport	
13967	Q34959607	Bayou Fourchon Seaplane Base	
13968	Q34959628	Bayou Meadows Airport	
13969	Q34957671	Bancroft Airport	
13970	Q34957551	Bald Mountain Airport	
13971	Q34957409	Antique Acres Airport	
13972	Q34957430	Anton Flying UV Airport	
13973	Q34957450	Anxiety Aerodrome	
13974	Q34957470	Apache Pass Airport	
13975	Q34957490	Apache Springs Airport	
13976	Q34957511	Apalachee Bluff Airpark	
13977	Q34957531	Appalachian Flying Service Number One Airport	
13978	Q34957541	Applegate Airport	
13979	Q34957561	Aquatic Aviation Seaplane Base	
13980	Q34957580	Aransas Pass Airport	
13981	Q34957591	Arant Airport	
13982	Q34957601	Archer City Municipal Airport	
13983	Q34957624	Area 142 Airport	
13984	Q34957644	Aresti Aerodrome	
13985	Q34957653	Argonia Municipal Airport	
13986	Q34957681	Ark-Mo Airport	
13987	Q34957460	Bakers Acres Airport	
13988	Q34957480	Balchs Airpark	
13989	Q34957571	Baldwin Municipal Airport	
13990	Q34957613	Ballek Landing Area	
13991	Q34957635	Bally's Strip	
13992	Q34957661	Ban Farm Airport	
13993	Q34957691	Bancshares Helistop	
13994	Q34957715	Bane Ridge Airport	
13995	Q34957398	Casey's Airport	
13996	Q34957440	Castleton-on-Hudson Airport	
13997	Q34957521	Catskill Valley Airpark	
13998	Q34957727	Chaumont Bay Airport	
13999	Q34957736	Chautauqua Lake Airpark	
14000	Q35251629	Debepare	DBP
14001	Q35251717	Deer Park	
14002	Q35251657	Decatur	
14003	Q35251536	De Soto Airport	
14004	Q35251544	De Witt Property Airport	
14005	Q35251551	Deaconess Hospital Airport	
14006	Q35251558	Dead Dog Airport	
14007	Q35251565	Deadstick Airport	
14008	Q35251572	Deal Landing Strip	
14009	Q35251579	Deale Airport	
14010	Q35251586	Dean Airport	
14011	Q35251597	Dean Griffin Memorial Airport	
14012	Q35251603	Dean Ranch Airport	
14013	Q35251608	Dean Ranch Airport	
14014	Q35251615	Dean Wings Past Airport	
14015	Q35251622	Dearborn Helistop	
14016	Q35251643	Deblin/Ulez	
14017	Q35251664	Deck Airpark	
14018	Q35251671	Decker Farm Airport	
14019	Q35251678	Dee's Airport	
14020	Q35251684	Deep Creek Ranch Airport	
14021	Q35251690	Deep Forest Airport	
14022	Q35251697	Deep Woods Ranch Airport	
14023	Q35251704	Deer Crossing Airport	
14024	Q35251711	Deer Meadow Ranch Airport	
14025	Q35251723	Deer Pasture Airport	
14026	Q35251731	Deer Run Airport	
14027	Q35251738	Deer Run Airport	
14028	Q35251745	Deiterich Ranch Airport	
14029	Q35251753	Del Savio Airport	
14030	Q34956806	Amacher Strip Airport	
14031	Q34956827	Amar Farms Airport	
14032	Q34956838	Amelia Airport	
14033	Q34956887	Amigo for Christ Airport	
14034	Q34956918	Ammons Airport	
14035	Q34956927	Amos Airport	
14036	Q34956937	Amy Airport	
14037	Q34956947	Amy Airport	
14038	Q34956957	Anacacho Ranch Airport	
14039	Q34956968	Anacostia Helicopter Facility	
14040	Q34956978	Anadarko Municipal Airport	
14041	Q34956988	Ancient Oaks Airport	
14042	Q34956998	Anderosa Airpark	
14043	Q34957029	Anderson Airport	
14044	Q34957041	Anderson Airport	
14045	Q34957050	Anderson Airport	
14046	Q34956815	Au Gres Airport	
14047	Q34956851	Augusta Seaplane Base	
14048	Q34956863	Aurora Casket Company Airport	
14049	Q34956875	Austin Air Ads Airport	
14050	Q34956900	Austin Lake Airport	
14051	Q34957008	B & C Airport	
14052	Q34957018	B & D Flyers International Airport	
14053	Q34957060	B I R Airport	
14054	Q34957070	B J Farms Airport	
14055	Q34957081	B-8 Farms Airport	
14056	Q34957091	B.C. Air Airport	
14057	Q34957100	Burrello-Mechanicville Airport	
14058	Q34957110	Bush Landing Strip	
14059	Q34961476	Biggin Hill Airport	
14060	Q34961560	Miller Airport	
14061	Q34961622	Birdsville Airport	
14062	Q34961486	Biggs Skypatch Airport	
14063	Q34961523	Bill Rogers Airport	
14064	Q34961542	Billups Plantation Airport	
14065	Q34961576	Bird Dog Landing	
14066	Q34961585	Bird Nest Airport	
14067	Q34961594	Birdnest Airport	
14068	Q34961603	Birds Nest Airport	
14069	Q34957212	Backus Municipal Airport	
14070	Q34957297	Bagley Municipal Airport	
14071	Q34957356	Baird-Wolford Airport	
14072	Q34957151	Butterville Airport	
14073	Q34957223	Camillus Airport	
14074	Q34957266	Camp Vernon Airport	
14075	Q34957276	Campis Airport	
14076	Q34957286	Canajoharie Airport	
14077	Q10850476	Silver Springs Airport	
14078	Q10850887	Newnan-Coweta County Airport	
14079	Q10850540	Xinjin Airport	
14080	Q10851312	Rockwood Municipal Airport	RKW
14081	Q10850418	Saginaw Airport	
14082	Q10851012	Arcadia Municipal Airport	
14083	Q10850788	Sebastian Municipal Airport	
14084	Q10850819	Shelby County Airport (Illinois)	
14085	Q10851073	Sturgis Municipal Airport (South Dakota)	
14086	Q10851222	Tombstone Municipal Airport	
14087	Q10851231	Tower Municipal Airport	
14088	Q10850944	Hale County Airport	PVW
14089	Q10850860	Los Alamos County Airport	LAM
14090	Q10850849	Louisa County Airport	LOW
14091	Q10853400	Malone-Dufort Airport	MAL
14092	Q10853386	Linden Airport	
14093	Q10853395	Madras Municipal Airport	MDJ
14094	Q10853390	Lake Chelan Airport	
14095	Q10853392	Lakeland Airport	ARV
14096	Q10853394	Lakeland Linder Regional Airport	LAL
14097	Q10853391	Lake Cumberland Regional Airport	SME
14098	Q10853379	Linden Airport	LDJ
14099	Q10853338	Lisala Airport	LIQ
14100	Q10853368	Lympne Airport	LYM
14101	Q18473421	Santa Vitória do Palmar Airport	CTQ
14102	Q18473370	Rio Pardo Airport	
14103	Q18473528	São Bento Airport	
14104	Q18473592	São Manuel Airport	
14105	Q18472542	Monte Alegre de Goiás Airport	
14106	Q18472571	Nonoai Airport	
14107	Q18472596	Osório Airport	
14108	Q18472612	Palmeira das Missões Airport	
14109	Q18473335	Presidente Epitácio Airport	
14110	Q18473350	Raposa Airport	
14111	Q18473401	Santa Maria da Boa Vista Airport	
14112	Q18473557	São Gabriel Airport	
14113	Q18473441	Sarandi Airport	
14114	Q18473455	Sertânia Airport	
14115	Q18473430	Santana do Livramento Airport	LVB
14116	Q18472652	Picos Airport	PCS
14117	Q18473568	São Lourenço Airport	SSO
14118	Q18472584	Nova Xavantina Airport	NOK
14119	Q10853302	Lee Airport	ANP
14120	Q10853042	Longreach Airport	LRE
14121	Q10853002	Lalmonirhat Airport	
14122	Q10853135	Lombo Airport	
14123	Q10852713	Fergus (Royland Field) Aerodrome	
14124	Q10852721	Fergus (Vodarek Field) Aerodrome	
14125	Q10852669	Franconia Airport	
14126	Q10853210	Luther Airport	
14127	Q10853110	Lethem Airport	LTM
14128	Q10852961	La Pedrera Airport	LPD
14129	Q11762725	Osla	
14130	Q11759605	Vulcan/Kirkcaldy Aerodrome	
14131	Q11762718	Latkowo	
14132	Q11481909	Igualada-Ódena Aerodrome	
14133	Q15907217	Taichung Shuinan Airport	
14134	Q15911837	Yantang Airport	
14135	Q15909230	Yinchuan Xihuayuan Airport	
14136	Q15924657	Chongqing Guangyangba Airport	
14137	Q16144867	Londrina Aerodrome	
14138	Q16144811	Asas de Balsa Nova Airport	
14139	Q15888353	Freirina Airport	
14140	Q15887301	Gatton Airport	
14141	Q11677285	Shikabe airport	
14142	Q11658798	Yangjiang Heshan Airport	
14143	Q16144879	Oliveira Airport	
14144	Q16143046	Mozarlândia Airport	
14145	Q16144832	Pernambuco Airport	
14146	Q16141983	Surucucu Airport	
14147	Q11762706	Aleksandrowice Airport	QEO
14148	Q11762736	Dajtki Airport	QYO
14149	Q11762726	Kętrzyn Wilamowo Airport	
14150	Q11762717	Inowroclaw Airport	
14151	Q11762705	Bednary	
14152	Q11762719	Iwonicz Airport	
14153	Q11762741	Kobylnica Airport	
14154	Q11762727	Leszno Airport	
14155	Q11762714	Lisie Katy Airport	
14156	Q11762739	Michalkow Airport	
14157	Q11762734	Nowe Miasto nad Pilicą Airfield	
14158	Q11762724	Pobiednik Wielki Airport	
14159	Q11762730	Radawiec Airport	
14160	Q15887705	Ripcord	
14161	Q15917232	Lancang Airport	JMJ
14162	Q16078142	Gaodong Maritime Rescue Airport	
14163	Q34956561	Allendale County Airport	
14164	Q34956413	Alexander Ranch Airport	
14165	Q34956426	Alexander Ranch Airport	
14166	Q34956449	Alfred C 'Bubba' Thomas Airport	
14167	Q34956459	Alico Airport	
14168	Q34956468	Alico-Felda Grove Airport	
14169	Q34956481	Alison Air Park	
14170	Q34956492	Allen County Hospital Airport	
14171	Q34956608	Allison Farm Airport	
14172	Q34956643	Allison Ranch Airport	
14173	Q34956677	Almeidas Landing Airport	
14174	Q34956701	Alpine Range Airport	
14175	Q34956713	Alta Vista Ranch Airport	
14176	Q34956783	Alvie Cole Ranch Airport	
14177	Q34956794	Alvin Airpark	
14178	Q34956438	Aretz Airport	
14179	Q34956515	Arradcom Air Park	
14180	Q34956538	Arrowhead Farm Airport	
14181	Q34956573	Arthurs Seaplane Base	
14182	Q34956596	Ashby Airport	
14183	Q34956632	Ashland Airport	
14184	Q34956655	Ashley Farms Landing Strip	
14185	Q34956688	Ashworth Landing Strip	
14186	Q34956724	AT and T Helistop	
14187	Q34956735	Athelone Williams Memorial Airport	
14188	Q34956759	Atlantic Blueberry Company Airstrip	
14189	Q34956771	Atsion Helistop	
14190	Q34956504	Bonebender Airport	
14191	Q34956526	Boonville Inc Airport	
14192	Q34956548	Bostrups Landing Seaplane Base	
14193	Q34956585	Boyle's Landing Airport	
14194	Q20454226	Andapa Airport	ZWA
14195	Q20454017	Magdalena Cuya Airport	
14196	Q20454071	Maglarp Airport	
14197	Q20454272	Anderstorp Airport	
14198	Q20453988	Mafikeng North Airport	
14199	Q20453817	Kavala - Amygdaleonas “Lydia” Aerodrome	
14200	Q20454591	Santa Teresa Airport	
14201	Q20453994	Dieciocho Airport	
14202	Q20454321	Sandoa Airport	
14203	Q20454054	San Jose De Maicao Airport	
14204	Q20454329	Divisao Airport	
14205	Q20454112	Mahagi Airport	
14206	Q20453834	Machado Airport	
14207	Q20454029	Mukoy Airport	
14208	Q20454378	Murchison Aerodrome	
14209	Q20453872	Samfya Airport	
14210	Q20454338	Sandvik Airport	
14211	Q20454565	Santa Maria Da Vitoria Apt Airport	
14212	Q20454532	Santa Barbara De Monagas Airport	
14213	Q20454610	Santa Terezinha Airport	STZ
14214	Q11824280	Booue Airport	BGB
14215	Q11824251	Al Bateen Executive Airport	AZI
14216	Q11824255	Bauchi Airport	
14217	Q11824275	Blönduós Airport	BLO
14218	Q11824258	Placeres Airport	BUV
14219	Q11824268	Big Bend-Matata airstrip	
14220	Q11824259	Belle Yella aerodrome	BYL
14221	Q11824250	Bassari	
14222	Q11824261	Bentota River Airport	BJT
14223	Q11824247	Barrillas Airport	
14224	Q11824257	Beilul	
14225	Q11824262	Benešov Airport	
14226	Q11824271	Birni N'Konni Airport	
14227	Q11824272	Birże airport	
14228	Q11824267	Bihać Golubić	
14229	Q11824277	Bolama Airport	
14230	Q16841454	Biangabip Airport	BPK
14231	Q16838219	Barriles Airport	TOQ
14232	Q16836525	Azul Airport	ZUL
14233	Q16836564	Ba Ili Airport	
14234	Q16837050	Baïbokoum Airport	
14235	Q16839810	Beguelkar Airport	
14236	Q16840072	Bellefontaine Municipal Airport	
14237	Q16840437	Benton County Airport	
14238	Q16839174	Baudour Heliport	
14239	Q16838241	Barsalogho Airport	
14240	Q16836074	Avernas-le-Bauduin Airport	
14241	Q16843028	Blanca Flor Airport	
14242	Q16836225	Ayacara Airport	
14243	Q16836491	Azopardo Airport	
14244	Q16840040	Bella Unión Airport	
14245	Q16840044	Bella Vista de Montaño Airport	
14246	Q16840307	Benito Juárez Airport, Argentina	
14247	Q16843969	Bogra Airport	
14248	Q16848664	Buen Retiro Airport	
14249	Q16842263	Heliport Sanatorium Dr. Schenk	
14250	Q16847144	Ihtiman Airfield	
14251	Q35245704	Arawa Airport	RAW
14252	Q35246009	Baibara	BAP
14253	Q35245754	Asapa	APP
14254	Q35245812	Asirim	ASZ
14255	Q35245696	Aragip Airport	ARP
14256	Q35245864	Aua Island Airport	AUI
14257	Q35245613	Amendola	
14258	Q35245913	Awar Airport	AWR
14259	Q35245761	Aseki Airport	AEK
14260	Q35245689	April River Airport	APR
14261	Q35245947	Bacon County Airport	
14262	Q35245739	Arvin Ranch Airport	
14263	Q35245768	Ashbaugh Airport	
14264	Q35245782	Asheville Airpark	
14265	Q35245790	Ashland Landing Farm Airport	
14266	Q35245797	Ashley Airport	
14267	Q35245805	Ashworth Airport	
14268	Q35245819	Asplundh Airport	
14269	Q35245834	Atchafalaya Flying Company Airport	
14270	Q35245857	Atwell Airport	
14271	Q35245876	Augusta Airport	
14272	Q35245898	Austinia Airport	
14273	Q35245938	Back Achers Airport	
14274	Q35245954	Baggett Airport	
14275	Q35245966	Bagnell Seaplane Base	
14276	Q35245980	Bagwell Airport	
14277	Q35245669	Anguganak Airport	AKG
14278	Q35245889	Aumo Airport	AUV
14279	Q20452567	Monte Alegre Airport	MTE
14280	Q20452628	Irece Airport	IRE
14281	Q20451816	Inapari Airport	
14282	Q20452446	Momeik Airport	MOE
14283	Q20452541	Rutshuru Airport	
14284	Q20451714	Livramento Do Brumado Airport	
14285	Q20452042	Ingenio Santa Rosa	
14286	Q20452213	Syferfontein Airport	
14287	Q20452283	Mokaria-Yamoleka Airport	
14288	Q20452440	Mombongo Airport	
14289	Q20452204	Alabat Airport	
14290	Q20452516	Inyonga Airport	
14291	Q20451749	Ljusdal Airport	
14292	Q20452144	Loma Larga Airport	
14293	Q20452572	Monte Carmelo Airport	
14294	Q20452122	Rufunsa Airport	
14295	Q20452554	Rwindi Airport	
14296	Q20451830	Świdwin Airport	
14297	Q20452057	Ingham Airport	IGH
14298	Q18618960	Wakunai Airport	WKN
14299	Q18923609	Scalea Airport	
14300	Q18473818	Tancos AB Airport	
14301	Q18618944	Mohale's Hoek Airport	
14302	Q18473626	Tesouro Airport	
14303	Q18473689	Ubá Airport	
14304	Q18473747	Viçosa Airport	
14305	Q18604507	Delaware Municipal Airport	
14306	Q18618924	Clare Valley Aerodrome	
14307	Q18618932	Kailo Airport	
14308	Q18618935	Kalka Airport	
14309	Q18618966	Yingkou Lanqi Airport	YKH
14310	Q19401280	Dorra airport	
14311	Q18618922	Birchwood-Pocono Airpark	
14312	Q18618948	Ras Shokeir New Airport	
14313	Q18618964	Wooster Municipal Airport	
14314	Q19374970	Huseby Airport	
14315	Q19391604	Sølenstua Airport	
14316	Q18473762	Votuporanga Airport	VOT
14317	Q18821721	Takengon Rembele Airport	TXE
14318	Q34965179	Flora Municipal Airport	
14319	Q34965244	Flying B Ranch Airport	
14320	Q34965315	Flying J Ranch Airport	
14321	Q34965041	Fairplains Airpark	
14322	Q34965052	Fairview Airport	
14323	Q34965063	Falk Private Airport	
14324	Q34965073	Faltis Airport	
14325	Q34965082	Ferrell Airport	
14326	Q34965092	Fertile Municipal Airport	
14327	Q34965114	Ficklin-Airtech Airport	
14328	Q34965125	Fiese Airstrip	
14329	Q34965136	Finkley Farm Airport	
14330	Q16890660	Coposa Airport	CPP
14331	Q16890751	Cumpeo La Obra Airport	
14332	Q16890695	Couthuin Airport	
14333	Q16890755	Curaco Airport	
14334	Q16890665	Cotreumo Airport	
14335	Q16890754	Cuatro Diablos Airport	
14336	Q16890748	Culpina Airport	
14337	Q16890902	El Desengaño Airport	
14338	Q16890658	Coquinal Airport	
14339	Q16890662	Corte Alto Airport	
14340	Q16890664	Costa del Sol Airport	
14341	Q16890749	Cuevo Airport	
14342	Q16890753	Curicó La Montaña Airport	
14343	Q16890822	East Georgia Regional Airport	
14344	Q16890911	El Algarrobo Airport	
14345	Q16890910	El Buitre Airfield	
14346	Q16890903	El Cairo Airport	
14347	Q16890907	El Cocal Airport	
14348	Q16890908	El Condor Airport	
14349	Q16890909	El Escondido Airport	
14350	Q16890904	El Paraíso Airport	
14351	Q16890906	El Peru del Apere Airport	
14352	Q34961613	Birdsong Landing Strip	
14353	Q34961632	Birdwin Airport	
14354	Q34961640	Birk Airport	
14355	Q34961650	Bloodsworth Airport	
14356	Q34961667	Blount Airport	
14357	Q34961676	Blue Head Ranch Airport	
14358	Q34961430	Cary Airport	
14359	Q34961439	Casa De Aero Park	
14360	Q34961449	Casad Industrial Park Airport	
14361	Q34961466	Casey Municipal Airport	
14362	Q34961496	Cast Airport	
14363	Q34961532	Catlett Landing Strip	
14364	Q34961551	Cavanaugh Airport	
14365	Q34961457	Middle Hope Airport	
14366	Q34961505	Middlesex Valley Airport	
14367	Q34961515	Midlakes Airport	
14368	Q34961568	Miller Farm Landing Strip	
14369	Q19659470	Xiangxi Biancheng Airport	DXJ
14370	Q19657268	Beloyarsk Airport	EYK
14371	Q19745555	Karel Sadsuitubun Airport	LUV
14372	Q19801298	Metropolitano Airport	
14373	Q19863962	Tangier Island Airport	
14374	Q19818245	Niau Airport	NIU
14375	Q19844346	Punta Rothera Airport	
14376	Q19931172	Qalat Airport	
14377	Q19659453	Chenzhou Beihu Airport	HCZ
14378	Q19751074	Ezeres Airport	
14379	Q19803527	Cricklewood Aerodrome	
14380	Q19818242	Derby Airport	
14381	Q19865285	Bayside Airport	
14382	Q19866924	Curtiss-Southwest Field	
14383	Q19867695	East Harwich Airport	
14384	Q19875934	Canapitsit Airport	
14385	Q19876918	McGinness Airport	
14386	Q19877238	Oxford Airport	
14387	Q19877619	Round Hill Airport	
14388	Q19931158	Bonny Doon Village Airport	
14389	Q16891239	Fianga Airport	
14390	Q16891428	Francisco Primo de Verdad National Airport	LOM
14391	Q16891469	Frutillar Airport	FRT
14392	Q16891580	General Alvear Airport	
14393	Q16891150	Estancia Río Cisnes Airport	
14394	Q16891190	Fachinal Airport	
14395	Q16891258	Festus Memorial Airport	
14396	Q16891325	Florida Airport (Bolivia)	
14397	Q16891473	Fundo Naicura Airport	
14398	Q16891422	Fray Jorge Airport	
14399	Q16891097	Eséka Airport	
14400	Q16891191	Farellones Airport	
14401	Q16891327	Flor de Oro Airport	
14402	Q16891326	Florencia Airport	
14403	Q16891368	Fowl Cay Airport	
14404	Q16891503	Fungurume Airport	
14405	Q16891521	Gamboula Airport	
14406	Q16891420	Franz Tamayo Airport	
14407	Q16891468	Frutillar West Airport	
14408	Q16892637	Independence Airport (Belize)	INB
14409	Q16891581	General Freire Airfield	ZCQ
14410	Q16892446	Yoakum–DeFrenn Army Heliport	HLR
14411	Q16891603	Geauga County Airport	
14412	Q16891785	Gounou-Gaya Airport	
14413	Q16891939	Guelma Belkheir Airport	
14414	Q16892344	Torch Cay Airport	TCV
14415	Q16892509	Huacaraje Airport	BVK
14416	Q16891912	Grivitza Airfield	
14417	Q16892511	Hualaihué Airport	
14418	Q16892512	Hueicomilla Airport	
14419	Q16891913	Guadaba Airport	
14420	Q16891991	Gwaka Airport	
14421	Q16891601	Gbado Airport	
14422	Q16891634	Ghent/Industry Zone Heliport	
14423	Q16891832	Goyongo Airport	
14424	Q16891941	Guirapembi Airport	
14425	Q16891940	Gulf Airport	
14426	Q16892463	Houndé Airport	
14427	Q16892510	Huacareta Airport	
14428	Q16892624	Idumbe Airport	
14429	Q11297921	King Khalid Air Base	KMX
14430	Q11273721	Las Termas Airport	RHD
14431	Q11127678	Nhlangano Airfield	
14432	Q11159396	Piggs Peak Airfield	
14433	Q11124707	Wuhan Wangjiadun Airport	WJD
14434	Q11152010	Nsoko Airfield	
14435	Q11166273	Simunye Airport	
14436	Q11168151	Siteki Airfield	
14437	Q11219382	Druskieniki airport	
14438	Q11139972	Shashi Airport	SHS
14439	Q11326323	North Field	
14440	Q11124481	Wuhan Nanhu Airport	
14441	Q11434817	Ishigaki Airport	ISG
14442	Q11824195	Albuq Airport	BUK
14443	Q11824213	Antsirabe Airport	ATJ
14444	Q11824214	Apolo Airport	APB
14445	Q11824209	Alto Palena Airport	WAP
14446	Q11824181	Dhala	DHL
14447	Q11824211	Annai Airport	NAI
14448	Q11824217	Arly Airport	ARL
14449	Q11824197	Buraimi Airport	RMB
14450	Q11824223	Ascencion De Guarayos Airport	ASC
14451	Q11824184	Adi Ugri	
14452	Q11824177	Abong-M'bang Airport	
14453	Q11824182	Ada airport	
14454	Q11824183	Adi Kejh aerodrome	
14455	Q11824193	Akim Oda airport	
14456	Q11824205	Alghena	
14457	Q11824218	As Sallum	
14458	Q11824175	Abbs Airport	EAB
14459	Q35251398	Davis Airport	
14460	Q35251405	Davis Airport	
14461	Q35251270	Darla's Airport	
14462	Q35251299	Darnell's Landings Airport	
14463	Q35251306	Darrah Air Park	
14464	Q35251312	Darrell Airport	
14465	Q35251318	Darrington Airport	
14466	Q35251325	Dave's Aerodrome	
14467	Q35251332	Davell Airport	
14468	Q35251339	Daves Place Airport	
14469	Q35251346	David City Municipal Airport	
14470	Q35251354	David G Joyce Airport	
14471	Q35251361	David Gillespie Airport	
14472	Q35251367	David Stanley Memorial Airport	
14473	Q35251373	David Wine's Airstrip	
14474	Q35251380	David's Landing Airport	
14475	Q35251386	Davies Landing Strip	
14476	Q35251392	Davis Air Ranch	
14477	Q35251412	Davis Landing Strip	
14478	Q35251419	Davis Ranch Airport	
14479	Q35251427	Dawson Farms Airport	
14480	Q35251434	Dawson Municipal Airport	
14481	Q35251441	Dawson Municipal Airport	
14482	Q35251447	Dawson's Airport	
14483	Q35251461	Day Aero-Place Airport	
14484	Q35251467	Day Airport	
14485	Q35251474	Daystar Strip Airport	
14486	Q35251486	Dbaks Airport	
14487	Q35251500	De De Airport	
14488	Q35251506	De Ford Airport	
14489	Q35251520	De Long Ranch Airport	
14490	Q35251527	De Quincy Industrial Airpark	
14491	Q16893967	Las Flores Airport	
14492	Q16893866	Lago Colico Airport	
14493	Q16893871	Lago Ranco Airport	
14494	Q16893864	Lago Vargas Airport	
14495	Q16893976	Las Brujas Airport (Chile)	
14496	Q16893898	Laguna Loa Airport	
14497	Q16893938	Lampa Palo Alto Airport	
14498	Q16893973	Laraquete Airport	
14499	Q16894037	Lebu Airport	
14500	Q16893899	Laguna San Raphael Airport	
14501	Q16893975	Las Agullas Airport	
14502	Q16893840	La Unión Airport	
14503	Q16893869	Lago Brown Airport	
14504	Q16893872	Lago Verde Airport	
14505	Q16893897	Laguna Colorada Airport	
14506	Q16893937	Lampa Lipangui Airport	
14507	Q16894036	Leaf Cay Airport	
14508	Q16893972	Las Bandurrias Airport	
14509	Q16893970	Las Brizas Airport	
14510	Q16894003	Lautaro Airport	
14511	Q35246997	Black Airport	
14512	Q35247003	Black Airport	
14513	Q35247009	Black Creek Pass Airport	
14514	Q35247016	Black Hawk Airport	
14515	Q35247029	Black River Ranch Airport	
14516	Q35247036	Blackhawk Airport	
14517	Q35247043	Blackhawk Airport	
14518	Q35247050	Blackhawk Farms Raceway LLC Airport	
14519	Q35247070	Blackwood Airpark	
14520	Q35247076	Bladen County Hospital Airport	
14521	Q16892744	Ituzaingó Yacireta Airport	
14522	Q16892748	Izozog Airport	
14523	Q16892713	Isla Mocha Airport	
14524	Q16892751	Isla San Felix Airport	
14525	Q16892671	Inglaterra Airport	
14526	Q16892672	Intiraymi Airport	
14527	Q16892708	Irobi Airport	
14528	Q16892710	Isla Apiao Airport	
14529	Q16892711	Isla Butachauques Airport	
14530	Q16892712	Isla Guarello Airport	
14531	Q16892756	Isla Picton Airport	
14532	Q16892750	Isla Quenac Airport	
14533	Q16892752	Isla Santa María Airport	
14534	Q16892754	Isla Talcan Airport	
14535	Q16892755	Isla Tierra del Fuego Airport	
14536	Q16892745	Itaguazurenda Airport	
14537	Q16892747	Ixiamas Airport	
14538	Q16892780	Jáchal Airport	
14539	Q16892691	NAS Shibpur	
14540	Q35248149	Bunsil	BXZ
14541	Q35248221	Buzzards Roost Airport	
14542	Q35248304	Cabool Memorial Airport	
14543	Q35248103	Buffalo Park Balloonport	
14544	Q35248117	Bugtown Airport	
14545	Q35248124	Bull Run Airport	
14546	Q35248131	Buller's Airstrip	
14547	Q35248138	Bullock Airport	
14548	Q35248160	Burhans Memorial Airport	
14549	Q35248170	Burns Lake Seaplane Base	
14550	Q35248177	Burntwood Ranch Airport	
14551	Q35248198	Butch's Strip	
14552	Q35248205	Butler Airpark	
14553	Q35248212	Butler Airport	
14554	Q35248228	Byerley Airport	
14555	Q35248236	C & W Air Park	
14556	Q35248243	C A G Farms Airport	
14557	Q35248251	C E 'Rusty' Williams Airport	
14558	Q35248258	C F C Aviation Ranch Airport	
14559	Q35248265	C Fulcher Ranch Airport	
14560	Q35248271	C Lazy T Ranch Airport	
14561	Q35248283	C. V. Airport	
14562	Q35248291	C.E.F. Airport	
14563	Q35248277	C&R Farm Airport	
14564	Q35248311	Caddo Mills Municipal Airport	
14565	Q35248318	Cady Aerial RLA Airport	
14566	Q35248332	Cage Ranch Airport	
14567	Q35248339	Cagney Airport	
14568	Q35248346	Cahoochie Airport	
14569	Q35248298	Cabaniss Field	NGW
14570	Q20452885	Mossel Bay Airport	MZY
14571	Q20453041	Moyobamba Airport	MBP
14572	Q20452660	Los Chiles Airport	LSL
14573	Q20452703	Isabela Airport	IBB
14574	Q20452815	Morichal Airport	
14575	Q20452704	Dedelow Airport	
14576	Q20452743	Morada Nova De Minas Airport	
14577	Q20453079	Mpika Airport	
14578	Q20453031	Safia	SFU
14579	Q20453058	Alegrete Airport	
14580	Q20452733	Loubetsi Airport	
14581	Q20453172	Ludvika Airport	
14582	Q20453178	Luebo Airport	
14583	Q20452682	Los Perez Airport	
14584	Q20452690	Los Siete Samanes Airport	
14585	Q20453129	Lucena Airport	
14586	Q20452859	Morup Airport	
14587	Q20453067	Mpaka Airport	
14588	Q20452998	Safane Airport	
14589	Q20452928	Sace Airport	
14590	Q20452850	Sabaneta Airport	
14591	Q20452944	Sacramento Airport	
14592	Q20452893	Taieri Airport	
14593	Q34960788	Berkley Airport	
14594	Q34960796	Berkley Brothers Airport	
14595	Q34960817	Berrien County Airport	
14596	Q34960828	Berry Airport	
14597	Q34960836	Berry Airport	
14598	Q34960847	Bertani Ranch Airport	
14599	Q34960868	Berts Airport	
14600	Q34960877	Berwick Airport	
14601	Q34960897	Bethel-Lake Wylie Airport	
14602	Q34960906	Bethesda Airport	
14603	Q34960925	Beula Strip	
14604	Q34960976	Beverly Airport	
14605	Q34960986	Bevill Airport	
14606	Q34960996	Bevoni-Flying B Airport	
14607	Q34961048	BHH Aviation Airport	
14608	Q34961058	Big 'G' Airport	
14609	Q34961067	Big 'T' Airport	
14610	Q34960916	Burton D Olshan Airport	
14611	Q34960946	Busboom Airport	
14612	Q34960956	Busboom RLA Airport	
14613	Q34961016	Bushby RLA Airport	
14614	Q34961028	Bussart Airport	
14615	Q34961037	Busscher Landing Strip	
14616	Q34961078	Buzzport Airport	
14617	Q34961089	C A M P Airport	
14618	Q34961109	C and T Helistop	
14619	Q34961119	C D Maulding Airport	
14620	Q34960857	Lewis Landing Airport	
14621	Q34961007	Lindsey L.S. Airport	
14622	Q35253064	Dresden Airport	
14623	Q35252952	Doyle's Airport	
14624	Q35252960	Doyles Landing Strip	
14625	Q35252968	Dozier Airport	
14626	Q35252976	Dr C P Savage Sr Airport	
14627	Q35252984	Dr Joseph W Esser Airport	
14628	Q35252999	Draggintail Acres Airport	
14629	Q35253008	Dragonfly Airport	
14630	Q35253018	Drake Ranch Airport	
14631	Q35253036	Dream Team Airport	
14632	Q35253045	Dreamland Airport	
14633	Q35253054	Drennan Farm Airport	
14634	Q35253074	Drewery Airport	
14635	Q35253084	Driftwood Ranch Airport	
14636	Q35253094	Dripping Springs Farm Airport	
14637	Q35253104	Dromey Airport	
14638	Q35253114	Drop Zone Blair	
14639	Q35253134	Dry Branch Ranch Airport	
14640	Q35253153	Dry Swamp Airport	
14641	Q35253172	Dryden Airport	
14642	Q35253181	Du Fresne Airport	
14643	Q35253191	Du Pont Instruments Products Airport	
14644	Q35253201	Duane E. Davis Airport	
14645	Q35253210	Dublin Municipal Airport	
14646	Q35253221	Duckcreek Airport	
14647	Q35253229	Duclos RLA Airport	
14648	Q11824286	Bua / Dama	BVF
14649	Q11824284	Bowen Field	
14650	Q11824285	Brus Laguna Airport	BHG
14651	Q11824281	Bovec Airport	
14652	Q35250746	Cozad Municipal Airport	
14653	Q35250564	Cottonwood Airport	
14654	Q35250571	Cottonwood Airport	
14655	Q35250577	Cottonwood Airport	
14656	Q35250654	County Memorial Airport	
14657	Q35250557	Cottonpatch Aerodrome	
14658	Q35250583	Coufal-Warren Airport	
14659	Q35250589	Cougar Landing Airport	
14660	Q35250603	Council Grove Municipal Airport	
14661	Q35250609	Country Air Estates Airport	
14662	Q35250616	Country Bend Airport	
14663	Q35250622	Country Breeze Airport	
14664	Q35250629	Country Club Air Park	
14665	Q35250635	Country Club Airport	
14666	Q35250641	Country Haven Airport	
14667	Q35250648	County Line Landing Strip	
14668	Q35250660	County Poor Farm Airport	
14669	Q35250666	Courtney's Landing Airport	
14670	Q35250673	Couvillion Airport	
14671	Q35250679	Covey Trails Airport	
14672	Q35250685	Covington-Vincent Airport	
14673	Q35250692	Cow Pasture Airport	
14674	Q35250698	Cow Pasture Airport	
14675	Q35250705	Cowgill-Roemer Airport	
14676	Q35250712	Cowpatch Airport	
14677	Q35250719	Cox Airport	
14678	Q35250726	Cox Airport	
14679	Q35250733	Cox Farm Airport	
14680	Q35250740	Coyote Crossing Airport	
14681	Q35249494	Chungribu Airport	CVB
14682	Q35249533	Ciba-Geigy	
14683	Q35249454	Christmas Airport	
14684	Q35249460	Christmas Forest Airport	
14685	Q35249466	Christopher M. Rippee Memorial Airport	
14686	Q35249473	Chuck's Airport	
14687	Q35249480	Chuckster Airport	
14688	Q35249487	Chumuckla 20-20 Airport	
14689	Q35249501	Chupadera Ranch Airport	
14690	Q35249508	Church Point Flyers Airport	
14691	Q35249514	Church's Landing	
14692	Q35249540	Cibolo Creek Ranch Airport	
14693	Q35249545	Cibolo Sea-Willo Airpark	
14694	Q35249552	Cielo Grande Ranch Airport	
14695	Q35249559	Cimarron Strip Airport	
14696	Q35249572	Cinco B Ranch Airport	
14697	Q35249578	Circle 'A' Ranch Airport	
14698	Q35249585	Circle Bar Ranch Airport	
14699	Q35249591	Circle C Ranch Airport	
14700	Q35249598	Circle Eight Ranch Airport	
14701	Q35249604	Circle G Airport	
14702	Q35249611	Circle H Airport	
14703	Q35249617	Circle H Farms Ltd Airport	
14704	Q35249624	Circle M Ranch Airport	
14705	Q35249632	Circle P Airport	
14706	Q35249657	Circle P Ranch Airport	
14707	Q35249664	Circle P Ranch Airport	
14708	Q35249670	Circle R Airport	
14709	Q35249678	Circle R Ranch Airport	
14710	Q35251840	Delta Regional Airport	
14711	Q35251897	Denton Airport	
14712	Q35251760	Del Valle Airport	
14713	Q35251767	Delaware Museum Airport	
14714	Q35251774	Delhi Municipal Airport	
14715	Q35251781	Delk's Airport	
14716	Q35251788	Dell City Municipal Airport	
14717	Q35251796	Delmarvair Airport	
14718	Q35251803	Delray Community Hospital Emergency Helistop	
14719	Q35251810	Delta Airport	
14720	Q35251817	Delta Branch Experimental Station Airport	
14721	Q35251824	Delta Farms Seaplane Base	
14722	Q35248604	Caney Creek Airport	
14723	Q35248618	Cannon Creek Airpark	
14724	Q35248625	Canon Ranch Airport	
14725	Q20450179	Hpapun Airport	PPU
14726	Q34959262	Bigfork Municipal Airport	
14727	Q34959028	Bains Private Airport	
14728	Q34959071	Baker Airstrip	
14729	Q34959114	Baker Landing Strip	
14730	Q34959124	Baker's Place Airport	
14731	Q34959145	Balcer Aero South Airport	
14732	Q34959155	Bald Eagle Pad	
14733	Q34959241	Bamberg County Airport	
14734	Q34959252	Bamberger Ranch Airport	
14735	Q34959294	Baptist Hospital Airport	
14736	Q34959314	Bar 16 Airport	
14737	Q34959326	Bar 3 Ranch Airport	
14738	Q34959335	Bar C Ranch Airport	
14739	Q34959346	Bar P Ranch Airport	
14740	Q34959356	Bar S Ranch Airport	
14741	Q34959367	Bar S Ranch Airport	
14742	Q34959377	Bar V K Airport	
14743	Q34959019	Beyer Airport	
14744	Q34959040	Bickel Airport	
14745	Q34959050	Bickel Stolport	
14746	Q34959060	Bickel's Cow Patch Airport	
14747	Q34959231	Big Sky Airport	
14748	Q34959274	Bil Lo Airport	
14749	Q35247350	Bonham Airport	
14750	Q34959103	Eichler Airport	
14751	Q34959135	Elliott Homestead Landing Strip	
14752	Q34959166	Ely Air Park	
14753	Q34959173	Engineers Airport	
14754	Q34959181	Erb Acres Airport	
14755	Q34959212	F and F Airpark	
14756	Q34959221	Fairbank Farms Airport	
14757	Q34959304	Fort Hill Airport	
14758	Q35247335	Bondair Airport	
14759	Q35247342	Bondsville Landing Strip	
14760	Q35247355	Bonshaven Landing Strip	
14761	Q35247363	Booker Airport	
14762	Q35247370	Boomerang Airport	
14763	Q35247376	Boon/Lovelace Airport	
14764	Q35247383	Boone Inc Airport	
14765	Q35247397	Boonville Airport	
14766	Q35247404	Boonville Municipal Airport	
14767	Q35247411	Bootheel Landing Strip	
14768	Q35247425	Booze Island Airport	
14769	Q35247439	Bordelon Airpark	
14770	Q35247446	Bornemeier Airstrip	
14771	Q35247451	Bost Ranch Airport	
14772	Q35247459	Bottoms Brothers Airport	
14773	Q35247465	Boulder Canyon Airport	
14774	Q35247471	Bowers Airport	
14775	Q35247478	Bowie Municipal Airport	
14776	Q35247485	Bowlin Airport	
14777	Q35247491	Bowstring Airport	
14778	Q35247498	Bowstring Airport	
14779	Q35247505	Boy's Ranch Airport	
14780	Q35247512	Boyd Wheatleys Farm Airport	
14781	Q35247528	Bragg Landing Strip	
14782	Q35247535	Brandley Airport	
14783	Q35247542	Brandt Airport	
14784	Q35247549	Brandt Airport	
14785	Q35247556	Branhams Airport	
14786	Q35247563	Bransom Farm Airport	
14787	Q35247570	Brantley County Airport	
14788	Q20458370	Fazenda Tucunare Airport	AZL
14789	Q20458688	Novo Campo Airport	BCR
14790	Q20458338	Fazenda Santa Rosa Airport	
14791	Q20458385	Fazenda Villa Terezinha Airport	
14792	Q20458778	Semendua Airport	
14793	Q20458534	Norrtalje Airport	
14794	Q20458844	Fernandopolis Airport	
14795	Q20458326	Colíder Airport	
14796	Q20458257	Fazenda Palmeiras Airport	
14797	Q20458275	Fazenda Pedra Branca Airport	
14798	Q20458250	Fazenda Paiaguas Airport	
14799	Q20458227	Fazenda Jatoba Airport	
14800	Q20458392	Fazenda Vista Alegre Ii Airport	
14801	Q20458267	Kamatanda Airport	
14802	Q20458416	Kamisuku Airport	
14803	Q20458393	Nordenbeck Airport	
14804	Q20458699	Novo Horizonte Airport	
14805	Q20458665	Nova Ponte Airport	
14806	Q35261901	Gujrat Airport	GRT
14807	Q35261933	Gulgubip	GLP
14808	Q35249240	Cherry Point	
14809	Q35250920	Crystal Airport	
14810	Q35250927	Crystal Airport	
14811	Q35250856	Crockett	
14812	Q35262210	Hall Airport	
14813	Q35262221	Hall Airport	
14814	Q35250977	Cuba Municipal Airport	
14815	Q35261878	Guidonia	
14816	Q34960435	Beggs Ranch-Aledo Airport	
14817	Q34960454	Bel-Voir Acres Airport	
14818	Q34960464	Belcher Airpatch Airport	
14819	Q34960470	Belcher Airport	
14820	Q34960480	Belcher Airport	
14821	Q34960511	Belfair Airport	
14822	Q34960564	Bell Airport	
14823	Q34960574	Bell Airport	
14824	Q34960584	Bell Ann Plantation Airport	
14825	Q34960606	Bennetts Airport	
14826	Q34960642	Benny White Flying Airport	
14827	Q34960652	Benson Airstrip	
14828	Q34960678	Bent Nail Ranch Airport	
14829	Q34960710	Bent Willies Airport	
14830	Q34960729	Benton Farm Airport	
14831	Q34960749	Berg Park Aerodrome	
14832	Q34960446	Brush Creek Airport	
14833	Q34960596	Brutlag Farms Airport	
14834	Q34960616	Bunch's Half Acre Airport	
14835	Q34960672	Bunn Airport	
14836	Q34960740	Burgess Landing Strip	
14837	Q34960759	Burk Airport	
14838	Q34960769	Burk Personal Use Airport	
14839	Q34960490	Kearny Helistop	
14840	Q34960500	Keech Airport	
14841	Q34960554	Kelch Airport	
14842	Q34960662	Lapeer Flyer Airport	
14843	Q34960699	Laska Airport	
14844	Q34960783	Lazy-W Airport	
14845	Q35249197	Cherokee Municipal Airport	
14846	Q35249204	Cherokee Nation Airport	
14847	Q35249212	Cherokee Ranch Airport	
14848	Q35249218	Cherokee Strip Airport	
14849	Q35249225	Cherokee Strip Airport	
14850	Q35249232	Cherry Hill Airport	
14851	Q35249247	Cherry Spraying Service Airport	
14852	Q35249255	Cheryl-Lane Landings	
14853	Q35249262	Chesapeake Ranch Airport	
14854	Q35249267	Chesson Airport	
14855	Q35250751	Crabbe Airport	
14856	Q35250758	Crafts Airport	
14857	Q35250765	Craig Craft Airport	
14858	Q35250776	Crane County Airport	
14859	Q35250783	Crawford Hendrix Farm Airport	
14860	Q35250791	Crazy Horse Municipal Airport	
14861	Q35250798	Creamer Airpark	
14862	Q35250803	Creech Aviation Facility Airport	
14863	Q35250810	Creekside Air Park	
14864	Q35250835	Crescent C Ranch Airport	
14865	Q35250842	Crews Homestead Ranch Airport	
14866	Q35250849	Crist Airport	
14867	Q35250885	Crop Care Airport	
14868	Q35250905	Croxton Airport	
14869	Q35250911	Crump Airport	
14870	Q35250916	Cruz-Sayreville	
14871	Q35250934	Crystal City Municipal Airport	
14872	Q35250942	Crystal Lake Airpark	
14873	Q35250948	Crystal Village Airport	
14874	Q35250955	Cub Haven Airport	
14875	Q35250962	Cub Haven Airport	
14876	Q35250969	Cuba Farm Airport	
14877	Q35250992	Cuinche Airport	
14878	Q35250999	Culp Airport	
14879	Q35251009	Cumulus Ridge	
14880	Q35251015	Cunningham Airpark	
14881	Q35261911	Gulf Coast Airport	
14882	Q35261922	Gulf of Mexico Seaplane Base	
14883	Q35261954	Gum Creek Airport	
14884	Q35261965	Gum Island Airport	
14885	Q35261974	Gun Barrel City Airpark	
14886	Q35261983	Gundy's Airport	
14887	Q35261994	Gunnels Landing Strip	
14888	Q35262006	Gus Moore Airport	
14889	Q35262016	Gustafson Airport	
14890	Q35262032	Gyro Town USA Airport	
14891	Q35262042	H & F Properties Airport	
14892	Q35262053	H & J Strip	
14893	Q35262065	H M Ranch Airport	
14894	Q35262075	H Young Ranch Airport	
14895	Q35262092	Habetz Airport	
14896	Q35262101	Habetz Landing Strip	
14897	Q35262112	Hacienda de Gay Airstrip Airport	
14898	Q35262122	Hackberry Airport	
14899	Q35262132	Hackberry Ranch Airport	
14900	Q35262145	Hahns Airport	
14901	Q35262156	Hains Airstrip	
14902	Q35262167	Haire Airport	
14903	Q35262177	Hales 700 Airport	
14904	Q35262188	Halifax River Seaplane Base	
14905	Q35262199	Halka Nurseries Airport	
14906	Q35249354	China Straits	SQT
14907	Q35249296	Chicago	
14908	Q35249283	Chester Wyss Airport	
14909	Q35249290	Chevron USA Incorporated Seaplane Base	
14910	Q35249303	Chicago Glider Club Gliderport	
14911	Q35249309	Chickamauga Reservoir Airport	
14912	Q35249316	Chicken Coop Airport	
14913	Q35249324	Chickville Airport	
14914	Q35249340	Chilonzuine Is	
14915	Q35249347	China Grove Airport	
14916	Q35249361	Chinaberry Ranch Airport	
14917	Q35249375	Chinsegut Airport	
14918	Q35249380	Chipola Airpark	
14919	Q35249387	Chippewa Ranch Airport	
14920	Q35249394	Chitimacha Air Park	
14921	Q35249401	Chloe Airport	
14922	Q35249422	Christensen Landing Strip	
14923	Q35249434	Christian Ranch Airport	
14924	Q35249441	Christians Folly Airport	
14925	Q35249447	Christison Airport	
14926	Q35252785	Dorobisoro	DOO
14927	Q35252736	Donald's Air Park Inc	
14928	Q35252745	Doniphan Municipal Airport	
14929	Q35252751	Donnellson Airport	
14930	Q35252759	Dons Flying Service Airport	
14931	Q35252765	Dooley Airport	
14932	Q35252772	Dorei Airport	
14933	Q35252778	Dorflingers Airport	
14934	Q35252792	Dortch Private Strip	
14935	Q35252799	Dos Arroyos Ranch Airport	
14936	Q35252806	Dotson Airport	
14937	Q35252813	Double A Airport	
14938	Q35252826	Double Creek Ranch Airport	
14939	Q35252832	Double D Ranch Airport	
14940	Q35252839	Double H Airport	
14941	Q35252845	Double H Ranch Airport	
14942	Q35252850	Double O Ranch Airport	
14943	Q35252855	Double R Ranch Airport	
14944	Q35252862	Double S Airport	
14945	Q35252868	Double S Ranch Airport	
14946	Q35252879	Double W Airport	
14947	Q35252884	Douglas Airport	
14948	Q35252889	Douglas Flying Service Private Airport	
14949	Q35252895	Douglass Ranch Airport	
14950	Q35252906	Dourif Airport	
14951	Q35252912	Dove Airstrip	
14952	Q35252918	Dover Downs Helistop	
14953	Q35252924	Dowacter Airport	
14954	Q35252931	Downer Airstrip	
14955	Q35252938	Downtown Airpark	
14956	Q35252944	Downwind Acres Airport	
14957	Q35251831	Delta Flying Service Inc	
14958	Q35251862	Dennis Airport	
14959	Q35251879	Dennis Farms Airport	
14960	Q35251885	Dennis Ranch Airport	
14961	Q35251891	Dennis's Flying Farm Airport	
14962	Q35251903	Dentonio Ranch Airport	
14963	Q35251907	Denver City Airport	
14964	Q35251916	Deppe Landing Strip	
14965	Q35251942	Derby Aerodrome	
14966	Q35251949	Dermott Municipal Airport	
14967	Q35251960	Devil's River Ranch Airport	
14968	Q35251967	Devils Garden Strip Airport	
14969	Q35252127	Devine Municipal Airport	
14970	Q35252308	Dew Airpark	
14971	Q35252315	Dew Drop Airport	
14972	Q35252321	Dewey E Greene Airport	
14973	Q35252328	Deweze Airport	
14974	Q35263328	Hawabango	HWA
14975	Q35263480	Hawks Nest Airport	
14976	Q35263274	Havelka Haven Airport	
14977	Q35263285	Haven Airport	
14978	Q35263295	Haven Airport	
14979	Q35263306	Haven Wood Airport	
14980	Q35263318	Haverlah East Farm Airport	
14981	Q35263339	Hawk Air Airport	
14982	Q35263351	Hawk Haven Airport	
14983	Q35263361	Hawk Landing Strip	
14984	Q35263372	Hawk Ranch Airport	
14985	Q35263383	Hawk's Knoll Airport	
14986	Q35263394	Hawken Air One Airport	
14987	Q35263404	Hawker Airport	
14988	Q35263415	Hawkeye Airport	
14989	Q35263426	Hawkins Farms Landing Strip	
14990	Q35263437	Hawkins Landing Strip	
14991	Q35263447	Hawkins Private Airport	
14992	Q35263458	Hawkinsville-Pulaski County Airport	
14993	Q35263469	Hawks Meadow Airport	
14994	Q35263491	Hawks Nest Farm Airport	
14995	Q35263502	Hawley Municipal Airport	
14996	Q35263513	Hawthore-Feather Airpark	
14997	Q35263523	Hawthorn Pines Airport	
14998	Q35263535	Haxton Airport	
14999	Q35263546	Hay Acres Airport	
15000	Q35263558	Hay Shakers Airport	
15001	Q35263569	Hay Springs Municipal Airport	
15002	Q35249805	Claxton-Evans County Airport	
15003	Q35249741	Clark Airport	
15004	Q35249750	Clark Airport	
15005	Q35249757	Clark Airport	
15006	Q35249843	Cleveland Airport	
15007	Q35249850	Cleveland Airport	
15008	Q35249685	Circle R Resort Ranch Airport	
15009	Q35249691	Circle Ranch Airport	
15010	Q35249698	Circle S Farms Airport	
15011	Q35249705	Circle T Airport	
15012	Q35249712	Cisco Municipal Airport	
15013	Q35249718	Citrus Hedging Ranch Airport	
15014	Q35249725	City of Coalgate Airport	
15015	Q35249732	City of Tulia/Swisher County Municipal Airport	
15016	Q35249765	Clark Landing Strip	
15017	Q35249771	Clarke County Airport	
15018	Q35249777	Clarks Dream Strip Airport	
15019	Q35249790	Clarksville Airport	
15020	Q35249797	Classic Airstrip	
15021	Q35249812	Clay Airport	
15022	Q35249818	Clear View Farm Airport	
15023	Q35249825	Clearwater Airpark	
15024	Q35249832	Clements Airport	
15025	Q35249838	Clements Creek Seaplane Base	
15026	Q35249866	Cline Ranch Strip	
15027	Q35249877	Cloud Nine West Airport	
15028	Q35249883	Cloudmont Airpark	
15029	Q35249891	Clover Knoll Airport	
15030	Q35249897	Clover Landing Strip	
15031	Q35249904	Cloverleaf Ranch Airport	
15032	Q35249909	Cloverleaf-East Bemidji Airport	
15033	Q35251140	Dadu Airport	DDU
15034	Q35251147	Daicolo Aibetsu	
15035	Q35251041	Curry Airport	
15036	Q35251047	Curry Airport	
15037	Q35251053	Curry Airport	
15038	Q35251133	Dabo Airport	
15039	Q35251231	Danville Airport	
15040	Q35251244	Darchula Airport	DAP
15041	Q35251068	Curtis Airport	
15042	Q35251168	BHLLC Airport	
15043	Q35251022	Curanda Airport	
15044	Q35251029	Curless Airport	
15045	Q35251036	Currey Farms Airport	
15046	Q35251060	Curt's Place Airport	
15047	Q35251076	Cut and Shoot Airport	
15048	Q35251091	Cypress Creek Airport	
15049	Q35251099	Cypress Lakes Airport	
15050	Q35251106	Cypress River Airport	
15051	Q35251113	D and G Farms Airport	
15052	Q35251119	D'Angelo Airport	
15053	Q35251126	Dabbs Airport	
15054	Q35251153	Dalbom Airport	
15055	Q35251160	Dale Acres Airport	
15056	Q35251176	Dallas Airport	
15057	Q35251189	Dallas South Port Airport	
15058	Q35251203	Dan E Richards Municipal Airport	
15059	Q35251218	Daniel's Landing Airport	
15060	Q35251224	Danville Airpark	
15061	Q35251238	Danz Ranch Airport	
15062	Q35251250	Darden Airport	
15063	Q35251263	Darells Landing	
15064	Q16893219	Kélo Airport	
15065	Q16893646	Koumra Airport	
15066	Q16893771	Kyabé Airport	
15067	Q16893835	La Vertiente Airport (Chile)	
15068	Q16892815	Jame Conrad Airport	
15069	Q16892958	Juan Kemp Airport	
15070	Q16893215	Kaynardzha Airfield	
15071	Q16893832	La Escondida Airport	
15072	Q16893591	Kongoussi Airport	
15073	Q16893773	La Aguada Airport	
15074	Q16892868	Jatata Airport	
15075	Q16892987	Kaga Bandoro Airport	
15076	Q16892957	Josuani Airport	
15077	Q16893218	Kémbé Airport	
15078	Q16893081	Kampong Cham Airport	
15079	Q16893740	Kuurne Heliport	
15080	Q16893827	La Esperanza Airport (Bolivia)	
15081	Q16893837	La Junta Airport	
15082	Q16893830	La Floresta Airport	
15083	Q16893828	La India Airport	
15084	Q16893826	La Quiaca Airport	
15085	Q16893831	La Vertiente Airport (Bolivia)	
15086	Q20449674	Adelaide Airport	
15087	Q20450577	Costa Marques Airport	CQS
15090	Q20450210	Leavesden Airport	
15091	Q20450287	Merriwa Hospital Airport	
15092	Q20450589	Costa Rica Airport	
15093	Q20449725	Reivilo Airport	RVO
15094	Q20449540	Las Trancas Airport	
15095	Q20450371	Messla Airport	
15096	Q35248499	Camilla-Mitchell County Airport	
15097	Q20449485	Larap Airport	
15098	Q20449699	Cipo Airport	
15099	Q20450507	Corixa Airport	
15100	Q20450374	Leganda Airport	
15101	Q20450619	Middelburg Airport	
15102	Q20449718	Reitz Airport	
15103	Q20450239	Riachao Airport	
15104	Q20449639	Sri Guru Ravidas Ji Airport, Adampur	AIP
15105	Q20449789	Adjuntas Airport	
15106	Q35248367	Cairo Airport	CIR
15107	Q20450464	Cooinda Airport	CDA
15108	Q35248360	Cain Airport	
15109	Q35248374	Cairo-Grady County Airport	
15110	Q35248381	Cal Acres Airport	
15111	Q35248395	Calaway Airport	
15112	Q35248419	Caledonia aerodrome	
15113	Q35248440	Cambier Airport	
15114	Q35248454	Camden-Burlington County	
15115	Q35248467	Cameron Airstrip	
15116	Q35248481	Cameron Muni Airpark	
15117	Q35248488	Cameron Ranch Airport	
15118	Q35248493	Cameron's Airport	
15119	Q35248508	Camp Bullis ALS Airport	
15120	Q35248515	Camp Chippewa Airport	
15121	Q35248526	Campbell Municipal Airport	
15122	Q35248540	Campbell Ranch Airport	
15123	Q35248434	Campbell-Pratt Airport	
15124	Q35248548	Campobello Airport	
15125	Q35248554	Canaan Air Base Airport	
15126	Q35248561	Canadian River Ranch Airport	
15127	Q35248566	Canam Airport	
15128	Q35248573	Candelaria Airport	
15129	Q35248580	Candy Lake Estate Airport	
15130	Q35248587	Cane Creek Airport	
15131	Q35248593	Cane-Air Airport	
15132	Q35248598	Caney Airpark	
15133	Q35261858	Guari	GUG
15134	Q35261804	Grumeti River	GTZ
15135	Q35261718	Grojec	
15136	Q35261498	Gregory M Simmons Memorial Airport	
15137	Q35261477	Greg Post Farms Airport	
15138	Q35261487	Greg's Flying Service Airport	
15139	Q35261509	Greig Farm Airport	
15140	Q35261519	Gress Farms Airport	
15141	Q35261529	Grier Airport	
15142	Q35261540	Griffin Ag Airport	
15143	Q35261551	Griffin Airport	
15144	Q35261562	Griffin Airport	
15145	Q35261573	Griffin Airport	
15146	Q35261585	Griffin-Spalding County Airport	
15147	Q35261596	Griffins Peace River Ranch Airport	
15148	Q35261609	Griffith Ranch Airport	
15149	Q35261620	Griffith RLA Airport	
15150	Q35261631	Grignons Private Landing Area	
15151	Q35261642	Grimes Airport	
15152	Q35261653	Grindstone Air Harbor Airport	
15153	Q35261684	Grismore Airport	
15154	Q35261707	Grognet Flying Service Seaplane Base	
15155	Q35261728	Grone Airport	
15156	Q35261739	Gross Airport	
15157	Q35261750	Grosser Airport	
15158	Q35261761	Grove Hill Airport	
15159	Q35261771	Groveton-Trinity County Airport	
15160	Q35261793	Grubbs Airport	
15161	Q35261828	Gruver Municipal Airport	
15162	Q35261839	Gryder-Teague Airport	
15163	Q16895851	Nichols Field (airport)	
15164	Q16896325	Padilla Airport	
15165	Q16896085	Okwa Camp One Airport	
15166	Q16896003	Nuevo Mundo Airport	
15167	Q16896045	Oeren Heliport	
15168	Q16896216	Orchimont Airport	
15169	Q16896258	Osorno Pilauco Airport	
15170	Q16896044	Ocean Cay Airport	
15171	Q16896006	Nyanza-Lac Airport	
15172	Q16896369	Palmira Airport	
15173	Q16896184	Oomberg Airport	
15174	Q16896217	Orodara Airport	
15175	Q16896290	Overboelare Airfield	
15176	Q16896128	Olmué Airport	
15177	Q16896370	Pandamatenga Airport	
15178	Q16896257	Osorno Airport	
15179	Q16896291	Ovalle Airport	
15180	Q16896292	Ovalle Huayanay Airport	
15181	Q16896327	Paine Airport	
15182	Q35252515	Dimmit County Airport	CZT
15183	Q20454891	Malaimbandy Airport	WML
15184	Q35252693	Doini	DOI
15185	Q35252636	Dodoima	DDM
15186	Q35252452	Dickson	
15187	Q35252630	Dodge	
15188	Q20454822	Sao Hill Airport	
15189	Q20455173	Sarir C-4 Airport	
15190	Q20454823	Mvumi Airport	
15191	Q20454845	Mwinilunga Airport	
15192	Q35252535	Dinangat	DNU
15193	Q35252335	Dexter Municipal Airport	
15194	Q20455574	Apt Estadual Arthur Siqueira Airport	
15195	Q20455695	Aracuai Airport	
15196	Q20455720	Aragarcas Airport	
15197	Q20455718	East Four Airport	
15198	Q20454614	Dom Pedrito Airport	
15199	Q20455239	Jask Airport	
15200	Q20455266	Malmesbury Airport	
15201	Q20455596	Mangai Ii Airport	
15202	Q20454876	Malaga, Colombia Airport	
15203	Q20454831	Mwadingusha Airport	
15204	Q20455453	Pinamalayan Airport	
15205	Q20455694	Pirapora Airport	
15206	Q20455682	Pirai Do Sul Airport	
15207	Q20454724	Santo Antonio Do Amparo Airport	
15208	Q20455120	Sargento De Aviacion Nicolo Bo Airport	
15209	Q35252340	Di Stefano Airpark	
15210	Q35252347	Diamond Bar Jones Airport	
15211	Q35252354	Diamond Bluff Airport	
15212	Q35252361	Diamond C Ranch Airport	
15213	Q35252368	Diamond H Ranch Airport	
15214	Q35252374	Diamond J Airport	
15215	Q35252381	Diamond K Ranch Airport	
15216	Q35252388	Diamond N Ranch Airport	
15217	Q35252394	Diamond O Ranch Airport	
15218	Q35252400	Diamond Point Landing Strip	
15219	Q35252406	Diamond R Ranch Airport	
15220	Q35252412	Diamond S Airport	
15221	Q35252418	Diamond Seven Ranch Airport	
15222	Q35252424	Diamondhead Airport	
15223	Q35252431	Diamondhead Landing Strip	
15224	Q35252445	Dick Drosts Naked City Airport	
15225	Q35252459	Dickson Municipal Airport	
15226	Q35252466	Dienst Ranch Airport	
15227	Q35252474	Dighton Airport	
15228	Q35252488	Dikeman Airport	
15229	Q35252494	Dillard Airport	
15230	Q35252501	Dillard Ranch Airport	
15231	Q35252508	Dilley Airpark	
15232	Q35252521	Dimmitt Municipal Airport	
15233	Q35252541	Dirt Dobber's Grass Strip Airport	
15234	Q35252547	Disney Airport	
15235	Q35252554	Disosway Airport	
15236	Q35252562	Dixie Airport	
15237	Q35252569	Dixie Airstrip	
15238	Q35252576	Diyarbakir Northwest	
15239	Q35252583	DJS Airport	
15240	Q35252590	DM Ranch Airport	
15241	Q35252597	Dobie's Airport	
15242	Q35252602	Dobransky Airport	
15243	Q35252606	Doctor Phillips Airport	
15244	Q35252624	Doctors Lake Seaplane Base	
15245	Q35252641	Dodson Brothers Airport	
15246	Q35252647	Doerings Port Airport	
15247	Q35252651	Dog Iron Ranch Airport	
15248	Q35252657	Dog Leg Airport	
15249	Q35252663	Dogwood Acres Airport	
15250	Q35252671	Dogwood Airport	
15251	Q35252677	Dogwood Farm Airport	
15252	Q35252682	Dogwood Farm Airport	
15253	Q35252687	Doher Landing Strip	
15254	Q35252698	Dolansky Landing Strip	
15255	Q35252705	Domeyer Airport	
15256	Q35252712	Don Babin Airport	
15257	Q35252718	Don Kichote Airport	
15258	Q35252724	Donald A. Hamilton Airport	
15259	Q35252730	Donald Alfred Gade Airport	
15260	Q20454877	Sao Miguel Do Araguaia Airport	SQM
15261	Q35246816	Biaru	BRP
15262	Q35246801	Bewani Airport	BWP
15263	Q35246905	Biliau	BIJ
15264	Q35246847	Big Creek Airport	
15265	Q35246920	Bird Nest Airport	
15266	Q35246832	Big Bend Ranch State Park Airport	
15267	Q35246839	Big Brown Creek Airstrip	
15268	Q35246852	Big Creek Flying Ranch Airport	
15269	Q35246857	Big Daddys Airport	
15270	Q35246864	Big Duke's Place Airport	
15271	Q35246871	Big Falls Municipal Airport	
15272	Q35246881	Big River Airpark	
15273	Q35246888	Big Sandy Airpark	
15274	Q35246895	Big Sky Airpark	
15275	Q35246931	Birkey Private Airport	
15276	Q35246936	Birmingham Municipal Airport-North	
15277	Q35246956	Biscayne Seaplane Base	
15278	Q35246963	Bishop's Landing	
15279	Q35246970	Bishop's Landing Airport	
15280	Q35246976	Bishops Airport	
15281	Q35246983	Bivins Airport	
15282	Q35262353	Halltown	
15283	Q35262288	Hall-Miller Municipal Airport	
15284	Q35262515	Hampton Municipal Airport	HPT
15285	Q35262233	Hall Airport	
15286	Q35262244	Hall Airport	
15287	Q35262331	Hallock Municipal Airport	
15288	Q35262255	Hall Farm Airport	
15289	Q35262266	Hall Farms Airport	
15290	Q35262277	Hall-Feld Airport	
15291	Q35262299	Haller Airpark	
15292	Q35262310	Hallettsville Municipal Airport	
15293	Q35262321	Hallmark Airport	
15294	Q35262342	Halls Flying Ranch Airport	
15295	Q35262364	Halm Ranch Airport	
15296	Q35262375	Halstead Airport	
15297	Q35262385	Halverson Landing Strip	
15298	Q35262395	Hamilton Aircraft	
15299	Q35262404	Hamilton Helistop	
15300	Q35262414	Hamilton Landing Strip	
15301	Q35262424	Hamilton Ranch Airport	
15302	Q35262435	Hamlin Municipal Airport	
15303	Q35262445	Hamlow RLA Airport	
15304	Q35262455	Hammars Farm Airport	
15305	Q35262465	Hammer Airport	
15306	Q35262475	Hammet Airport	
15307	Q35262485	Hamp Airport	
15308	Q35262495	Hampton Airport	
15309	Q35262505	Hampton Municipal Airport	
15310	Q35262526	Hampton-Varnville Airport	
15311	Q35262537	Hancock Airport	
15312	Q11824242	Baramita Airport	BMJ
15313	Q11824224	Safi Airport	SFI
15314	Q11824237	Baglung Airport	BGL
15315	Q11824230	Avu Avu Airport	AVU
15316	Q11824227	Atauro aerodrome	AUT
15317	Q11824238	Baillif Airport	BBR
15318	Q11824244	Barentu	
15319	Q11824245	Barat	
15320	Q11824241	Cufar Airport	
15321	Q11824229	Attopeu	AOU
15322	Q11824234	Hpa-An Airport	PAA
15323	Q11824226	El Tor Airport	ELT
15324	Q34961839	Clark Airport	
15325	Q34961787	Blue Sky Airport	
15326	Q34961889	Palmer Airport	
15327	Q34961694	Blue Hollow Airpark	
15328	Q34961731	Blue Mountain Airport	
15329	Q34961741	Blue Ridge Flightpark	
15330	Q34961752	Blue Ridge Skyport Airport	
15331	Q34961779	Blue Skies Airport	
15332	Q34961850	Bluestem Airport	
15333	Q34961879	Blumenstetter Airport	
15334	Q34961938	Bob Lee Flight Strip	
15335	Q34961947	Bob Park Airport	
15336	Q34961958	Bob Paul Airport	
15337	Q34961967	Bobby Jones Flying Service Inc Airport	
15338	Q34961985	Boca Grande Helistop	
15339	Q34961703	Circle T Ranch Airport	
15340	Q34961711	City Federal	
15341	Q34961762	Clair Landing Strip	
15342	Q34961796	Clare County Airport	
15343	Q34961806	Clarence C Johnson Airport	
15344	Q34961817	Clarissa Municipal Airport	
15345	Q34961859	Classic Landings	
15346	Q34961870	Claucherty Airport	
15347	Q34961928	Clayton Lake Strip	
15348	Q34961976	Clearidge Airport	
15349	Q34961993	Clevelands Landing Strip	
15350	Q34962002	Cliff Dow Airport	
15351	Q34961685	One Hundred and Ninetyfive Broadway Corporation	
15352	Q34961720	Onondaga Lake Seaplane Base	
15353	Q34961771	Orange Poultry Farm Airport	
15354	Q34961899	Palmyra Airpark	
15355	Q34961908	Para-Tech Airport	
15356	Q34961918	Paradise Airport	
15357	Q16894163	Linares Airport	ZLR
15358	Q16894300	Los Maitenes de Villa Vieja Airport	
15359	Q16894134	Licantén Airport	
15360	Q16894132	Liernu Airport	
15361	Q16894236	Llifen Calcuruppe Airport	
15362	Q16894112	Léré Airport	LER
15363	Q16894232	Litueche Midango Airport	
15364	Q16894109	Leopoldsdorf im Marchfeld Airport	
15365	Q16894233	Litueche Airport	
15366	Q16894237	Llifen Airport	
15367	Q16894265	Lolco Airport	
15368	Q16894266	Lolol Palo Alto Airport	
15369	Q16894297	Loncopan Airport	
15370	Q16894267	Loncoche Airport	
15371	Q16894302	Longavi Verfrut Sur Airport	
15372	Q16894298	Lonquimay Airport	
15373	Q16894295	Los Guayes Airport	
15374	Q16894296	Los Lirios Airport	
15375	Q16894301	Los Vilos Airport	
15376	Q16894558	Manatee Airport	MZE
15377	Q16894725	Matthew Spain Airport	SQS
15378	Q16894597	Maquinchao Airport	MQD
15379	Q16894411	M'Sila Airport	
15380	Q16894982	Melinda Airport	MDB
15381	Q16894766	Mazaruca Airport	
15382	Q35247238	Boang	BOV
15383	Q35247312	Bolovip	BVP
15384	Q35247283	Boku Airport	BOQ
15385	Q35247175	Blue Sky Airport	
15386	Q35247329	Bomai	BMH
15387	Q35247164	Blue Earth Municipal Airport	
15388	Q35247323	Bolton Airport	
15389	Q35247083	Bladen Lakes Airport	
15390	Q35247089	Bladenboro Airport	
15391	Q35247096	Bland Airport	
15392	Q35247103	Blanket Bay Airport	
15393	Q35247110	Blaser's Airport	
15394	Q35247117	Bleakley Ranch Airport	
15395	Q35247126	Blo Airport	
15396	Q35247133	Block 8 Seaplane Base	
15397	Q35247140	Block Air Village Airport	
15398	Q35247146	Block Ranch Airport	
15399	Q35247182	Blue Springs Airport	
15400	Q35247189	Blueberry Hill Airport	
15401	Q35247196	Bluebird Airpark	
15402	Q35247203	Bluebird Airport	
15403	Q35247210	Bluebird Airport	
15404	Q35247217	Bluebird Airport	
15405	Q35247224	Bluebird Hill Airport	
15406	Q35247231	Bluffton Landing Strip	
15407	Q35247245	Boardman Aerial Airport	
15408	Q35247252	Boatner Landing Strip	
15409	Q35247260	Bob D Bailes Airport	
15410	Q35247276	Bokeelia Helistop	
15411	Q35247290	Bolivar Memorial Airport	
15412	Q35247299	Bollenbach Landing Strip	
15413	Q35247305	Bollinger-Crass Memorial Airport	
15414	Q35263263	Havana Regional Airport	
15415	Q35254052	Kayutah Lake Airport	
15416	Q20453194	Itacoatiara Airport	ITA
15417	Q16895280	Molina Alupenhue Airport	
15418	Q16895315	Monteagudo Airport	MHW
15419	Q16895496	Mulatupo Airport	MPP
15420	Q16895493	Poco a Poco Airport	
15421	Q16895542	Municipal de Vitacura Airport	
15422	Q16895275	Molco Airport	
15423	Q16895236	Mizque Airport	
15424	Q16895278	Molina La Cascada Airport	
15425	Q16895279	Molina Viña San Pedro Airport	
15426	Q16895314	Monte Quemado Airport	
15427	Q16895316	Monte Verde Airport	
15428	Q16895595	Nadis Airport	
15429	Q16895846	Nieve Airport	
15430	Q16894651	Marchigüe Paredes Viejas Airport	
15431	Q16894473	Maillen Airfield	
15432	Q16894653	Marcel Marchant Airport	
15433	Q16894985	Melinka Airport	
15434	Q16894304	Los Cedros Airport	
15435	Q16894303	Los Tricahues Airport	
15436	Q16894559	Malloco Airport	
15437	Q16894598	Manuripi Airport	
15438	Q16894649	Marchigüe Airport	
15439	Q16894643	Marcos Juárez Airport	
15440	Q16894654	Marco Davison Bascur Airport	
15441	Q16894652	María Elena Airport	
15442	Q16894646	Marimenuco Airfield	
15443	Q16895081	Mid-Way Regional Airport	
15444	Q16895075	Meseta Cosmelli Airport	
15445	Q16895193	Misnal Airport	
15446	Q20453301	Mucuri Airport	MVS
15447	Q20453230	Itapetinga Airport	QIT
15448	Q20453785	Samangoky Airport	TDV
15449	Q20453350	Talhar Airport	BDN
15450	Q20453268	Descalvados Airport	
15451	Q20453454	Lusanga Airport	LUS
15452	Q35253928	Early County Airport	
15453	Q35262790	Harlan Municipal Airport	
15454	Q35253982	Eastland Municipal Airport	ETN
15455	Q20453547	Lydenburg Airport	
15456	Q20453185	Itabuna Airport	
15457	Q35253858	Eagles Nest Airport	
15458	Q35253820	Eagles Landing Airport	
15459	Q35253831	Eagles Landing Airport	
15460	Q20453565	Lytton Airport	
15461	Q20453223	Itapessoca Airport	
15462	Q20453636	Jaboticabal Airport	
15463	Q16895791	New Providence Airport	PID
15464	Q16895273	Moïssala Airport	
15465	Q16895449	Mount Olive Municipal Airport	
15466	Q16895604	Muskeget Island Airport	
15467	Q16895594	N'Gouri Airport	
15468	Q16895675	Naramay East Airport	
15469	Q20453272	Falköping/Ålleberg Airport	
15470	Q20453236	Itapeva Airport	
15471	Q20453309	Ituverava Airport	
15472	Q20453327	Ivanhoe Airport	
15473	Q20453381	Mufulira Airport	
15474	Q20453545	Saldanha-Vredenburg Airport	
15475	Q35253771	Eagle's Landing Airport	
15476	Q35253780	Eagle's Nest Estates Airport	
15477	Q35253790	Eaglehead Ranch Airport	
15478	Q35253800	Eagles Aerodrome	
15479	Q35253810	Eagles Lair Airport	
15480	Q35253840	Eagles Nest Aerodrome	
15481	Q35253849	Eagles Nest Aerodrome	
15482	Q35253877	Eagles Nest-Fairview Airpark	
15483	Q35253887	Eagles Point and Red Barn Village Airpark	
15484	Q35253896	Eagles Ridge Airport	
15485	Q35253905	Eagles Roost Airport	
15486	Q35253916	Earle Airpark	
15487	Q35253938	East Arcade Airport	
15488	Q35253950	East Kansas City Airport	
15489	Q35253960	East Lake Seaplane Base	
15490	Q35253971	East Side Airport	
15491	Q35253993	Eastover Air Ranch Airport	
15492	Q35254003	Eaton Acres Landing Strip	
15493	Q35254014	Ebeneezer Airport	
15494	Q35254024	Eberly Ranch Airport	
15495	Q35254034	Echo Lake Airport	
15496	Q35254044	Ed Schulte's Place Airport	
15497	Q35254055	Ed Shadle Airport	
15498	Q35254065	Eden Ranch Airport	
15499	Q35262548	Hancock Airport	
15500	Q35262559	Handkins Landing Strip	
15501	Q35262570	Handleman Sky Ranch Airport	
15502	Q35262580	Hankins Airport	
15503	Q35262591	Hanks Hangar Airport	
15504	Q35262602	Hanley Landing Strip	
15505	Q35262612	Hannah Airport	
15506	Q35262623	Hannen Airport	
15507	Q35262635	Hanson Landing Strip	
15508	Q35262647	Happy Bottom Airport	
15509	Q35262658	Happy Landings Farm Airport	
15510	Q35262669	Haps Airport	
15511	Q35262692	Harbour Airport	
15512	Q35262703	Harden Airstrip	
15513	Q35262714	Hardesty Landing Strip	
15514	Q35262725	Hardin Airport	
15515	Q35262738	Harding Brothers RLA Airport	
15516	Q35262748	Hardrives Delta Number Three Helistop	
15517	Q35262769	Harford Ranch Airport	
15518	Q35262781	Hargrove Airport	
15519	Q35262801	Harless Airport	
15520	Q35262813	Harman Airport	
15521	Q35262824	Harman Airport	
15522	Q35262835	Harmony Valley Airport	
15523	Q35262846	Harms Airstrip	
15524	Q35262857	Harold Emmerich Airport	
15525	Q35262868	Harold Freeman Farm Airport	
15526	Q35262879	Harold K. Wells Airport	
15527	Q35262890	Harp Airport	
15528	Q35262901	Harper Municipal Airport	
15529	Q35263252	Havana Airport	
15530	Q20459606	Potchefstroom Airport	PCF
15531	Q20460330	Oudtshoorn airport	OUH
15532	Q20459151	Nyunzu Airport	
15533	Q20459777	Prata Airport	
15534	Q20459724	Furatena Airport	
15535	Q20458868	Baiao Airport	
15536	Q20459376	Fort Beaufort Airport	
15537	Q20459384	Forte Coimbra Airport	
15538	Q20459391	Forte Principe Da Beira Airport	
15539	Q20459733	Furnas Airport	
15540	Q20459808	G 505 Airport	
15541	Q20459136	Nyimba Airport	
15542	Q20460202	Oshwe Airport	
15543	Q20459787	Ōpōtiki Aerodrome	
15544	Q20459583	Olimpia Airport	
15545	Q20460128	Oritupano Airport	
15546	Q20459565	Postmasburg Airport	
15547	Q20459674	Powidz Airport	
15548	Q20459424	Porrentruy Airport	
15549	Q20459195	Ponggaluku Airport	
15550	Q20459477	Port Radium Airport	
15551	Q20459792	Bamyili Airstrip	
15552	Q35248636	Cape Orford	CPI
15553	Q35248649	Cape Vogel Airport	CVL
15554	Q35248713	Carmi Municipal Airport	
15555	Q35248665	Cardinals Nest Airport	
15556	Q35248671	Carey Airport	
15557	Q35248677	Caribou Airport	
15558	Q35248683	Carl's Airport	
15559	Q35248690	Carls Airport	
15560	Q35248696	Carlson Ag Airport	
15561	Q35248702	Carlson RLA Airport	
15562	Q35248708	Carlyle Airpark	
15563	Q35248720	Carner Landing Strip	
15564	Q35248729	Carr Airport	
15565	Q35248735	Carriage Lane Airport	
15566	Q35248741	Carrillon Airport	
15567	Q35248749	Carroll's Airpark	
15568	Q35248757	Carson Landing Strip	
15569	Q35248772	Caruthersville Memorial Airport	
15570	Q35248802	Cawker City Airport	
15571	Q35248809	Cayton Pony Express Airport	
15572	Q35248819	Cedar Creek Air Ranch Airport	
15573	Q35248826	Cedar Creek Airport	
15574	Q35248832	Cedar Creek Landing Strip	
15575	Q35248838	Cedar Creek Ranch Airport	
15576	Q35248844	Cedar Farm Airport	
15577	Q35248851	Cedar Glade Aerodrome	
15578	Q35248858	Cedar Knoll Flying Ranch Airport	
15579	Q35248866	Cedar Lane Airport	
15580	Q35248873	Cedar Mills Airport	
15581	Q35248879	Cedar Rapids Municipal Airport	
15582	Q35248886	Cedar Ridge Airport	
15583	Q35265284	Hilltop Airport	
15584	Q35265110	Hiland Airport	
15585	Q35265120	Hilbert Airport	
15586	Q35265131	Hilbert's Funny Farm Airport	
15587	Q35265142	Hildreth Air Park	
15588	Q35265151	Hill City-Quadna Mountain Airport	
15589	Q35265161	Hill Landing Strip	
15590	Q35265171	Hill Top Airpark	
15591	Q35265182	Hill Top Airport	
15592	Q35265193	Hill Top Private Airport	
15593	Q35265204	Hillcrest Airport	
15594	Q35265216	Hillenbrand Industries Airport	
15595	Q35265227	Hillenburg Airport	
15596	Q35265238	Hillman Airport	
15597	Q35265249	Hillman Airport	
15598	Q35265260	Hills Ranch Airport	
15599	Q35255150	Estherville Municipal Airport	EST
15600	Q35278023	Marshalltown Municipal Airport	MIW
15601	Q35278045	Martin Airport	
15602	Q35255274	Evans Airport	
15603	Q35278167	Marysville Municipal Airport	
15604	Q35278177	Mason Airport	
15605	Q35255475	Fairview Airport	
15606	Q35255486	Fairview Airport	
15607	Q35255497	Fairview Airport	
15608	Q35258176	Forest Hill Airport	
15609	Q35258188	Forest Hill Airport	
15610	Q35278343	Matthews Airport	
15611	Q35255183	Etheredge Plantation Airport	
15612	Q35255193	Etowah Bend Gliderport	
15613	Q35255204	Eu-Wish Airport	
15614	Q35255214	Eufaula Municipal Airport	
15615	Q35255223	Eugene's Dream Airport	
15616	Q35255232	Eunice Airport	
15617	Q35255243	Eupora Airport	
15618	Q35255253	Evan Airport	
15619	Q35255264	Evans Aerodrome	
15620	Q35255285	Evans Properties Inc Airport	
15621	Q35255296	Eveleigh Farms Airport	
15622	Q35255307	Everidge Airport	
15623	Q35255319	Everitt Airport	
15624	Q35255330	Ewing Airport	
15625	Q35255341	Excelsior Springs Memorial Airport	
15626	Q35255364	Ezell Airport	
15627	Q35255387	F L Braughton Airport	
15628	Q35255398	F M Stout Memorial Airport	
15629	Q35255409	F R Duke Farm Airport	
15630	Q35248900	Cedarville Airport	
15631	Q16899699	San Javier Airport (Bolivia)	SJV
15632	Q35248893	Cedar Ridge Airport	
15633	Q35248906	Cen-Tex Landing Strip	
15634	Q35248913	Center Municipal Airport	
15635	Q35248920	Centerville Airstrip	
15636	Q35248933	Central Farmers Coop Airport	
15637	Q35248940	Central Industries Airport	
15638	Q35248946	Central Park Helistop	
15639	Q35248971	Chacon Creek Ranch Airport	
15640	Q35248977	Chain Lakes Airpark	
15641	Q35248989	Chain-O-Lakes Airport	
15642	Q35249005	Chambers Airport	
15643	Q35249017	Chan-C Airport	
15644	Q35249023	Chanay Airport	
15645	Q35249029	Chandelle Airport	
15646	Q35249042	Chandler Personal Use Airport	
15647	Q35249049	Chaney Landing Strip	
15648	Q35249056	Chaney San Francisco Ranch Airport	
15649	Q35249088	Charles R Johnson Airport	
15650	Q35249096	Charlie Wilkes Airport	
15651	Q35249117	Chatham Landing Strip	
15652	Q35249123	Chatsworth RLA Airport	
15653	Q35249145	Cheechako Airport	
15654	Q35249151	Cheever Airport	
15655	Q35254398	El Paisano Airport	
15656	Q35254408	El Porvenir Airpark	
15657	Q35254427	El Reno Airport	
15658	Q35254446	El-Co Airport	
15659	Q35254476	Elbow Lake Municipal - Pride of the Prairie Airport	
15660	Q35254485	Elder Airstrip	
15661	Q35254514	Elgin Intracontinental Airport	
15662	Q35254535	Elk County Airport	
15663	Q35254556	Ellinwood Municipal Airport	
15664	Q35254567	Ellis Airport	
15665	Q35254577	Ellis/Harvey Airport	
15666	Q35254588	Ellsworth Municipal Airport	
15667	Q35254598	Elm Creek Airpark	
15668	Q35254607	Elm Creek Farms Airport	
15669	Q35254617	Elmdale Airpark	
15670	Q35254628	Elsanor Airport	
15671	Q35254674	Embry Ranch Airport	
15672	Q35254686	Emerald Bay Airport	
15673	Q35254696	Emerald Mountain Airport	
15674	Q35254707	Emerick Airport	
15675	Q35254718	Emerson Airport	
15676	Q35254728	Emery Airport	
15677	Q35254739	Emery Landing Strip	
15678	Q35254751	Eminence Landing Strip	
15679	Q35254462	Harrison Skyranch	
15680	Q20458072	Nomad River airport	NOM
15681	Q16899694	San Martín Airport	
15682	Q16899671	San Fernando Airport (Chile)	
15683	Q16899696	San Juan Airport (Bolivia)	
15684	Q16899668	San Carlos Airport, Mendoza	
15685	Q35249191	Cherokee Municipal Airport	
15686	Q35249165	Chem-Fleur Helistop	
15687	Q35249172	Cheneyville Landing Strip	
15688	Q35249185	Cherokee Airpark	
15689	Q35255419	F.W. Zaloudek Airport	
15690	Q35255430	Fabens Airport	
15691	Q35255451	Fair's Airport	
15692	Q35258013	Flying-A-Ranch Airport	
15693	Q35258024	Flying-H Airport	
15694	Q35258035	Flynn Airport	
15695	Q35258056	Foard County Airport	
15696	Q35258067	Foertsch Airport	
15697	Q35258078	Foghorn Farms Airport	
15698	Q35258089	Foley Airport	
15699	Q35258101	Folkerts Airport	
15700	Q35258112	Follett/Lipscomb County Airport	
15701	Q35258124	Folsom Airport	
15702	Q35258133	Folsom Airport	
15703	Q35258144	Foltz Farm Airport	
15704	Q35258164	Foote Airport	
15705	Q35258199	Forest Home Airport	
15706	Q35258210	Forest Strip Airport	
15707	Q35258221	Fort Atkinson Plantation Airpark	
15708	Q35258232	Fort Chaffee Landing Strip	
15709	Q35258243	Fort Clark Springs Airport	
15710	Q35258290	Fossil Creek Ranch Airport	
15711	Q35258301	Foster Ranch Airport	
15712	Q35258312	Fountain Airport	
15713	Q35258323	Fountainhead Lodge Airpark	
15714	Q35258333	Four Mile Creek Ranch Airport	
15715	Q35258341	Four Square Ranch Airport	
15716	Q35258351	Fowler Airport	
15717	Q35258362	Fowler Airport	
15718	Q35258373	Fox Airport	
15719	Q35258384	Fox Airport	
15720	Q35265649	Holenthawall Airport	
15721	Q35265660	"Holict ""Private"" Airport"	
15722	Q35265671	Holiday Isle Seaplane Base	
15723	Q35265681	Hollandale Municipal Airport	
15724	Q35265691	Holley Landing Strip	
15725	Q35265703	Holley Mountain Airpark	
15726	Q35265714	Hollingsworth Airport	
15727	Q35265724	Hollis Municipal Airport	
15728	Q35265735	Holly Farm Airport	
15729	Q35265746	Holly Grove Municipal Airport	
15730	Q35278034	Martens Airport	
15731	Q35278056	Martin Farms Airport	
15732	Q35278068	Martin Landing Strip	
15733	Q35278079	Martin RLA Airport	
15734	Q35278091	Martins Airport	
15735	Q35278102	Martins Airport	
15736	Q35278112	Marty Ranch Airport	
15737	Q35278134	Marvin D Bradd Airport	
15738	Q35278145	Marx V Stott Airport	
15739	Q35278156	Mary's Place Airport	
15740	Q35278211	Massa Cinquale Airport	
15741	Q35278222	Massengill Airport	
15742	Q35278243	Massingale Airport	
15743	Q35278254	Mathews Airport	
15744	Q35278265	Mathews Landing Strip	
15745	Q35278276	Mathews Memorial Airport	
15746	Q35278287	Mathis Airport	
15747	Q35278298	Mathis Airport	
15748	Q35278310	Matinicus Island Airport	
15749	Q35278321	Mattawan Airpark	
15750	Q35278332	Matteson RLA Airport	
15751	Q35278354	Matthews Ranch Airport	
15752	Q35278365	Matzie Airport	
15753	Q35278387	Maulfair Airport	
15754	Q35278409	Maumelle Balloonport	
15755	Q35278419	Maurice Dauwe Farm Airport	
15756	Q35278430	Maurice Sugden Flying Service Strip	
15757	Q35258279	Fort Polk	POE
15758	Q20464562	Wonkén Airstrip	
15759	Q20464581	Soure Airport	SFK
15760	Q20463661	Tuxpan Airport	WIX
15761	Q20464428	Somerset East Airport	
15762	Q20464448	Bocono Airport	
15763	Q20463839	Uchiza Airport	UCZ
15764	Q20463429	Katrineholm Airport	
15765	Q20463552	Kawambwa Airport	
15766	Q20463772	Caratinga Airport	
15767	Q20463631	Bethal Airport	
15768	Q20463626	Betare-Oya Airport	
15769	Q20464057	Binga Airport	
15770	Q20464327	Bjorkvik Airbase	
15771	Q20463810	Siquijor Airport	
15772	Q20464434	Somersveld Airport	
15773	Q20464328	Soga Airport	
15774	Q20463653	Tutuka Power Station Airport	
15775	Q20463888	Uitenhage Airport	
15776	Q20463847	Udairi Landing Zone	
15777	Q20463612	Turmalina Airport	
15778	Q35278505	May Airport	
15779	Q20463749	Uaua Airport	
15780	Q20463590	Kawito Airport	KWO
15781	Q20463680	Bhagatanwala Airport	BHW
15782	Q35278656	Maţār Dukhān al Qadīm	
15783	Q35278441	Mavencamp Airport	
15784	Q35278451	Max Airport	
15785	Q35278461	Maxairpark Airport	
15786	Q35278483	Maxwell Airport	
15787	Q35278494	Maxwell Airport	
15788	Q35278516	May Ranch Airport	
15789	Q35278537	May's Strip Airport	
15790	Q35278548	Maybee Airport	
15791	Q35278559	Mayberry Run Airport	
15792	Q35278569	Mayer Airport	
15793	Q35278579	Mayer Airport	
15794	Q35278590	Mayer Landing Strip	
15795	Q35278601	Mayes Homestead Airport	
15796	Q35278611	Mayhall Airport	
15797	Q35278623	Mayhew Ranch Nr 1 Airport	
15798	Q35278634	Mays Aviation Airport	
15799	Q35278645	Mays Island Helistop	
15800	Q35278666	Mb Ranch Airport	
15801	Q35278677	Mc Alister Farm Airport	
15802	Q35278686	Mc Bride's Airport	
15803	Q35278696	Mc Cartney Airport	
15804	Q35278719	Mc Christy Airport	
15805	Q35278730	Mc Cormick County Airport	
15806	Q35278741	Mc Coy Airport	
15807	Q35278752	Mc Crays Airport	
15808	Q35278763	Mc Creless Farm Airport	
15809	Q35278780	Mc Crory/Morton Airport	
15810	Q35278791	Mc Culley Airport	
15811	Q35278802	Mc Curdy Strip	
15812	Q35265757	Holly Hill Airport	
15813	Q35265768	Holly Lake Ranch Airport	
15814	Q35265779	Holly Ridge/Topsail Island Airport	
15815	Q35265791	Holly Springs Farm Airport	
15816	Q35265813	Holmes Airport	
15817	Q35265824	Holmgreen Ranch Airport	
15818	Q35265836	Holt Airpark	
15819	Q35265847	Holt Landing Strip	
15820	Q35265858	Holyrood Municipal Airport	
15821	Q35265870	Holzfaster's Airport	
15822	Q35265881	Holzwarth Flying Service	
15823	Q35265893	Home Acres Sky Ranch Airport	
15824	Q35265903	Home Free Airport	
15825	Q35265914	Home Landing Strip	
15826	Q35265924	Homer Municipal Airport	
15827	Q35265935	Homer Ranch Airport	
15828	Q35265945	Homestead Airport	
15829	Q35265956	Homestead Farms Airport	
15830	Q35265967	Hominy Municipal Airport	
15831	Q35291248	Putty Ranch Airport	
15832	Q35291259	Putz Aero Incorporated Airport	
15833	Q35291281	Pyramid Ranch Airport	
15834	Q35291304	Quad-City Seaplane Base	
15835	Q35291325	Quahadi Ranch Airport	
15836	Q35291346	Quanah Municipal Airport	
15837	Q35291355	Quarantine Bay Seaplane Base	
15838	Q35291366	Quarterway Airport	
15839	Q35291376	Quast Airport	
15840	Q35291387	Quatro Ranch Airport	
15841	Q35291398	Queen City Municipal Airport	
15842	Q35291419	Quick Airport	
15843	Q35291429	Quiet Acres Airport	
15844	Q16899635	Salar de Atacama Airport	
15845	Q16899666	Samaipata Florida Airport	
15846	Q16899661	San Antonio de Areco Airport	
15847	Q16899662	San Carlos Gutierrez Airport	
15848	Q16899665	San Francisco Naciff Airport	
15849	Q16899700	San Lorenzo Airport	
15850	Q16899709	San Miguel de Gaser Airport	
15851	Q16899708	San Miguel South Airport	
15852	Q16899707	San Pedro del Rio Blanco Airport	
15853	Q16899706	San Pedro Salvatierra Airport	
15854	Q16899701	San Ramón Airport	SRD
15855	Q16899697	San Joaquín Airport	SJB
15856	Q16899704	San Matías Airport	MQK
15857	Q16899663	San Ignacio de Moxos Airport	SNM
15858	Q35254640	Elton Hensley Memorial Airport	
15859	Q35249072	Chariton Municipal Airport	
15860	Q35254524	Eliptamin	EPT
15861	Q35249103	Charlotte	
15862	Q20458143	Fazenda Dos Castanhais Airport	
15863	Q20457284	Eunapolis Airport	
15864	Q35254456	Elberton	
15865	Q35249035	Chandler Airport	
15866	Q20458141	Taungoo Airport	
15867	Q20457511	Kagerod Airport	
15868	Q20458089	Fazenda Conforto Airport	
15869	Q20457556	Fagerhult Airport	
15870	Q20457537	Taouima Airport	
15871	Q35248958	Centreville	
15872	Q20457815	Nilo Pecanha Airport	
15873	Q20458024	Fazenda Agrocentro Airport	
15874	Q20458070	Fazenda Cana Brava Airport	
15875	Q35254504	Eldorado Airport	
15876	Q20457230	Estima Airport	
15877	Q20458062	Fazenda Campo Grande Airport	
15878	Q20458031	Fazenda Agua Preta Airport	
15879	Q20458118	Fazenda De Cambuhy Airport	
15880	Q20458098	Fazenda Congonhas Airport	
15881	Q20458083	Fazenda Cedro Airport	
15882	Q20458160	Fazenda Fortaleza De Santa Terezinha Airport	
15883	Q20458154	Fazenda Floresta Negra Airport	
15884	Q20458052	Kalomo Airport	
15885	Q20457677	Kaklıç Air Base	
15886	Q20457608	Ngumu Airport	
15887	Q20457256	Newcastle Westpac Base Airport	
15888	Q20458133	Taumarunui Aerodrome	
15889	Q16899711	San Gerónimo Airport	
15890	Q16899713	San Javier Las Mercedes Airport	
15891	Q16899715	San Javier Loncomilla Airport	
15892	Q16899714	San Javier Santa María de Migre Airport	
15893	Q16899718	San Pablo Airport, Chile	
15894	Q16899723	San Vicente de Tagua Tagua Airport	
15895	Q16899724	San Vicente de Tagua Tagua Peralillo Airport	
15896	Q16899710	San Vicente Airport, Bolivia	
15897	Q16899759	Santa Cruz Airport, Chile	
15898	Q16899751	Santa Ana de Huachi Airport	
15899	Q16899749	Santa Catalina Airport	
15900	Q16899758	Santa Teresa del Almendral Airport	
15901	Q16899754	Santa Rosa del Sara Airport	
15902	Q16899756	Santa Teresita Airport, Bolivia	
15903	Q16899722	San Sebastián Airport	
15904	Q16899752	Santa Rosa Airport	SRB
15905	Q16899720	San Pedro Verfrut Airport	
15906	Q16899746	Santa Fé Airport	
15907	Q16899757	Santa Lucía Airport	
15908	Q16899753	Santiago Airport (Bolivia)	
15909	Q16899750	Santa Rita Airport	
15910	Q16899716	San Nicolás Santa Eugena Airport	
15911	Q35255687	Faribault Municipal Airport	FBL
15912	Q35255753	Farmington Regional Airport	FAM
15913	Q35255507	Fairview Farms Airport	
15914	Q35255516	Fairview Municipal Airport	
15915	Q35255526	Fairway Farm Airport	
15916	Q35255537	Faith Ranch Airport	
15917	Q35255557	Falcon Ridge Airpark	
15918	Q35255567	Falcon State Park Airport	
15919	Q35255577	Falcons Aerie Airport	
15920	Q35255599	Fall Creek Air Ranch Airport	
15921	Q35255610	Fall Creek Ranch Airport	
15922	Q35255621	Falls Landing Airport	
15923	Q35255643	Famuliner Farms Airport	
15924	Q35255676	Fargo Airport	
15925	Q35255698	Farm Aerial Service Incorporated Airport	
15926	Q35255709	Farm Air Service Airport	
15927	Q35255720	Farm Air Service Airport	
15928	Q35255731	Farm Services Inc Airport	
15929	Q35255742	Farm Strip Airport	
15930	Q35255764	Farnsworths Air Strip	
15931	Q35255775	Farrar Airport	
15932	Q35255786	Farrington Airport	
15933	Q35255797	Farris Strip	
15934	Q35255809	Fawn Lake Airport	
15935	Q35255820	Fay Ranch Airport	
15936	Q35255831	Fayette Airport	
15937	Q35255843	Fayetteville VAH Airport	
15938	Q35255855	FBM Company Landing Strip	
15939	Q35255866	Fedor Airport	
15940	Q35263230	Hatzfeldthaven	HAZ
15941	Q35262986	Harrison Airport	
15942	Q35262996	Harrison Airport	
15943	Q35263075	Hart Airport	
15944	Q35263085	Hart Airport	
15945	Q35262942	Harris Airport	
15946	Q35262953	Harris Airport	
15947	Q35262963	Harris Airport	
15948	Q35262912	Harper's Fly-In Ranch Airport	
15949	Q35262923	Harpers Airport	
15950	Q35262933	Harrahs Landing Seaplane Base	
15951	Q35262975	Harris Methodist Southwest Helistop	
15952	Q35263007	Harrison Farm Airport	
15953	Q35263019	Harrison Piloncillo Ranch Airport	
15954	Q35263030	Harrison Private Airport	
15955	Q35263042	Harrod Airport	
15956	Q35263053	Harry S Truman Regional Airport	
15957	Q35263064	Hart Aerial Airport	
15958	Q35263097	Hartland Airport	
15959	Q35263107	Hartness Airport	
15960	Q35263120	Harvey Airport	
15961	Q35263132	Harvey Point Defense Testing Activity Airport	
15962	Q35263154	Haskell Airport	
15963	Q35263165	Haskell Municipal Airport	
15964	Q35263186	Hasselbring Airport	
15965	Q35263197	Hasting Airpark	
15966	Q35263208	Hattan Farms Airport	
15967	Q35263219	Hatton Ranch Airport	
15968	Q35263241	Hausmann Airport	
15969	Q35278977	Mc Gregor Executive Airport	
15970	Q35278824	Mc Daniel Ranch Inc. Airport	
15971	Q35278835	Mc David Ranch Airport	
15972	Q35278846	Mc Donald Airport	
15973	Q35278857	Mc Donald Ranch Airport	
15974	Q35278868	Mc Donnell Airport	
15975	Q35278879	Mc Entire Airport	
15976	Q35278890	Mc Entire's Lazy V Ranch Airport	
15977	Q35278902	Mc Gehee Air Park	
15978	Q35278913	Mc Gehee Municipal Airport	
15979	Q35278922	Mc Gill Airport	
15980	Q35278933	Mc Ginley Airport	
15981	Q35278944	Mc Ginn Ranch Airport	
15982	Q35278955	Mc Ginnis Airport	
15983	Q35278966	Mc Gregor	
15984	Q35278988	Mc Intosh Airport	
15985	Q35278999	Mc Kay Airport	
15986	Q35279010	Mc Kay Airport	
15987	Q35279022	Mc Keon Aviation Airport	
15988	Q35279033	Mc Kinnon Airpark	
15989	Q35279044	Mc Lain - Calico Airport	
15990	Q35279055	Mc Laughlin Farm Airport	
15991	Q35279066	Mc Lean/Gray County Airport	
15992	Q35279076	Mc Leansboro Airport	
15993	Q35279087	Mc Lendon Airport	
15994	Q35279098	Mc Millan Ranch Airport	
15995	Q35278813	McCurtain County Regional Airport	
15996	Q16898874	Puerto Murta Airport	
15997	Q16898870	Puerto Varas East Airport	
15998	Q16898868	Puerto Sanchez Airport	
15999	Q16898969	Qarnayn Airport	
16000	Q16898873	Punta Baja Airport	
16001	Q16898910	Puyehue La Capilla Airport	
16002	Q16899110	Rancho Alegre Airport	
16003	Q16899149	Rapelhuapi Airport	
16004	Q16899187	Refugio Airport	
16005	Q16899222	Resistencia Aeroclub	
16006	Q16899237	Retiro Las Alpacas Airport	
16007	Q16899236	Retiro El Almendro Airport	
16008	Q16899226	Retiro Airport	
16009	Q16899032	Queensville (Rollick Airpark) Aerodrome	
16010	Q16899233	Retiro Copihue Airport	
16011	Q16890955	El Tuqui Airport	OVL
16012	Q16890913	El Dorado Airport, Argentina	ELO
16013	Q16890961	El Tigre Airport	ELX
16014	Q16890951	El Remate Airport	
16015	Q16891053	Entrada Baker Airport	
16016	Q16890950	El Porvenir Sur Airport (Bolivia)	
16017	Q16890914	El Manso Airport	
16018	Q16890915	El Manzano Airport	
16019	Q16891095	Escuela de Aviación Militar Airport	
16020	Q16891000	Elsenborn-Butgenbach Air Base	
16021	Q16890917	El Alba/La Lumbrera Airport	
16022	Q16890912	El Amarillo Airport	
16023	Q16890923	El Budi Airport	
16024	Q16890921	El Huachi Airport	
16025	Q16890956	El Principal Airport	
16026	Q16890953	El Tapihue Airport	
16027	Q16890949	El Salvador Airport (Bolivia)	
16028	Q16890948	El Triunfo Airport	
16029	Q16891083	Engengele Airport	
16030	Q16891054	Entrada Meyer Airport	
16031	Q16891096	Espino Airport	
16032	Q35254794	Emo	EMO
16033	Q35255056	Erume	ERU
16034	Q35254783	Emmetsburg Municipal Airport	
16035	Q35254836	Engati	EGA
16036	Q35249915	Clum Airport	
16037	Q35249925	Cobb Farm Airport	
16038	Q35249932	Coberly Airport	
16039	Q35249938	Cochran Airport	
16040	Q35249945	Cochran Airport	
16041	Q35249952	Cochran County Airport	
16042	Q35249959	Cochran Ranch Airport	
16043	Q35249966	Cockrum Airport	
16044	Q35249973	Cockwell Airport	
16045	Q35249979	Codding Cattle Research Airport	
16046	Q35249986	Cody Port RLA Airport	
16047	Q35249993	Coffeyville Memorial Hospital Airport	
16048	Q35249999	Coffman Airport	
16049	Q35250006	Col Dyke Field	
16050	Q35250012	Coldwater Airport	
16051	Q35250019	Coldwater Ranch Airport	
16052	Q35250025	Cole Airport	
16053	Q35250032	Cole Farm Airport	
16054	Q35250039	Cole Landing Area Airport	
16055	Q35250046	Cole Landing Strip	
16056	Q35250051	Cole Landing Strip	
16057	Q35250058	Cole Memorial Airport	
16058	Q35250065	Coleman Cattle Company Nr 1 Airport	
16059	Q35250073	Coles Seaplane Base	
16060	Q35250078	Coller Airstrip	
16061	Q35250084	Collier Airpark	
16062	Q35250089	Collier Farms Airport	
16063	Q35250094	Collier Flying Service Landing Strip	
16064	Q35250107	Collier/Pine Barren Airpark	
16065	Q35250113	Collins Airstrip	
16066	Q35250118	Collins Jaycee Airport	
16067	Q35250130	Collison Airport	
16068	Q35250143	Colonel Smith Memorial Airport	
16069	Q35254762	Emmanuel Airport	
16070	Q35254773	Emmerson Airport	
16071	Q35254805	Emory Carlton Airport	
16072	Q35254816	En Gedi Ranch Airport	
16073	Q35254846	Enix Boys Airport	
16074	Q35254856	Ennis Aerodrome	
16075	Q35254866	Ennis Municipal Airport	
16076	Q35254877	Enoch Airport	
16077	Q35254886	Enochville Airport	
16078	Q35254897	Ensminger Airport	
16079	Q35254908	Entropy Airport	
16080	Q35254950	Epley Airport	
16081	Q35254960	Epps Airpark	
16082	Q35254971	Era Helicopters Fourchon Helibase	
16083	Q35254992	Erdahl Landing Strip	
16084	Q35255001	Erickson Airport	
16085	Q35255023	Erlen Airport	
16086	Q35255045	Erroport Airport	
16087	Q35255066	Erwin, Harnett County Airport	
16088	Q35255097	Escape Ranch Airport	
16089	Q35255108	Esplund Farm Airport	
16090	Q35255128	Estates Airpark	
16091	Q35255139	Estherbrook Aerodrome	
16092	Q35255034	Errol Airport	ERR
16093	Q20463246	Kasenga Airport	KEC
16094	Q20456367	Ji-Parana Airport	JPR
16095	Q20462652	Kapanga Airport	KAP
16096	Q20456884	Masi-Manimba Airport	MSM
16097	Q20463334	Tumeremo Airport	TMO
16098	Q20456316	El Tanque Airport	FON
16099	Q20456269	El Manteco Airport	
16100	Q20456314	Jervois Airport	
16101	Q20462765	Guasipati Airport	
16102	Q34962117	Cook Municipal Airport	
16103	Q20456645	Marmul, OONR Airport	
16104	Q20456371	Asab Airport	
16105	Q20463338	Katale Airport	
16106	Q34962096	Rapport	
16107	Q20462685	Guanhaes Airport	
16108	Q20456221	El Dorado, Venezuela Airport	EOR
16109	Q20462970	Sidetra Airport	
16110	Q34962231	Bradley Airport	
16111	Q16899238	Retiro Los Maitenes Airport	
16112	Q16898872	Punta Arenas Sandra Scabini Airport	
16113	Q16898867	Puerto Saavedra Airport	
16114	Q16899232	Rengo Airport	
16115	Q16899239	Retiro San Andrés Airport	
16116	Q16898911	Puyehue Lican Airport	
16117	Q20457162	Esplanada Airport	
16118	Q35250237	Compton Airport	
16119	Q20462742	Beaufort West Airport	
16120	Q20463359	Benoni Airport	
16121	Q20462785	Bebedouro Airport	
16122	Q20456459	Elmsett Airfield	
16123	Q20456361	Elefsina Air Base	
16124	Q20456934	Epitalion Airport	
16125	Q20456287	El Palmar Airport	
16126	Q20456692	Encontrados Airport	
16127	Q20462573	Gryttjom Airport	
16128	Q20456454	Mariel Airport	
16129	Q20456276	Marcos Airport	
16130	Q20456542	Mario Madero Jaramillo Airport	
16131	Q20456304	Nansio Airport	
16132	Q20456666	Nauen Airport	
16133	Q20457139	Netheravon Army Airport	
16134	Q20462822	Paraguacu Paulista Airport	
16135	Q20462816	Paraguacu Airport	
16136	Q20463118	Tswalu Game Reserve Airport	
16137	Q20463055	Tshibala Airport	
16138	Q20463061	Tshikaji Airport	
16139	Q34962033	Bodine Airport	
16140	Q34962053	Boe-Wrinkle Airport	
16141	Q34962063	Boening Brothers Airport	
16142	Q34962106	Bowling Green Municipal Airport	
16143	Q34962127	Bowmans Beach Helistop	
16144	Q34962159	Boyd Airport	
16145	Q34962180	Boyd's Hawks Creek Airport	
16146	Q34962191	BR Ranch Airport	
16147	Q34962023	Clifford D Foster Airport	
16148	Q34962043	Cliffords Airport	
16149	Q34962085	Cloud Nine East Airport	
16150	Q34962137	Cooks Landing Airport	
16151	Q34962242	Cooper Airport	
16152	Q34962012	Peck Airport	
16153	Q34962075	Pendleton Airpark	
16154	Q34962148	Raylene Airport	
16155	Q34962201	Reiss Game Farm Airport	
16156	Q34962212	Remsen City Airport	
16157	Q34962222	Rensselaer County Airport	
16158	Q35250148	Colonial Acres Airport	
16159	Q35250154	Colonial Air Park Airport	
16160	Q35250160	Colony Park Airport	
16161	Q35250165	Colorado City Airport	
16162	Q35250171	Columbia-Marion County Airport	
16163	Q35250176	Comanche Caves Ranch Airport	
16164	Q35250181	Comanche County Airport	
16165	Q35250187	Comanche Landing Airport	
16166	Q35250193	Comanche Ranch Airport	
16167	Q35250199	Comanche Ridge Ranch Airport	
16168	Q35250205	Comet Landing Strip	
16169	Q35250209	Comfort Airpark	
16170	Q35250214	Commerce Municipal Airport	
16171	Q35250219	Community Hospital Airport	
16172	Q35250225	Compass Rose Airport	
16173	Q35250248	Concordia Parish Airport	
16174	Q35250260	Condray Airport	
16175	Q35250266	Cone Airport	
16176	Q35250271	Congoleum Helistop	
16177	Q35250276	Conlen Airport	
16178	Q35250282	Connell's Wahoo Airport	
16179	Q35250288	Connie's Aviation Airport	
16180	Q35250295	Conowingo Airport	
16181	Q35250301	Continental Ranch Airport	
16182	Q35264934	High Grove Airport	
16183	Q35264945	High Lonesome Airport	
16184	Q35264956	High Man Tower Airstrip	
16185	Q35264967	High Meadow Farms Airport	
16186	Q35264977	High Point Airport	
16187	Q35264988	High Time Farm Helistop	
16188	Q35265001	High Valley Airpark	
16189	Q35265012	High Valley Airport	
16190	Q35265023	Highcrest Air Park	
16191	Q35265034	Highland Farm Airport	
16192	Q35265045	Highland-Winet Airport	
16193	Q35265056	Highlander Airport	
16194	Q35265078	Highlands Seaplane Base	
16195	Q35265089	Hightower Areo Plantation Airport	
16196	Q35265100	Hilakos Airport	
16197	Q20456849	Necocli Airport	NCI
16198	Q20463146	Belmonte Airport	BVM
16199	Q35291204	Pumani	PMN
16200	Q35290972	Propst Airport	
16201	Q35290813	Presque Isle County Airport	
16202	Q35257384	Flying J Ranch Airport	
16203	Q35257395	Flying J Ranch Airport	
16204	Q35257404	Flying J Ranch Airport	
16205	Q35257503	Flying M Ranch Airport	
16206	Q35257525	Flying M Ranch Airport	
16207	Q35257536	Flying M Ranch Airport	
16208	Q35290962	Progreso Airport	
16209	Q35291032	Providence Airport	
16210	Q35257470	Flying M Airport	
16211	Q35257481	Flying M Airport	
16212	Q35257329	Flying Harness Farms Airport	
16213	Q35257340	Flying Heart Ranch Airport	
16214	Q35257351	Flying I Ranch Airport	
16215	Q35257361	Flying J Airport	
16216	Q35257372	Flying J Airport	
16217	Q35290521	Powis Airport	
16218	Q35290532	Pownal Airport	
16219	Q35290542	Pownell Landing Strip	
16220	Q35290554	Poyner Airport	
16221	Q35290596	Prade Ranch Airport	
16222	Q35290606	Prague Municipal Airport	
16223	Q35290617	Prairie Airport	
16224	Q35290628	Prairie City Airport	
16225	Q35290638	Prairie City-Krohn Airport	
16226	Q35290647	Prairie Cottage Airport	
16227	Q35290658	Prairie Creek Airport	
16228	Q35290668	Prairie Creek Ranch Airport	
16229	Q35264273	Hep Cats Airport	
16230	Q35264284	Hepler Airport	
16231	Q35264295	Hepp Airport	
16232	Q35264305	Herbert C. Maas Airport	
16233	Q35264316	Herbert Ranch Airport	
16234	Q35264327	Herberts Farm Airport	
16235	Q35264340	Hercules Parlin	
16236	Q35264356	Herd Ranch Airport	
16237	Q35264377	Heritage Creek Airstrip	
16238	Q35264386	Heritage Landing Strip	
16239	Q35264394	Herman Municipal Airport	
16240	Q35264404	Hermann Municipal Airport	
16241	Q35264414	Hermon Farm Airport	
16242	Q35264425	Herold Airport	
16243	Q35264436	Herr Brothers Airport	
16244	Q35264447	Herr Mountain Airport	
16245	Q35264455	Herradura Lodge Airport	
16246	Q35264486	Hess Strip Airport	
16247	Q35264497	Hess-McKeown Airport	
16248	Q35258744	Ott's Landing Airport	
16249	Q16900194	Sindhudurg Airport	SDW
16250	Q16900199	Sint-Lucas Hospital Heliport	
16251	Q16899762	Santa Rosa de Tabali Airport	
16252	Q16901253	Tasu Water Aerodrome	YTU
16253	Q16900023	Shape Pad Heliport	
16254	Q16900867	Sullivan Regional Airport	
16255	Q16899901	Séguénéga Airport	
16256	Q16899764	Santiago Cerro Galan Airport	
16257	Q16899765	Santiago Chicureo Airport	
16258	Q16900163	Siberia Airport	
16259	Q35253665	Eagle Grove Municipal Airport	
16260	Q35253616	Eagle Air Park	BZT
16261	Q35253492	Dyer's Landing Airport	
16262	Q35253501	Dyersville Area Airport	
16263	Q35253510	Dykstra Acreage Airport	
16264	Q35253517	Dysinger Airport	
16265	Q35253525	E A A Chapter 453 Airport	
16266	Q35253533	E A I Landing Strip	
16267	Q35253542	E E Lane Airport	
16268	Q35253551	E W Cotton Woods Memorial Airport	
16269	Q35253560	E-3 Tank Battery Seaplane Base	
16270	Q35253568	E-5 Tank Battery Seaplane Base	
16271	Q35253577	E-8 Tank Battery Seaplane Base	
16272	Q35253586	E-Z Acres Airport	
16273	Q35253596	Eads Ridge Airport	
16274	Q35253606	Eagle Air Airport	
16275	Q35253626	Eagle Airport	
16276	Q35253636	Eagle Creek Airport	
16277	Q35253646	Eagle Crest Estates Airport	
16278	Q35253656	Eagle Crest-Hudson Airport	
16279	Q35253683	Eagle Landing Airport	
16280	Q35253693	Eagle Lodge Airport	
16281	Q35253703	Eagle Neck Airport	
16282	Q35253713	Eagle Nest Airport	
16283	Q35253732	Eagle Ridge Airport	
16284	Q35253743	Eagle Ridge Airport	
16285	Q35253752	Eagle Rock Ranch Airport	
16286	Q35253762	Eagle's Landing	
16287	Q35253673	Eagle Lake Airport	ELA
16288	Q35261159	Green Acres Airport	
16289	Q35261170	Green Acres Airport	
16290	Q35261181	Green Acres Airport	
16291	Q35261192	Green Acres Airport	
16292	Q35277002	Madison County Airport	
16293	Q35260689	Gostyn	
16294	Q35258547	Fred Netterville Lumber Company Airport	
16295	Q35258558	Frederick Landing Strip	
16296	Q35258569	Fredonia Airport	
16297	Q35258581	Freedom Municipal Airport	
16298	Q35258592	Freedom Springs Ranch Airport	
16299	Q35258603	Freedom Strip	
16300	Q35258625	Freeman Landing Strip	
16301	Q35258636	Freeman Landing Strip	
16302	Q35258647	Freeman Ranch Airport	
16303	Q35258658	Freeport/Dornink Airport	
16304	Q35258668	Freier Airport	
16305	Q35258679	Frels Airport	
16306	Q35258689	Frerer Strip	
16307	Q35258700	Frerichs Airport	
16308	Q35258711	Frevert Airstrip	
16309	Q35258722	Fricke Airport	
16310	Q35258733	Friedrich Airport	
16311	Q35260339	Gold Hill Airport	
16312	Q35260349	Golden Harvest Flying Service Inc	
16313	Q35260360	Golden Pond Airport	
16314	Q35260371	Goldmine Plantation Landing Strip	
16315	Q35260382	Goldthwaite Municipal Airport	
16316	Q35260414	Good Hill Farm Airport	
16317	Q35260425	Good Life Ranch Airport	
16318	Q35260436	Good Neighbor Farm Airport	
16319	Q35260445	Goodall Ranch Airport	
16320	Q35260456	Goode Airport	
16321	Q35260467	Goodenough Airport	
16322	Q35260477	Gooding Airport	
16323	Q35260488	Goodnight's Airport	
16324	Q35260499	Goodpasture Airstrip	
16325	Q35260510	Goose Creek Airport	
16326	Q35260525	Goose Island Airport	
16327	Q35260636	Gorden E Bellah International Airport	
16328	Q35260646	Gordin Airport	
16329	Q35256501	Florida Federal Office Building Helistop	
16330	Q35256522	Florida Power Corporation General Headquaters Helistop	
16331	Q35256532	Florida Sheriffs Boys Ranch Airport	
16332	Q35256544	Flory Airport	
16333	Q35256555	Flower Mound Airport	
16334	Q35256566	Flowers Ranch Airport	
16335	Q35256577	Flowood Industrial Airport	
16336	Q35256588	Floyd Ranch Airport	
16337	Q35256624	"Fly ""N"" K Airport"	
16338	Q35256630	Fly 1 On Airport	
16339	Q35256651	Fly in Ranches Airport	
16340	Q35256662	Fly'n R Ranch Airport	
16341	Q35265326	Hilltop Lakes Airport	
16342	Q35265337	Hilltop Landing Strip	
16343	Q35265348	Hilltop Ranch Airport	
16344	Q35265359	Hindman Airport	
16345	Q35265370	Hines Airport	
16346	Q35265391	Hinson Airport	
16347	Q35265402	Hinton Municipal Airport	
16348	Q35265413	Hirok Airport	
16349	Q35265423	Hiserts Airpark Inc	
16350	Q35265434	Hitch Feeders II Inc. Airport	
16351	Q35265444	Hitex Private Airport	
16352	Q35265477	Hobby Hill Airport	
16353	Q35265488	Hobson Airport	
16354	Q35265512	Hodges Airpark	
16355	Q35265524	Hodges Cherry Mound Airport	
16356	Q35265535	Hodges Farm Airport	
16357	Q35265546	Hoelting Airport	
16358	Q35265561	Hog Air Aviation Inc	
16359	Q35265584	Hogjowl Airport	
16360	Q35265595	Hogue Airport	
16361	Q35265606	Hogue Farm Airport	
16362	Q35265617	Hohman Airport	
16363	Q35265628	Holcombs Flying Service Incorporated Airport	
16364	Q35265640	Holdenville Municipal Airport	
16365	Q16899634	Salamanca Los Pelmabres Airport	
16366	Q16899325	Río Negro Airport	
16367	Q16899479	Rucamanqui Airport	
16368	Q16899407	Rosal Airport	
16369	Q16899411	Romeral San Miguel Airport	
16370	Q16901412	Teno Airport	
16371	Q16901651	Tiboy Airport	
16372	Q16901650	Tiguipa Airport	
16373	Q16901726	Tirúa Airport	
16374	Q16901834	Tongoy Airport	
16375	Q16901860	Torca Airport	
16376	Q16901956	Tres Cruces Airport	
16377	Q16901752	Titusville Airport	
16378	Q16901652	Tic Toc Airport	
16379	Q16901932	Traiguén Quino La Colmena Airport	
16380	Q16901467	Thakurgaon STOLport	TKR
16381	Q16901900	Torreón Airport	
16382	Q16901933	Traiguén Airport	
16383	Q35281011	Minj Airport	MZN
16384	Q35280739	Miller Airport	
16385	Q35280750	Miller Airstrip	
16386	Q35280760	Miller and Sons Farm Supply Airport	
16387	Q35280769	Miller Brothers Airport	
16388	Q35280780	Miller Farm Airport	
16389	Q35280791	Miller Farm Airport	
16390	Q35280800	Miller Landing Strip	
16391	Q35280809	Miller Landing Strip	
16392	Q35280819	Miller Landing Strip	
16393	Q35280830	Miller Ranch Airport	
16394	Q35280840	Miller Strip Airport	
16395	Q35280850	Miller-Herrold Airport	
16396	Q35280860	Miller/Maple Park Farm Airport	
16397	Q35280870	Millers Flying Service Airport	
16398	Q35280884	Mills Ranch Airport	
16399	Q35280891	Millstream Airpark	
16400	Q35280900	Milton Airport	
16401	Q35280933	Minard Pegasus Airport	
16402	Q35280946	Minarik Airport	
16403	Q35280957	Minch Airport	
16404	Q35280967	Minder Airport	
16405	Q35280978	Mineola/Quitman, Wood County Airport	
16406	Q35281000	Minikey Airport	
16407	Q35281023	Minneapolis City County Airport	
16408	Q35281033	Minnow Creek Airport	
16409	Q35281044	Mint Julep Airpark	
16410	Q35281084	Mishler Landing Strip	
16411	Q35281091	Mission Mountain Airport	
16412	Q35281098	Missouri Valley Airport	
16413	Q35267718	Iowa Falls Municipal Airport	IFA
16414	Q35267821	Isedor Iverson Airport	
16415	Q35267849	Island Beach	
16416	Q35267840	Island Airport	
16417	Q35267918	Istrana	
16418	Q35267675	Interstate Landing Strip	
16419	Q35267685	Intervale Airport	
16420	Q35267696	Ioder Landing Strip	
16421	Q35267707	Iosco County Airport	
16422	Q35267728	Ira's Airstrip	
16423	Q35267738	Iraan Municipal Airport	
16424	Q35267749	Irion Airport	
16425	Q35267761	Irish Hills Farms Airport	
16426	Q35267772	Iron County Airport	
16427	Q35267781	Iron Mountain Ranch Airport	
16428	Q35267791	Irons Airport	
16429	Q20456192	El Carmen, Ecuador Airport	
16430	Q20456158	Maragrosa Airport	
16431	Q20456100	Pocoes Airport	
16432	Q20461663	Sertania Airport	
16433	Q35256061	Ferrara	
16434	Q20455777	East Three Airport	
16435	Q20461612	Palo Arco Airport	
16436	Q20455759	East Seven Airport	
16437	Q20460410	Oxy 103 A Airport	
16438	Q35257245	Flying H Airport	
16439	Q35255951	Fenner Ranch Airport	
16440	Q20455780	Arbra Airport	
16441	Q20456113	Arnot Power Station Airport	
16442	Q20461145	Bangamba Airport	
16443	Q20455743	East One Airport	
16444	Q20455767	East Six Airport	
16445	Q20456134	Eksharad Airport	
16446	Q20460526	Gariep Dam Airport	
16447	Q20461532	Gifvlei Airport	
16448	Q20460406	Garca Airport	
16449	Q20461672	Geraldo Alvino Covre Airfield	
16450	Q20456049	Jequitinhonha Airport	
16451	Q20460366	Ouro Fino Airport	
16452	Q20460491	Pacasmayo Airport	
16453	Q20461584	Palmeiras Airport	
16454	Q20461588	Palmeiras Do Javari Airport	
16455	Q20461149	Pump Station 10 Airport	
16456	Q20461415	Qaleh Morghi Airport	
16457	Q20455844	Schweizer Reneke Airport	
16458	Q20460504	Serenje Airport	
16459	Q20461693	Sesc Pantanal Airport	
16460	Q20461657	Serro Airport	
16461	Q20460505	Termas Pousada Do Rio Quente Airport	
16462	Q20460627	Teruel Ipanema Estancia Airport	
16463	Q35257263	Flying H Ranch Airport	
16464	Q35257274	Flying H Ranch Airport	
16465	Q35257285	Flying H Ranch Airport	
16466	Q35257296	Flying H Ranch Airport	
16467	Q35253238	Ducote Airpark	
16468	Q35255877	Fehmel Dusting Service Airport	
16469	Q35255886	Fehringer Aerodrome	
16470	Q35255897	Feist Landing Strip	
16471	Q35255908	Felix Airport	
16472	Q35255918	Fellsmere Airport	
16473	Q35255929	Fendley Airport	
16474	Q35255940	Fenner Airport	
16475	Q35255973	Fenske Airport	
16476	Q35255984	Fentress Airpark	
16477	Q35256006	Ferebee Landing Strip	
16478	Q35256017	Ferguson Airport	
16479	Q35256028	Ferguson Farms Airport	
16480	Q35256039	Ferguson Seaplane Base	
16481	Q35256050	Fergusons Flying Circus Airport	
16482	Q35256072	Ferrell Ranch Airport	
16483	Q35256083	Ferris Airport	
16484	Q35256094	Ferros Ranch-Aero	
16485	Q35256128	Fico Farms Airport	
16486	Q35256139	Fiddleair Airport	
16487	Q35256182	Finger Lakes Regional Airport	
16488	Q35256193	Finlayson Farm Airport	
16489	Q35256203	Finley Farm Airport	
16490	Q35256213	Finley Ranch Airport	
16491	Q35256224	Finney Company Feedyard Incorporated Airport	
16492	Q35256235	Finney's Airpark	
16493	Q35256257	First Colony Farms Airport	
16494	Q35256268	Fischer's RLA Airport	
16495	Q35256986	Flying C Ranch Airport	
16496	Q35256997	Flying C Ranch Airport	
16497	Q35257008	Flying Cap Valley Airport	
16498	Q35257019	Flying Cow Air Ranch	
16499	Q35257031	Flying d Airport	
16500	Q35257042	Flying D Airport	
16501	Q35257051	Flying D Airport	
16502	Q35257062	Flying D Ranch Airport	
16503	Q35257073	Flying Dutchman Ranch Airport	
16504	Q35257084	Flying E Ranch Airport	
16505	Q35257094	Flying Eagle Estates Airport	
16506	Q35257105	Flying Eagle Ranch Airport	
16507	Q35257117	Flying F Airport	
16508	Q35257128	Flying F Airport	
16509	Q35257139	Flying F Ranch Airport	
16510	Q35257153	Flying G Airport	
16511	Q35257164	Flying G Airport	
16512	Q35257175	Flying G Airport	
16513	Q35257187	Flying G H Ranch Airport	
16514	Q35257199	Flying G Ranch Airport	
16515	Q35257211	Flying G Ranch Airport	
16516	Q35257220	Flying G Ranch Airport	
16517	Q35257232	Flying G Ranch Stolport	
16518	Q35257254	Flying H Farm Airport	
16519	Q35257307	Flying H Ranch Inc Airport	
16520	Q35257318	Flying Hare Airport	
16521	Q35279208	McClellan Airport	
16522	Q35279219	McCormick Airport	
16523	Q35279241	McCoy Airport	
16524	Q35279252	McDaniel Aviation Airport	
16525	Q35279263	McDonald Landing Strip	
16526	Q35279274	McDowell-Schmid Airport	
16527	Q35279286	McFarland Hereford Farm Landing Strip	
16528	Q35279297	McFarlin Ranch Airport	
16529	Q35279308	McGinnis Airport	
16530	Q35279318	McGinnis Landing Strip	
16531	Q35279329	McGraw's Backyard Airport	
16532	Q35279339	McHenry Farms Airport	
16533	Q35279352	McIntosh Airport	
16534	Q35279363	McKee Airport	
16535	Q35279399	McKee Sky Ranch Airport	
16536	Q35279410	McKeown Airport	
16537	Q35279421	McKey Airport	
16538	Q35279431	McKinley Ranch Airport	
16539	Q35279441	McKinney Ranch Airport	
16540	Q35279451	McKipley Airport	
16541	Q35279462	McLamb Airport	
16542	Q35291640	Rabb Dusting Inc Airport	
16543	Q35291660	Rabbit Lane Airport	
16544	Q35291670	Rabbit Run Airport	
16545	Q35291684	Raceway Airport	
16546	Q35291692	Rachal Airport	
16547	Q35291702	Radcliffe Landing Strip	
16548	Q35291712	Radloff's Cedar View Farms Airport	
16549	Q35291734	Radzyn	
16550	Q35291745	Raeford Rhyne Airpark	
16551	Q35291756	Raether Airport	
16552	Q35291767	Rafter J Airport	
16553	Q35291778	Rafter P Airport	
16554	Q35291789	Ragged Island Airport	
16555	Q35291810	Ragsdale Road Airport	
16556	Q35291819	Ragtime Aerodrome	
16557	Q35291830	Ragwing Acres Airport	
16558	Q35291875	Rainbow's End Airport	
16559	Q35291885	Rainelle Airport	
16560	Q35291894	Raines Lumber Airport	
16561	Q35291916	Raju Airport	
16562	Q35291927	Rak Airport	
16563	Q35291960	Raleigh East Airport	
16564	Q35291982	Ralph E. Daniels Airport	
16565	Q35292004	Ralph Jacobs Airport	
16566	Q35292015	Ralphs Seaplane Base	
16567	Q35291905	Rajbiraj Airport	RJB
16568	Q16899761	Santa Cruz El Boldal Airport	
16569	Q16899763	Santiago Pudahuel Airport	
16570	Q16899797	Santo Domingo Airfield (Chile)	
16571	Q16899863	Schwaz Heliport	
16572	Q16899904	Segundo Corral Airfield	
16573	Q16900233	Sipuati Airport	
16574	Q16901198	Taquipirenda Airport	
16575	Q16901408	Teoponte Airport	
16576	Q35258913	Fuma	FUM
16577	Q35259106	Gaines County Airport	
16578	Q35264367	Hereford Municipal Airport	
16579	Q35258869	Fukuyama	
16580	Q35264465	Hess Airport	
16581	Q35264476	Hess Airport	
16582	Q16900962	Swan Island Municipal Airport	
16583	Q16901093	Taleh Airport	
16584	Q16901251	Tari West Airport	
16585	Q16901354	Tchagen Airport	
16586	Q16900200	Silver Creek Airport	SVK
16587	Q35258809	Frontier Airport	
16588	Q35264199	Henry County Hospital Airport	
16589	Q35258753	Friesenborg & Larson Airport	
16590	Q35258764	Frings Airport	
16591	Q35258775	Frisbie Landing Strip	
16592	Q35258786	Frog Wells Airport	
16593	Q35258798	Frontenac Airport	
16594	Q35258820	Frost Airport	
16595	Q35258831	Frost Flying Inc Airport	
16596	Q35258858	Fuhr Flying Service Airport	
16597	Q35258880	Fuller Airport	
16598	Q35258891	Fuller Airport	
16599	Q35258902	Fulton Seaplane Base	
16600	Q35258936	Fundarosa Airport	
16601	Q35258946	Funfsinn Airport	
16602	Q35258957	Furst Landing Strip	
16603	Q35258967	Furtney Airport	
16604	Q35258978	Fussy Airport	
16605	Q35259001	G & S Space Port Airport	
16606	Q35259011	G. Bray Airport	
16607	Q35259021	GAA Private Airport	
16608	Q35259033	Gable Branch Airport	
16609	Q35259055	Gadabout Gaddis Airport	
16610	Q35259066	Gaffney Airport	
16611	Q35259076	Gage Airport	
16612	Q35259087	Gail Ballard Airport	
16613	Q35259117	Gaines Valley Aviation Airport	
16614	Q35264187	Henrietta Airport	
16615	Q35264210	Henryetta Municipal Airport	
16616	Q35264219	Hensgens Strip	
16617	Q35264228	Hensley Airpark	
16618	Q35264239	Hensley Ranch Airport	
16619	Q35264250	Henson Farm Airport	
16620	Q35264261	Henson Farms Airport	
16621	Q35257415	Flying J Ranch Landing Strip	
16622	Q35257426	Flying K Airport	
16623	Q35257437	Flying K Airport	
16624	Q35257448	Flying L Airpark	
16625	Q35257459	Flying L Airport	
16626	Q35257492	Flying M Farms Airport	
16627	Q35257558	Flying N Estates Airport	
16628	Q35257569	Flying N Ranch Airport	
16629	Q35257579	Flying ND Ranch Airport	
16630	Q35257589	Flying O Airport	
16631	Q35257600	Flying O Airport	
16632	Q35257608	Flying Oaks Airport	
16633	Q35257614	Flying Palomino Ranch Airport	
16634	Q35257625	Flying R N Airport	
16635	Q35257635	Flying R Ranch Airport	
16636	Q35257646	Flying R Ranch Airport	
16637	Q35257656	Flying Ridge Airstrip	
16638	Q35257667	Flying S Air Ranch Airport	
16639	Q35290791	Prentiss-Jefferson Davis County Airport	
16640	Q35290824	Pribyl Ranch Landing Strip	
16641	Q35290833	Price Airport	
16642	Q35290844	Price Landing Strip	
16643	Q35290855	Price Landing Strip	
16644	Q35290867	Price's Airport	
16645	Q35290878	Prichard Airstrip	
16646	Q35290889	Priddy Airport	
16647	Q35290899	Primghar Airport	
16648	Q35290907	Prince Airport	
16649	Q35290918	Priour Ranch Airport	
16650	Q35290929	Prison Canyon Ranch Airport	
16651	Q35290982	Propwash Airport	
16652	Q35290993	Propwash Airport	
16653	Q35291003	Protection Municipal Airport	
16654	Q35291016	Providence Airpark	
16655	Q35291054	Pruss Airport	
16656	Q35291078	PSE and G Trenton Distribution Helistop	
16657	Q35291088	PT Enterprise D&W Ranch Airport	
16658	Q35291132	Puerto Leda Airport	
16659	Q35291153	Puesta Del Sol Airport	
16660	Q35291174	Pulaski Airport	
16661	Q35291185	Pulley Airport	
16662	Q35291194	Pulliam Airport	
16663	Q35291216	Pungo District Hospital Airport	
16664	Q35291227	Purolator Helistop	
16665	Q35291619	Rabaraba	RBP
16666	Q35291451	Quinter Air Strip Airport	
16667	Q35291461	Quinton Landing Strip	
16668	Q35291483	Quitman Brooks County Airport	
16669	Q35291494	R & R Aero Airport	
16670	Q35291505	R & S Buzzard Airport	
16671	Q35291515	R and D Aviation Landing Strip	
16672	Q35291525	R and J Livestock Company Airport	
16673	Q35291534	R and R Farms Airport	
16674	Q35291544	R J C Farms Inc Airport	
16675	Q35291555	R M Harris Airport	
16676	Q35291566	R O Ranch Airport	
16677	Q35291576	R S Auto Airport	
16678	Q35291586	R T Le Blanc Landing Strip	
16679	Q35291597	R V Ranch Airport	
16680	Q35291608	Rab Ranch Airport	
16681	Q35291630	Rabb and Nobra Airport	
16682	Q35276460	Lumi Airport	LMI
16683	Q35276538	Luther Airport	
16684	Q35276451	Lumbo	
16685	Q35276636	Lyon Airport	
16686	Q35276647	Lyon Airport	
16687	Q35276399	Lucky Star Ranch Airport	
16688	Q35276410	Lukaszow	
16689	Q35276419	Luke Airport	
16690	Q35276440	Luksiai	
16691	Q35276469	Lumpkin County-Wimpys Airport	
16692	Q35276485	Lundgren Angus Ranch Airport	
16693	Q35276497	Lundys Airport	
16694	Q35276508	Lunn Seaplane Base	
16695	Q35276518	Luscombe Acres Airport	
16696	Q35276529	Luscombe Lane 1 Airport	
16697	Q35276549	Luthy Landing Strip	
16698	Q35276560	Lutz Airport	
16699	Q35276570	Lutz RLA Airport	
16700	Q35276594	Lux Strip Airport	
16701	Q35276604	Lyell Airport	
16702	Q35276614	Lykes Brighton Airport	
16703	Q35276625	Lynn Airport	
16704	Q35276657	Lyons Landing Airport	
16705	Q35276678	Lysiny	
16706	Q35276689	Lytle Airpark	
16707	Q35276699	Lytleville Orchard Airport	
16708	Q35276710	LZ Carroll Airport	
16709	Q35276721	LZ Fairwinds Airport	
16710	Q35276740	M R P Airpark	
16711	Q35276751	M Y Ranch Airport	
16712	Q35276762	M.A.M. Trail Airport	
16713	Q35276667	Lyons-Rice County Municipal Airport	LYO
16714	Q20456207	El Cubo Airport	CUV
16715	Q20460338	Puerto Berrio Airport	PBE
16716	Q20460375	Garaina	GAR
16717	Q20461567	Palmarito Airport	PTM
16718	Q20455982	Namsang Airport	NMS
16719	Q35255995	Feramin Airport	FRQ
16720	Q20456109	Secunda Airport	ZEC
16721	Q35263656	Hazlehurst Airport	
16722	Q35253480	Dwight Airport	
16723	Q35263784	Hebron Municipal Airport	
16724	Q35263720	Heathrow Airport	
16725	Q35253245	Duda Airstrip	
16726	Q35253254	Duda Airstrip	
16727	Q35253263	Dudley Airport	
16728	Q35253270	Duffy's Airport	
16729	Q35253278	Duflo Airport	
16730	Q35253294	Duke Ranch Airport	
16731	Q35253302	Duke Strip 2 Airport	
16732	Q35253311	Dunbar Ranch Airport	
16733	Q35253320	Dundee Flying Club Airport	
16734	Q35253329	Dungan Airport	
16735	Q35253339	Dunham Private Airport	
16736	Q35253349	Dunn Airport	
16737	Q35253358	Dunroamin Farms Airport	
16738	Q35253368	Dupont-Lapeer Airport	
16739	Q35253377	Dupres Airport	
16740	Q35253387	Dupuis Airport	
16741	Q35253412	Durands Sky Ranch	
16742	Q35253419	Durbin Airport	
16743	Q35253427	Durflinger Airport	
16744	Q35253436	Durham Airport	
16745	Q35253444	Durham Landing Strip	
16746	Q35253452	Dury Estates Airport	
16747	Q35253460	Dusty Airpatch Airport	
16748	Q35253469	Duval County Ranch Co Airport	
16749	Q35253476	Duval-Freer Airport	
16750	Q35253485	Dyer Airport	
16751	Q35263580	Hayden Farm Airport	
16752	Q35263590	Hayenga's Cant Find Farms Airport	
16753	Q35263601	Hayesport Airport	
16754	Q35263623	Haynes Haven Farm Airport	
16755	Q35263634	Hazelglade Resort Seaplane Base	
16756	Q35263666	Headacres RLA Airport	
16757	Q35263676	Headquarters Airport	
16758	Q35263687	Headwaters Airport	
16759	Q35263698	Healdton Municipal Airport	
16760	Q35263709	Heath Canyon Airport	
16761	Q35263731	Heaton Airport	
16762	Q35263742	Heaton Airport	
16763	Q35263753	Heber Airpark	
16764	Q35263763	Hebert Landing Strip	
16765	Q35263774	Hebron Airport	
16766	Q35263795	Hector Municipal Airport	
16767	Q35263806	Hedgewood Landing	
16768	Q35279165	Mc Pherson Airport	MPR
16769	Q35259911	Gibson County Airport	
16770	Q35259694	George Airport	
16771	Q35259704	George Airport	
16772	Q35291938	Rakanda	RAA
16773	Q35259739	George R Carr Memorial Air Field	BXA
16774	Q35258395	Fox Haven Plantation Airport	
16775	Q35258406	Fox Landing Strip	
16776	Q35258419	Francis Ranch Airport	
16777	Q35258430	Frank Federer Memorial Airport	
16778	Q35258441	Frank's Flying Service	
16779	Q35258452	Frankfort Airport	
16780	Q35258462	Frankfort City-Benzie County Airport	
16781	Q35258482	Franklin Landing Strip	
16782	Q35258493	Franklin Wilkins Airport	
16783	Q35258505	Franklins Plainview Airport	
16784	Q35258515	Franklinton Airport	
16785	Q35258525	Franzens Strip	
16786	Q35258536	Fraser Farm Airport	
16787	Q35259567	Geldean Airport	
16788	Q35259589	Gen-Airpark	
16789	Q35259600	General Electric Airport	
16790	Q35259609	General John J Pershing Memorial Airport	
16791	Q35259629	Geneseo Airport	
16792	Q35259640	Genoa Municipal Airport	
16793	Q35259666	Gentry Airport	
16794	Q35259676	Gentry Airport	
16795	Q35259686	Gentzke Aeronautical Park Airport	
16796	Q35259715	George Ford Airport	
16797	Q35259728	George P Shanks Airport	
16798	Q35259750	George T Mc Cutchan Airport	
16799	Q35259773	Georgia Lite Flite Airport	
16800	Q35259784	Georgia-Pacific Airport	
16801	Q35259796	Geraci Airpark	
16802	Q35259807	Gerhart Airport	
16803	Q35259817	Gerrard Airport	
16804	Q35259825	Gerstell Farms Airport	
16805	Q35259834	Gerum Farm Airport	
16806	Q35259845	Gesin Ranches Airport	
16807	Q35259869	Ghost Apache Airport	
16808	Q35259880	Gibbons Air Park	
16809	Q35259892	Gibbons Airport	
16810	Q35259902	Gibson Airport	
16811	Q35259935	Gideon Memorial Airport	
16812	Q35259946	Giermek Executive Airport	
16813	Q35279109	Mc Nabb Farm Airport	
16814	Q35279120	Mc Neely Airport	
16815	Q35279131	Mc Neil Airport	
16816	Q35279143	Mc Neill Ranch Airport	
16817	Q35279154	Mc Pherson Airport	
16818	Q35279175	McAfee Stol Patch Airport	
16819	Q35279186	McAllister Landing Strip	
16820	Q35279197	McCasland Ranch Airport	
16821	Q35292304	Rantoul	
16822	Q35292025	Ramerth Airport	
16823	Q35292036	Ramsy Farm Airport	
16824	Q35292054	Ranch-Aero Airport	
16825	Q35292065	Rancho Blanco Airport	
16826	Q35292077	Rancho Buena Vista Airport	
16827	Q35292089	Rancho Del Cielo Airport	
16828	Q35292103	Rancho Ecantado Airport	
16829	Q35292115	Rancho Grande Airport	
16830	Q35292125	Rancho Hielo Brazos Airport	
16831	Q35292135	Rancho Rio Landing Strip	
16832	Q35292144	Rancho Verde Airport	
16833	Q35292155	Randall Greene Landing Strip	
16834	Q35292165	Randall's Roost Airport	
16835	Q35292186	Randolph M Wells Airport	
16836	Q35292211	Rands Airport	
16837	Q35292240	Ranger Airport	
16838	Q35292267	Ranken Airport	
16839	Q35292280	Rans Airport	
16840	Q35292294	Ranson Strip	
16841	Q35292317	Rapids Airway Airport	
16842	Q35292331	Rapp Landing Strip	
16843	Q35292346	Rash Airport	
16844	Q35292360	Rashs Acres Airport	
16845	Q35292374	Rasmussen Landing Strip	
16846	Q35292388	Ratcliff Airport	
16847	Q35292402	Rathbun Lake Airport	
16848	Q35292415	Raven's Nest Airport	
16849	Q35292429	Raven's Run Airport	
16850	Q35282156	Mount Aue	UAE
16851	Q35281550	Montepuez Airport	MTU
16852	Q35280549	Midway Airport	
16853	Q35293767	Richard B. Helgeson Airport	
16854	Q35280649	Milicz	
16855	Q35281769	Mora Municipal Airport	
16856	Q35293864	Richmond Airport	
16857	Q35280625	Miles Airport	
16858	Q35281749	Moose Lake Carlton County Airport	
16859	Q35282165	Mount Carmel Municipal Airport	
16860	Q35281573	Montgomery Airport	
16861	Q35280464	Midland Airport	
16862	Q35280701	Miller Airport	
16863	Q35280712	Miller Airport	
16864	Q35280721	Miller Airport	
16865	Q35280729	Miller Airport	
16866	Q35293802	Richards Airport	
16867	Q35282264	Mount Pleasant Municipal Airport	
16868	Q35280376	Mid Florida Air Service	
16869	Q35280387	Mid South Flying Service Landing Strip	
16870	Q35280419	Mid-Valley Dusters Inc Airport	
16871	Q35280431	Middlekoop Airport	
16872	Q35280442	Midget Airport	
16873	Q35280453	Midlake Airport	
16874	Q35280506	Midlothian/Waxahachie, Mid-Way Regional Airport	
16875	Q35280517	Midtown Skyport	
16876	Q35280538	Midway Air Park	
16877	Q35280559	Midway Lake Airport	
16878	Q35280569	Mignon Laird Municipal Airport	
16879	Q35280579	Mike's Ag Air Airport	
16880	Q35280588	Mike's Place Airport	
16881	Q35280598	Milan Airport	
16882	Q35280608	Mile Creek Airport	
16883	Q35280619	Milehigh Community Airport	
16884	Q35280632	Milford Airport	
16885	Q35280641	Milhon Airport	
16886	Q35280660	Mill Iron Ranch North Airport	
16887	Q35280669	Mill Rose Farm /RLA/ Airport	
16888	Q35280678	Mille Lacs Lake Resort Airport	
16889	Q35280686	Millen Airport	
16890	Q35280693	Miller Air Park	
16891	Q35281519	Montauk Seaplane Base	
16892	Q35281562	Montezuma Coop Airport	
16893	Q35281584	Montgomery Ranch Airport	
16894	Q35281595	Montgomery's Flying M Ranch Airport	
16895	Q35281606	Monticello Sky Ranch Airport	
16896	Q35281628	Montvale Airpark	
16897	Q35281647	Moody Snow Pond Seaplane Base	
16898	Q35281658	Moore Airport	
16899	Q35281668	Moore Airstrip	
16900	Q35281679	Moore HX Ranch Airport	
16901	Q35281692	Moore Private Airport	
16902	Q35281703	Moore Private Airport	
16903	Q35281715	Moore Ranch Airport	
16904	Q35281726	Moore Ranch Airport	
16905	Q35281737	Moorestown Airpark	
16906	Q35281776	Moran Bay Seaplane Base	
16907	Q35281786	Moran Landing Strip	
16908	Q35281809	Morehead City Airport	
16909	Q35281820	Morehead City State Port Terminal Airport	
16910	Q35281832	Morelock Airport	
16911	Q35281842	Moretz Riverside Landing Airport	
16912	Q35281853	Morey's Airport	
16913	Q35281865	Morgan Crop Service Nr 2 Airport	
16914	Q35281876	Morgan Farms Airport	
16915	Q35281888	Morin Airport	
16916	Q35281899	Moring Airport	
16917	Q35281910	Morrill Airpark	
16918	Q35281920	Morrill Landing Strip	
16919	Q35281931	Morrilton Airport	
16920	Q35281952	Morris Airport	
16921	Q35290677	Prairie Island-Schaller Airport	
16922	Q35290696	Prairie Lake Hunt Club Airport	
16923	Q35290707	Prairie Lake Private Res Sp Mooring Facility Seaplane Base	
16924	Q35290719	Prairie Ronde Airport	
16925	Q35290730	Prater Ranch Airport	
16926	Q35290740	Pratermill Flight Park Airport	
16927	Q35290751	Prather Landing Strip	
16928	Q35290760	Pratt Airport	
16929	Q35290770	Pratt's Eastern Divide Airport	
16930	Q35290780	Prattsburg Airport	
16931	Q35260252	Gnarowein	GWN
16932	Q35260084	Gilmore Airport	
16933	Q35259971	Gill Airport	
16934	Q35259982	Gill Strip	
16935	Q35260005	Gillespie Strip Airport	
16936	Q35260017	Gilliam Airport	
16937	Q35260028	Gillilands Farm Airport	
16938	Q35260039	Gillingham Airport	
16939	Q35260050	Gilmer Airport	
16940	Q35260062	Gilmer County Airport	
16941	Q35260073	Gilmer, Fox Stephens Field - Gilmer Municipal Airport	
16942	Q35260095	Gimlin Airport	
16943	Q35260106	Ginny 'B' Airport	
16944	Q35260117	Glad Oaks Airport	
16945	Q35260128	Gladewater Municipal Airport	
16946	Q35260140	Glass Airport	
16947	Q35260164	Glenmar Airport	
16948	Q35260175	Glenn Winchester Airport	
16949	Q35260197	Glidwell Flying Service	
16950	Q35260208	Glorice P Wills Airport	
16951	Q35260219	Gloster Aerodrome	
16952	Q35260230	Glover Airport	
16953	Q35260241	Glover Airport	
16954	Q35260263	Gnaws Farm Airport	
16955	Q35260274	Goat Hill Airport	
16956	Q35260284	Goatneck Airport	
16957	Q35260295	Goddard Ranch Airport	
16958	Q35260317	Godfrey Airport	
16959	Q35260328	Goemann Landing Strip	
16960	Q35267285	Iboki	IBI
16961	Q35267264	Iamalele Airport	IMA
16962	Q35267317	Idabel	
16963	Q35267404	Ileg	ILX
16964	Q35267306	Ida Grove Municipal Airport	IDG
16965	Q35293020	Redwood Falls Municipal Airport	RWF
16966	Q35267328	Ideal Manufacturing Corp Airport	
16967	Q35267339	Idle Airpark	
16968	Q35267350	Idle Hour Airport	
16969	Q35267360	Idle Wild Airport	
16970	Q35267371	Idlewild Airport	
16971	Q35267427	Indian Creek Ranch Airport	
16972	Q35267438	Indian Falls Ranch Airport	
16973	Q35267448	Indian Hammock Airport	
16974	Q35267458	Indian Hill Farm Airport	
16975	Q35267479	Indian Springs Airport	
16976	Q35267490	Indian Springs Ranch Airport	
16977	Q35267501	Indiana University at South Bend Airport	
16978	Q35267512	Indianapolis Brookside Airpark	
16979	Q35267523	Indianapolis Downtown Airport	
16980	Q35267534	Indianhead Ranch Airport	
16981	Q35267545	Indiantown Airport	
16982	Q35267556	Indio-Faith Airport	
16983	Q35267568	Industrial Helicopters Inc. Airport	
16984	Q35267579	Ingalls Municipal Airport	
16985	Q35267590	Ingels Aerodrome	
16986	Q35267600	Ingham Medical Helistop	
16987	Q35267611	Ingleside Airport	
16988	Q35267622	Ingram Private Airport	
16989	Q35267633	Inman Airport	
16990	Q35267653	Inter-State Airport	
16991	Q35292876	Red Oak Landing Airport	
16992	Q35292889	Red Rock Airport	
16993	Q35292902	Red Star Airport	
16994	Q35292914	Red Wing Airport	
16995	Q35292927	Redeker Airport	
16996	Q35292940	Redgate Ranch Airport	
16997	Q35292952	Redhead Airport	
16998	Q35292965	Redhills Airport	
16999	Q35292992	Redstone Ranch Airport	
17000	Q35293006	Redtail Airstrip	
17001	Q35293034	Reed Airport	
17002	Q35293048	Reed-Wilsonton Airport	
17003	Q35293062	Reeder Airport	
17004	Q35293076	Reelfoot Lake Airport	
17005	Q35293088	Rees Landing Strip	
17006	Q35293101	Reese Airport	
17007	Q35293115	Regier Brothers Airport	
17008	Q35293128	Reherman Airport	
17009	Q35293142	Reichhart Airport	
17010	Q35293156	Reid Farm Airport	
17011	Q35293170	Reid RLA Airport	
17012	Q35293184	Reid-Eash Airport	
17013	Q35293226	Reilly AHP Airport	
17014	Q35293240	Reimer Aerodrome	
17015	Q35293254	Reinke Airport	
17016	Q35293282	Reisig Brothers Airport	
17017	Q35293297	Reiters Landing Strip	
17018	Q35293325	Remer Municipal Airport	
17019	Q35292044	Ranau Airport	RNU
17020	Q35292254	Ranger Municipal Airport	RGR
17021	Q35266732	Hoxie-Sheridan County Airport	
17022	Q35266743	HPC Helistop	
17023	Q35266754	Hrupsa Airport	
17024	Q35266796	Hubbard Airport	
17025	Q35266808	Huber Airport	
17026	Q35266819	Hudgin Air Airport	
17027	Q35266830	Hudson River Landing Airport	
17028	Q35266841	Huenefeld Airport	
17029	Q35266852	Huey Airport	
17030	Q35266863	Huff Landing Strip	
17031	Q35266873	Huff Memorial Airport	
17032	Q35266882	Huggins Memorial Airport	
17033	Q35260657	Gore Airport	
17034	Q35260678	Gorman Airport	
17035	Q35260700	Gould Peterson Municipal Airport	
17036	Q35260710	Gould Strip Airport	
17037	Q35260721	Gouldstein Landing Strip	
17038	Q35260733	Gowanda Airport	
17039	Q35260744	Grace's Landing Airport	
17040	Q35260754	Graham Airport	
17041	Q35260765	Graham Farms Airport	
17042	Q35261148	Greeley Municipal Airport	
17043	Q35261203	Green Airport	
17044	Q35261214	Green Country Airpark	
17045	Q35261225	Green Lake Ranch Airport	
17046	Q35261234	Green Landings Airport	
17047	Q35261244	Green Pond Airport	
17048	Q35261255	Green Ranch Airport	
17049	Q35261288	Green Swamp Aerodrome	
17050	Q35261300	Greenbrier Airport	
17051	Q35261311	Greenbush Municipal Airport	
17052	Q35261323	Greene Air Park	
17053	Q35261334	Greene Airport	
17054	Q35261346	Greener Pastures Airpark	
17055	Q35261357	Greenlawn Farm Airport	
17056	Q35261368	Greenridge RLA Airport	
17057	Q35261412	Greenville-rainbow Airport	
17058	Q35261422	Greenwalt Company Airport	
17059	Q35261455	Greenwood-Leflore Airport	
17060	Q35261466	Greer Miller Landing Strip	
17061	Q35276773	Maas Airstrip	
17062	Q35276784	Mabee Ranch Airport	
17063	Q35276807	Mabry Landing Strip	
17064	Q35276818	Mac Kinnis Airport	
17065	Q35276829	Mac-Ivor & Friends Airstrip	
17066	Q35276851	MacGuire Ranch Airport	
17067	Q35276861	Mach 1 Jet Port Airport	
17068	Q35276871	Macho Grande Airport	
17069	Q35276892	Mack Trucks Helistop	
17070	Q35276914	MacKinaw City Municipal Airport	
17071	Q35276926	Macks Airport	
17072	Q35276936	MacMillan Helistop	
17073	Q35276947	Macon Municipal Airport	
17074	Q35276959	Macon-Fower Memorial Airport	
17075	Q35276970	Maddox Airport	
17076	Q35276981	Madeira Airpark	
17077	Q35276993	Madill Municipal Airport	
17078	Q35277019	Mafrige Ranch Inc Airport	
17079	Q35277028	Mag Drop Airport	
17080	Q35277039	Maganja Da Costa	
17081	Q35277049	Magee Airport	
17082	Q35277060	Magee Airport	
17083	Q35277071	Magee Municipal Airport	
17084	Q35277082	Magennis Farm Airport	
17085	Q35277094	Magic Carpet Airport	
17086	Q35277105	Maheu Airport	
17087	Q35277116	Mahnomen County Airport	
17088	Q35277127	Mahopac Airport	
17089	Q35277138	Maidens Airport	
17090	Q35277149	Main Pass 69 Pipeline Seaplane Base	
17091	Q35260557	Gora	GOC
17092	Q16899241	Retiro San Guillermo Airport	
17093	Q16899323	Río Claro Airport	
17094	Q16899277	Riñihue Airport	
17095	Q16899278	Río Bravo Airport	
17096	Q16899317	Río Colorado Airport	
17097	Q16899321	Río Claro Cumpeo Lontuecito Airport	
17098	Q16899275	Rincon del Tigre Airport	
17099	Q16899324	Río Frío Airport	
17100	Q16899326	Río Pascua Airport	
17101	Q16899320	Rivadavia Airport	
17102	Q16899480	Rucananco Airport	
17103	Q16899482	Russfin Airport	
17104	Q16899519	Saahaqui Airport	
17105	Q16899629	Saipura Airport	
17106	Q35265455	Hivaro	HIT
17107	Q35256346	Fitzgerald Municipal Airport	
17108	Q35265381	Hinshaw	
17109	Q16899370	Rivière Saint-Maurice (Aviation Maurice) Water Aerodrome	
17110	Q16899630	Salal Airport	
17111	Q35265293	Hilltop Airport	
17112	Q35265304	Hilltop Airport	
17113	Q35265315	Hilltop Airport	
17114	Q35265573	Hogan Airport	
17115	Q35256279	Fisher Airport	
17116	Q35256290	Fisher Airport	
17117	Q35256302	Fisher County Airport	
17118	Q35256314	Fisher Farm Airport	
17119	Q35256326	Fisher Ranch Airport	
17120	Q35256336	Fishermens Hospital Emergency Helistop	
17121	Q35256358	Five Mile Airport	
17122	Q35256370	Five Oaks Estate Airport	
17123	Q35256381	Flaglor Airport	
17124	Q35256392	Flanders Valley Airport	
17125	Q35256403	Flat Creek Airport	
17126	Q35256413	Flat Top Ranch Airport	
17127	Q35256423	Flattop Ridge Airport	
17128	Q35256432	Flautt Airport	
17129	Q35256452	Fletcher Landing Strip	
17130	Q35256461	Fletcher Landing Strip	
17131	Q35256470	Fletcher's Airport	
17132	Q35256490	Flints Flying Ranch Airport	
17133	Q35267812	Isbell Ranch Airport	
17134	Q35267858	Isle Private Airport	
17135	Q35267868	Isle-A-Port Airport	
17136	Q35267945	Itzen Air Strip Airport	
17137	Q35267955	Iuka Airport	
17138	Q35267965	Ives Airport	
17139	Q35267974	Ivy Bend Airport	
17140	Q35267995	J & W Windy Hill Airport	
17141	Q35268005	J and J Farms Airport	
17142	Q35268022	J B Fillman Airport	
17143	Q35268032	J Bar Wc Ranch Airport	
17144	Q35267926	Itokama	ITK
17145	Q20461946	Tirios Airport	OBI
17146	Q20461759	Pyay Airport	PRU
17147	Q20462075	Gonzalo Mejia Airport	TRB
17148	Q35277689	Margarima Airport	MGG
17149	Q35266034	Hooker County Airport	MHN
17150	Q20462510	Tomelilla Airfield	
17151	Q35277636	Marawaka	MWG
17152	Q20462200	Tocantinia Airport	
17153	Q35277766	Marine Park	
17154	Q35266120	Hope Creek	
17155	Q20462095	Pandora Airport	
17156	Q20462520	Kaniama, Kaniama Airport	KNM
17157	Q20462301	Grahamstown Airport	
17158	Q20462522	Tommy Airport	
17159	Q35266000	Honinabi Airport	HNN
17160	Q20462436	GVI	GVI
17161	Q20462155	Batey Cacata Airport	
17162	Q20461812	Glenorchy Airport	
17163	Q35266297	Horseshoe Bay Resort Airport	
17164	Q35277871	Marksville Municipal Airport	
17165	Q20462151	Gorizia Airport	
17166	Q35278001	Marshall Airport	
17167	Q20462163	Gormanston Airport	
17168	Q20461869	Godollo Airport	
17169	Q20462397	Shante Airport	
17170	Q20461781	Tingsryd Airport	
17171	Q20461764	Tingi-Tingi Airport	
17172	Q20462027	Bastak Airport	
17173	Q20461804	Glenforsa Airfield	
17174	Q35265989	Hondarosa Airport	
17175	Q35266013	Honker Flats Airport	
17176	Q35266024	Hook Spray Airport	
17177	Q35266045	Hooks Airport	
17178	Q35266055	Hooksett-Manchester Airport	
17179	Q35266065	Hoopes Ranch Airport	
17180	Q35266076	Hooterville Airport	
17181	Q35266086	Hoovers Airport	
17182	Q35266098	Hop Brook Farm Airport	
17183	Q35266109	Hopcus Farms Airport	
17184	Q35266131	Hopewell Airpark	
17185	Q35266142	Hoppe Sky Ranch Airport	
17186	Q35266153	Hoppy's Airport	
17187	Q35266165	Horak Airport	
17188	Q35266177	Horaks Airport	
17189	Q35266188	Horan Airport	
17190	Q35266199	Horn Point Airport	
17191	Q35266210	Horn Ranch Airport	
17192	Q35266232	Hornady Ranch Airport	
17193	Q35266243	Hornbaker Airport	
17194	Q35266254	Horne Airport	
17195	Q35266265	Hornersville Memorial Airport	
17196	Q35266276	Horsefeathers Ranch Airport	
17197	Q35266288	Horseshoe Acres Airpark	
17198	Q35266303	Horseshoe Bend Airport	
17199	Q35277615	Maran Airport	
17200	Q35277625	Maravillas Gap Ranch Airport	
17201	Q35277646	Marceline Municipal Airport	
17202	Q35277657	Marcellus Airport	
17203	Q35277668	Marchmont Plantation Airpark	
17204	Q35277679	Marcidale Airport	
17205	Q35277699	Margenthaler Airport	
17206	Q35277711	Margerison Airport	
17207	Q35277722	Marian Airpark	
17208	Q35277733	Mariaville Aerodrome	
17209	Q35277743	Marine City Airport	
17210	Q35277797	Marios Flying Pizza Airport	
17211	Q35277808	Marjorie Kennan Rawlings Airport	
17212	Q35277819	Mark Hoard Memorial Airport	
17213	Q35277830	Mark Twain Air Park	
17214	Q35277840	Marked Tree Municipal Airport	
17215	Q35277850	Market World Airport	
17216	Q35277860	Markham Airport	
17217	Q35277882	Markum Ranch Airport	
17218	Q35277893	Marlette Airport	
17219	Q35277903	Marlin Airport	
17220	Q35277936	Marmack Airport	
17221	Q35277970	Mars Hill Landing Strip	
17222	Q35277980	Marsh Airstrip	
17223	Q35277991	Marsh Point Airport	
17224	Q35290402	Potoczak Airport	
17225	Q35290413	Potomac Airpark	
17226	Q35290424	Potter Airport	
17227	Q35290435	Pottinger RLA Airport	
17228	Q35290446	Potts Landing Strip	
17229	Q35290468	Pow-Wow Seaplane Base	
17230	Q35290478	Powderly Airport	
17231	Q35290489	Powell Avenue Airport	
17232	Q35290500	Powers Airport	
17233	Q35281963	Morris Farm Incorporated Airport	
17234	Q35281974	Morris Lazy K Ranch Airport	
17235	Q35281985	Morris Manor Airport	
17236	Q35281942	Morris Municipal Airport	
17237	Q35281994	Morris Ranch Airport	
17238	Q35282004	Morrison's Airport	
17239	Q35282026	Morrow Strip Airport	
17240	Q35282037	Morton Airport	
17241	Q35282048	Moseleys Airport	
17242	Q35282059	Moss Hill Airport	
17243	Q35282070	Moss Meadows Airport	
17244	Q35282094	Moulton Airport	
17245	Q35282106	Moulton Farms Airport	
17246	Q35282117	Moulton Municipal Airport	
17247	Q35282128	Moultonboro Airport	
17248	Q35282139	Moundridge Municipal Airport	
17249	Q35282176	Mount Comfort Airpark	
17250	Q35282187	Mount Cove Airport	
17251	Q35282199	Mount Echo Airport	
17252	Q35282219	Mount Holly Airport	
17253	Q35282230	Mount Ida Municipal Airport	
17254	Q35282242	Mount Olive Farm Airport	
17255	Q35282253	Mount Pleasant Landing Strip Airport	
17256	Q35293779	Richard's Airport	
17257	Q35293810	Richardson Airport	
17258	Q35293823	Richardson Strip Airport	
17259	Q35293837	Richardsons Landing Strip	
17260	Q35293850	Richie Rich Airport	
17261	Q35282082	Mougulu Airport	GUV
17262	Q35295031	Robert Siemers Landing Strip	
17263	Q35295044	Roberta Industrial Park Airport	
17264	Q35295057	Roberts Airport	
17265	Q35295070	Roberts Airport	
17266	Q35295082	Roberts Farm Airport	
17267	Q35295094	Roberts Memorial Airport	
17268	Q35295106	Roberts RLA Airport	
17269	Q35295119	Roberts Roost Airport	
17270	Q35295132	Roberts-Jacobi Restricted Airport	
17271	Q35295145	Robertson Farm Airport	
17272	Q35295158	Robertson Ranch Airport	
17273	Q35295171	Robinson Airpark	
17274	Q35295184	Robinson Airport	
17275	Q35295198	Robinson Airport	
17276	Q35295211	Robinson Airport	
17277	Q35295224	Robinson Airport	
17278	Q35295237	Robinson Airport	
17279	Q35295250	Robinson Landing Strip	
17280	Q35256825	Flying Acres Airport	
17281	Q35256835	Flying Acres Airport	
17282	Q35256846	Flying B Airport	
17283	Q35256857	Flying B Ranch Airport	
17284	Q35256869	Flying B Ranch Airport	
17285	Q35256880	Flying B Ranch Airport	
17286	Q35256891	Flying B Ranch Airport	
17287	Q35256673	Fly-N-S Ranch Airport	
17288	Q35256684	Fly-N-Ski Airport	
17289	Q35256695	Flyers Airpark	
17290	Q35256705	Flyin Armadillo Airport	
17291	Q35256716	Flyin Tiger Airport	
17292	Q35256727	Flying 'E' Airport	
17293	Q35256738	Flying 'H' Ranch Airport	
17294	Q35256749	Flying 'J' Ranch Airport	
17295	Q35256760	Flying 'K' Airport	
17296	Q35256781	Flying 'T' Ranch Airport	
17297	Q35256792	Flying 5B Ranch Airport	
17298	Q35256803	Flying 7H Ranch Airport	
17299	Q35256814	Flying A Ranch Airport	
17300	Q35256902	Flying B Ranch Airstrip	
17301	Q35256912	Flying Bar H Ranch Airport	
17302	Q35256923	Flying Baron Estates Airport	
17303	Q35256934	Flying BJ Airport	
17304	Q35256943	Flying Bonefish Seaplane Base	
17305	Q35256954	Flying Bull Ranch Airport	
17306	Q35256965	Flying C Airport	
17307	Q35256976	Flying C Farm Airport	
17308	Q35277604	Maramuni Airport	MWI
17309	Q35277554	Mapoda	MPF
17310	Q35277584	Maquoketa Municipal Airport	
17311	Q35277544	Maplewood Farm Airport	
17312	Q35277565	Mapulanguene	
17313	Q35277594	Mar Bar L Farms Airport	
17314	Q35266536	Hot Springs Airport	
17315	Q35266496	Horseshoe Lake Airport	
17316	Q35266505	Horton Municipal Airport	
17317	Q35266515	Horttor Airport	
17318	Q35266525	Hospital Brandon Helistop	
17319	Q35266570	Houseman Airport	
17320	Q35266580	Houston Airpark	
17321	Q35266601	Houston Memorial Airport	
17322	Q35266612	Hovorka Airport	
17323	Q35266622	Howard Airport	
17324	Q35266633	Howard County Airport	
17325	Q35266644	Howard County Airport	
17326	Q35266654	Howard County Airport	
17327	Q35266666	Howard Nixon Memorial Airport	
17328	Q35266677	Howard Private Airport	
17329	Q35266688	Howard's Airport	
17330	Q35266700	Howell 1 Airport	
17331	Q35266710	Howell Valley Airport	
17332	Q35266721	Howey Landing Strip	
17333	Q35281487	Montagu	
17334	Q35281338	Moki	MJJ
17335	Q35259235	Garasa	GRL
17336	Q35281170	Miyanmin	MPX
17337	Q35259419	Gasuke	GBC
17338	Q35281413	Monmouth Beach	
17339	Q35259192	Galway Airport	
17340	Q35259343	Garuahi	GRH
17341	Q35281123	Mitchell Airport	
17342	Q35259267	Gardiner Airport	
17343	Q35259171	Galloway Airport	
17344	Q35259279	Garland Airport	
17345	Q35259127	Gainesville Memorial Airport	
17346	Q35259138	Gaitros Airport	
17347	Q35259148	Galaxy Ranch Airport	
17348	Q35259159	Galichia Airport	
17349	Q35259182	Galloway Farms Airport	
17350	Q35259203	Gamebird Groves Airstrip	
17351	Q35259214	Ganze Ranch Airstrip	
17352	Q35259245	Garden City Experiment Station Airport	
17353	Q35259256	Garden Island Bay Seaplane Base	
17354	Q35259300	Garnett Ranch Airport	
17355	Q35259322	Garrett Ranch Airport	
17356	Q35259333	Garst Airport	
17357	Q35259365	Gary's Airport	
17358	Q35259376	Garys Airport	
17359	Q35259387	Gaskin's Hilltop Airport	
17360	Q35259398	Gaston Airport	
17361	Q35259441	Gateway Helistop	
17362	Q35259452	Gateway North Industrial Airport	
17363	Q35259463	Gator Airpark	
17364	Q35259484	Gator Creek Airport	
17365	Q35259507	Gdap Air Ranch Airport	
17366	Q35259535	Gehant Airport	
17367	Q35259545	Geiserts Strip	
17368	Q35281106	Mistwood Airport	
17369	Q35281114	Misty Meadows Airport	
17370	Q35281131	Mitchell Landing Strip	
17371	Q35281138	Mitchell RLA Airport	
17372	Q35281146	Mitchell's Airport	
17373	Q35281154	Mitek Airport	
17374	Q35281163	Mixon Airport	
17375	Q35281178	MJD Airport	
17376	Q35281186	Moberg Air Base Airport	
17377	Q35281229	Mock Airport	
17378	Q35281239	Mockingbird Hill Airport	
17379	Q35281250	Moders Airport	
17380	Q35281287	Modisett Airport	
17381	Q35281298	Moffet Landing Strip	
17382	Q35281308	Mohawk Air Park	
17383	Q35281318	Mohawk Aviation Center Airport	
17384	Q35281328	Mohr Farm Airport	
17385	Q35281360	Molair Airport	
17386	Q35281371	Molnau Airpark	
17387	Q35281381	Moltz Airport	
17388	Q35281392	Monett Airport	
17389	Q35281403	Monkey Island Airport	
17390	Q35281422	Monmouth Municipal Airport	
17391	Q35281432	Mono Aircraft Airport	
17392	Q35281443	Monona Municipal Airport	
17393	Q35281454	Monroe Airpark	
17394	Q35293878	Richter Airpark	
17395	Q35293892	Richter Ranch Airport	
17396	Q35293905	Richters Airport	
17397	Q35293931	Richwood Municipal Airport	
17398	Q35293945	Rick Mathias Private Airport	
17399	Q35293957	Riddle's Roost Airport	
17400	Q35293970	Riddles Airstrip	
17401	Q35294076	Ridgeview Airport	
17402	Q35294090	Ridgeview Farm Airport	
17403	Q35294103	Ridgeview Ranch Airport	
17404	Q35294116	Ridgewood Air Airport	
17405	Q35294129	Ridgway Flying Service Airport	
17406	Q35294136	Riebeling Airport	
17407	Q35294221	Riedesel Private Airport	
17408	Q35294234	Ries Airport	
17409	Q35294246	Riggins Farms Airport	
17410	Q35294255	Rigolets Seaplane Base	
17411	Q35294294	Riley Airport	
17412	Q35294307	Riley Creek Airport	
17413	Q35294333	Rimes Lakecrest Airport	
17414	Q35294346	Rinehart Airport	
17415	Q35294360	Riner Farm Airport	
17416	Q35296269	Roscommon Conservation Airport	
17417	Q35296297	Rose Pork Inc Airport	
17418	Q35296311	Roseanne Airport	
17419	Q35296341	Rosedale Airport	
17420	Q35296355	Roseland Airport	
17421	Q35296369	Rosenberg Airport	
17422	Q35296396	Ross Planes Airport	
17423	Q35296410	Rosser Ranch Airport	
17424	Q35296424	Rossettie Airport	
17425	Q35296438	Rossi's Farm Airport	
17426	Q35296452	Rossler Ranch Airport	
17427	Q35296466	Rossneck Airport	
17428	Q35296480	Rostex Airport	
17429	Q35296493	Roth Airport	
17430	Q35296507	Rothrock Airport	
17431	Q35296521	Roto Wing Inc Airport	
17432	Q35259556	Geita Airport	GIT
17433	Q35277512	Maple Hurst Farms Airport	
17434	Q35277523	Maple Ridge Airport	
17435	Q35277534	Maple Ridge Airport	
17436	Q35282651	Munday Municipal Airport	
17437	Q35282673	Municipal Airport	
17438	Q35282684	Munsterman Airport	
17439	Q35282695	Murdock Municipal Airport	
17440	Q35282706	Murks Strip	
17441	Q35282717	Murphey Flying Service Airport	
17442	Q35282727	Murphy Farms Airport	
17443	Q35282749	Murphy-Sherwood Park Airport	
17444	Q35282738	Murphy's Landing Airport	
17445	Q35282760	Murphys Landing Strip	
17446	Q35282771	Murphys Landing Strip	
17447	Q35282804	Murray Ohio Airport	
17448	Q35282815	Musiel Airport	
17449	Q35282838	Mussman Airport	
17450	Q35282859	Muxworthy Airport	
17451	Q35282892	Myers Airport	
17452	Q35282903	Myers Airport	
17453	Q35282914	Myers Farm Airport	
17454	Q35282925	Myers Number 2 Landing Strip	
17455	Q35282936	Myers Park Memorial Municipal Airport	
17456	Q35282948	Myers-Smith Airport	
17457	Q35282958	Mynning Landing Strip	
17458	Q35282968	Myrick Airport	
17459	Q35282978	Myrtle Beach Hardee Airpark	
17460	Q35282989	Myrtle Grove Airport	
17461	Q35283019	N & N Airport	
17462	Q35282999	Mys Kamenny	YMK
17463	Q35277181	Makini	MPG
17464	Q35282881	Bald Eagle Airfield – Myakka Head	
17465	Q35264012	Hemphill County Airport	
17466	Q35263895	Heiweni	HNI
17467	Q20464617	Sovdeborg Airport	
17468	Q35294922	Robbins Airport	
17469	Q20466056	Bulan National Airport	
17470	Q20464804	Utrecht Airport	
17471	Q35295019	Robert Sibley Airport	
17472	Q35266900	Hughes Airport	
17473	Q20464713	Springhill Airport	
17474	Q20465566	Volksrust Airport	
17475	Q20465313	Vicente Dutra Airport	
17476	Q35266965	Hull Airport	
17477	Q35266972	Hull Airport	
17478	Q20464793	Bothaville Airport	
17479	Q20464717	Boquira Airport	
17480	Q20465063	Brotas De Macaubas Airport	
17481	Q20466004	Kimano Ii Airport	
17482	Q20465867	Khoun Khan Airport	
17483	Q20466132	Kisar Airport	
17484	Q20465395	Standerton Airport	
17485	Q20464788	Utete Airport	
17486	Q20464993	Vangso Airport	
17487	Q20465064	Varzea Da Palma Airport	
17488	Q20465577	Volta Grande Airport	
17489	Q20466003	Warehouse 59e Airport	
17490	Q20464595	Uriman Airport	URM
17491	Q20464714	Lajas Airpark	
17492	Q20465162	Velasquez Airport	PYA
17493	Q35263817	Hedley Airport	
17494	Q35263828	Hefner-Easley Airport	
17495	Q35263850	Heidrich Airport	
17496	Q35263873	Heifer Creek Ranch Airport	
17497	Q35263884	Heir Airport	
17498	Q35263906	Helblad Airport	
17499	Q35263917	Heldeberg Airstrip	
17500	Q35263928	Heller Airport	
17501	Q35263939	Helms-Jacobs Airport	
17502	Q35263950	Hemingway-Stuckey Airport	
17503	Q35263961	Hemlock Run Airport	
17504	Q35263971	Hemmer RLA Airport	
17505	Q35263980	Hemming Landing Strip	
17506	Q35263991	Hemmingsen Airport	
17507	Q35264002	Hemmingsen Private Airport	
17508	Q35264023	Hempstead Gliderport	
17509	Q35264034	Hendershot Airport	
17510	Q35264044	Henderson Airport	
17511	Q35264055	Henderson Airport	
17512	Q35264066	Henderson Farm Airport	
17513	Q35264077	Henderson Mounds E B G Airport	
17514	Q35264087	Hendersonville Airport	
17515	Q35264098	Hendricks Ranch Airport	
17516	Q35264109	Hendrickson Flying Service	
17517	Q35264120	Hendrix Airport	
17518	Q35264131	Henington Airport	
17519	Q35264142	Henley Aerodrome	
17520	Q35264154	Henley Ranch Airport	
17521	Q35264165	Henn Landing Strip	
17522	Q35264176	Hennessy Airport	
17523	Q35266892	Hugh van Voorst Airport	
17524	Q35266919	Hughes Ranch Airport	
17525	Q35266927	Hughes RLA Airport	
17526	Q35266935	Hughes RLA Airport	
17527	Q35266943	Hugo Municipal Airport	
17528	Q35266950	Hugos Stolport	
17529	Q35266957	Hulcher RLA Airport	
17530	Q35266988	Humm Airport	
17531	Q35267010	Hundley Airport	
17532	Q35267021	Hunt AHP Airport	
17533	Q16898310	Peumo Airport	
17534	Q16898308	Piedra Negra Airport	
17535	Q16898491	Pitai Airport	
17536	Q16898700	Porvenir Velasco Airport	
17537	Q16898809	Progreso Airport	
17538	Q16898850	Puelches Airport	
17539	Q16898862	Puerto Ingeniero Ibáñez Airport	
17540	Q16898762	Primer Teniente Jorge Eduardo Casco Airport	PRQ
17541	Q16898324	Picton Aerodrome	PCN
17542	Q16898818	Preston Airport	PST
17543	Q16898509	Playón Chico Airport	PYC
17544	Q16898866	Puerto Octay Las Araucarias Airport	
17545	Q16898764	Poura Airport	
17546	Q16898488	Piso Firme Airport	
17547	Q16898860	Puelo Bajo Airport	
17548	Q16898861	Puerto Cisnes Airport	
17549	Q16898492	Pirque Estero Seco Airport	
17550	Q16898494	Pisagua Airport	
17551	Q16898857	Punta El Saco Airport	
17552	Q16898858	Punta Galera Airport	
17553	Q20712230	Chehalis–Centralia Airport	CLS
17554	Q20467018	Chacarita Airport	JAP
17555	Q20582446	Kapan Airport	YUK
17556	Q20466784	Caruru Airport	CUO
17557	Q20467068	Zulfi Airport	ZUL
17558	Q20466737	Carinhanha Airport	
17559	Q20467029	Zisco Airport	
17560	Q20466797	Casablanca Airport	
17561	Q20466826	Castro Alves Airport	
17562	Q20466991	Cewice, EPCE Airport	
17563	Q20466938	Central Matilde Airport	
17564	Q20466854	Koster Vig Airport	
17565	Q20467060	Zueitina Airport	
17566	Q20468010	Kushke Nosrat Airport	
17567	Q20468005	Kurukabaru Airport	
17568	Q20710931	Mishawaka Pilots Club Airport	
17569	Q20715081	St. Charles Airport	
17570	Q20712317	St. Maries Municipal Airport	
17571	Q35294549	Ripley Airport	
17572	Q35294793	Riverview Airport	
17573	Q35294805	Riverview Airport	
17574	Q20711147	Crawfordsville Regional Airport	
17575	Q35294715	Riverside Airport	
17576	Q35294728	Riverside Airport	
17577	Q35294386	Ringer Landing Strip	
17578	Q35294413	Ringling Municipal Airport	
17579	Q35294426	Ringneck Ranch Airport	
17580	Q35294439	Rinkenberger RLA Airport	
17581	Q35294452	Rio Azúcar Airport	
17582	Q35294466	Rio Grande City Municipal Airport	
17583	Q35294477	Rio Medina Airport	
17584	Q35294501	Rio Tigre Airport	
17585	Q35294514	Rio Vista Ranch Airport	
17586	Q35294524	Riordan Airport	
17587	Q35294562	Risalpur Airfield	
17588	Q35294576	Rising Sun Airport	
17589	Q35294589	Risky Airport	
17590	Q35294603	River Acres Airport	
17591	Q35294615	River Acres Airport	
17592	Q35294628	River Bend Ranch Airport	
17593	Q35294640	River Falls Airport	
17594	Q35294652	River Oak Airport	
17595	Q35294665	River Ranch Resort Airport	
17596	Q35294678	River Ridge Ranch Airport	
17597	Q35294689	River's Edge Farm Airport	
17598	Q35294703	Riverode Farms Airport	
17599	Q35294741	Riverside Campground Airport	
17600	Q35294754	Riverside Landings	
17601	Q35294780	Riverveiw Airport	
17602	Q35277311	Mamai	MAP
17603	Q35277428	Manga Airport	MGP
17604	Q35277481	Manumu Airport	UUU
17605	Q35277342	Manare	MRM
17606	Q35277417	Manetai Airport	MVI
17607	Q35282848	Mustang Beach Airport	
17608	Q35277491	Maple Airport	
17609	Q35277472	Mantoloking	
17610	Q35282662	Munduku	MDM
17611	Q35277450	Manning Airport	
17612	Q35277353	Manatee Airport	
17613	Q35282782	Murray Airport	
17614	Q35282793	Murray Airport	
17615	Q35277159	Majeski Airport	
17616	Q35277170	Majors Airpark	
17617	Q35277192	Makoutz Airport	
17618	Q35277213	Malina Airport	
17619	Q35277223	Mallards Landing Airport	
17620	Q35277234	Malone Airport	
17621	Q35277245	Malone Landing Strip	
17622	Q35277257	Malone M-bar Ranch Airport	
17623	Q35277278	Mals-Serpent Lake Seaplane Base	
17624	Q35277289	Malvern Municipal Airport	
17625	Q35277322	Manahawkin	
17626	Q35277331	Manar Landing Strip	
17627	Q35277363	Manatee Springs Airport	
17628	Q35277374	Mancelona Municipal Airport	
17629	Q35277408	Manchester Municipal Airport	
17630	Q35277438	Mann Airport	
17631	Q35277461	Manning Municipal Airport	
17632	Q35277502	Maple Grove heliport	
17633	Q35293600	Reynolds Airport	
17634	Q35293613	Reynolds Airport	
17635	Q35279473	McLean Brothers Airport	
17636	Q35279484	McLendon Airport	
17637	Q35279495	McMinn Airport	
17638	Q35279505	McNaught Landing Strip	
17639	Q35279516	McNeely Landing Strip	
17640	Q35279527	McQuestions Airport	
17641	Q35279622	Meadow Creek Airport	
17642	Q35279632	Meadowlark Airport	
17643	Q35279640	Meadowlark Airport	
17644	Q35279684	Meadowlark Airport	
17645	Q35279693	Meadows Airport	
17646	Q35279703	Meadowvale Airport	
17647	Q35279712	Meadowview Airport	
17648	Q35279721	Meadstown Airstrip	
17649	Q35279730	Mealiff Landing Strip	
17650	Q35279739	Meaux Landing Strip	
17651	Q35279761	Mecosta Morton Airport	
17652	Q35279773	Medicine Lodge Airport	
17653	Q35279784	Medina River Ranch Airport	
17654	Q35279795	Meeks Ranch Airport	
17655	Q35279807	Meharry AG Service Airport	
17656	Q35280095	Mesa Vista Ranch Airport	
17657	Q35280128	Methodist Airport	
17658	Q35280139	Methodist Hospital Helistop	
17659	Q35280159	Metsker Landing Strip	
17660	Q35280181	Metz Landing Strip	
17661	Q35280203	Meyer Airport	
17662	Q35280214	Meyer Landing Strip	
17663	Q35280224	Meyer Ranch Airport	
17664	Q35280235	Meyers Freedom Flight Hardy Airport	
17665	Q35280289	Miami Valley Farm Airport	
17666	Q35280300	Miami-Roberts County Airport	
17667	Q35280311	Michael Airport	
17668	Q35280322	Michael Airport	
17669	Q35280333	Michael Farm Airport	
17670	Q35280344	Michael Pfister Airport	
17671	Q35280355	Michaels Farm Airport	
17672	Q35280365	Mid Continent Airport	
17673	Q35292457	Rawls Ranch Airport	
17674	Q35292471	Ray Airport	
17675	Q35292500	Ray Farm Airport	
17676	Q35292514	Ray Johnson Inc Airport	
17677	Q35292527	Ray Preston Airport	
17678	Q35292541	Ray Smith Farm Airport	
17679	Q35292555	Ray's Roost Airport	
17680	Q35292569	Ray's Stall Airport	
17681	Q35292583	Raymond Classen Memorial Airport	
17682	Q35292597	Raymond RLA Airport	
17683	Q35292611	Rays Landing Strip	
17684	Q35292625	Razorback Airport	
17685	Q35292639	RCA Landing Strip	
17686	Q35292652	Read Airport	
17687	Q35292666	Reading Airport	
17688	Q35292680	Reagan County Airport	
17689	Q35292694	Real County Airport	
17690	Q35292708	Reality Plantation Airport	
17691	Q35292721	Reb Folbre's Place Airport	
17692	Q35292751	Recreation Corporation Airport	
17693	Q35292765	Rector Airport	
17694	Q35292779	Red Barn Acres Airport	
17695	Q35292793	Red Bay Municipal Airport	
17696	Q35292820	Red Beard Dusting Service Airport	
17697	Q35292834	Red Cloud Municipal Airport	
17698	Q35292848	Red Lake Falls Municipal Airport	
17699	Q35292862	Red Oak Airport	
17700	Q35293339	Rempe Private Airport	
17701	Q35293363	Rendleman Airport	
17702	Q35293375	Reneberg Landing Strip	
17703	Q35293388	Renshaw Airport	
17704	Q35293415	Renz Ranch Airport	
17705	Q35293429	Republican City Municipal Airport	
17706	Q35293443	Resaca Airstrip	
17707	Q35293456	Reservoir Airport	
17708	Q35293469	Resler Airport	
17709	Q35293482	Resort Airport	
17710	Q35293495	Restoration Ranch Airport	
17711	Q35293508	Retta Airport	
17712	Q35293522	Revels Strip	
17713	Q35293548	Reward Ranch Airport	
17714	Q35293562	Rexford Airport	
17715	Q35293575	Rexroad Airport	
17716	Q35293587	Reynolds Airpark	
17717	Q35293625	Reynolds Landing Strip	
17718	Q35293638	Reynolds Landing Strip	
17719	Q35293649	Rhea RLA Airport	
17720	Q35293662	Rheude Airport	
17721	Q35293676	Rhines Roost Airport	
17722	Q35293688	Rhodes Air Ranch Airport	
17723	Q35293719	Rhodes Ranch Airport	
17724	Q35293731	Rhome Meadows Airport	
17725	Q35293755	Riceland Flying Service Airport	
17726	Q35301587	Sherman Airport	
17727	Q35301601	Sherman Airport	
17728	Q35301614	Sherman Airport	
17729	Q35301506	Shenk Airport	
17730	Q35301521	Shepard Airport	
17731	Q35301533	Shepherd Airport	
17732	Q35301560	Sheridan Municipal Airport	
17733	Q35267032	Hunter Airport	
17734	Q35267044	Hunter Airport	
17735	Q35267057	Hunter Lowry Airport	
17736	Q35267069	Hunter Raffety Elevators Inc Airport	
17737	Q35267090	Hunter's Creek Airport	
17738	Q35267099	Huntingdon Airport	
17739	Q35267110	Huntington Emergency Helistop	
17740	Q35267145	Hurn Airport	
17741	Q35267156	Hursh Landing Strip	
17742	Q35267167	Hurst Landing Strip	
17743	Q35267178	Hurt Airport	
17744	Q35267189	Hustons Airport	
17745	Q35267199	Hutchinson Landing Strip	
17746	Q35267210	Hutto Farm Airport	
17747	Q35267220	Hutton Airport	
17748	Q35267231	Hybarc Farm Airport	
17749	Q35267253	I H Bass Jr Memorial Airport	
17750	Q35294857	RNK Ranch Airport	
17751	Q35294870	Roach Farm Airport	
17752	Q35294883	Roan Airport	
17753	Q35294909	Rob Airport	
17754	Q35294935	Robbins Landing Strip	
17755	Q35294948	Robco Airport	
17756	Q35294960	Roberson Airport	
17757	Q35294972	Robert A Ashworth Airport	
17758	Q35294985	Robert Chris McIntosh Airport	
17759	Q35294995	Robert Lee Airport	
17760	Q35295006	Robert R Wells Jr. Airport	
17761	Q35267134	Huolinhe Airport	HUO
17762	Q20464992	Vangaindrano Airport	VND
17763	Q20465006	Breves Airport	BVS
17764	Q20465911	Wana Airport	WAF
17765	Q35283039	Nadunumu	NDN
17766	Q35283211	Nargana Airport	NGN
17767	Q35303057	Sky Park Airport	
17768	Q35283146	Nankina	NKN
17769	Q35303085	Sky Ranch Airport	
17770	Q35303099	Sky Ranch Airport	
17771	Q35303113	Sky Ranch Airport	
17772	Q35303300	Skyhaven Airport	
17773	Q35283029	N D Ranch Airport	
17774	Q35283049	Naffziger Landing Strip	
17775	Q35283060	Nagel and Schultz Airport	
17776	Q35283071	Naked Lady Ranch Airport	
17777	Q35283113	Namyslow	
17778	Q35283124	Nance Airport	
17779	Q35283157	Naper Aero Club	
17780	Q35283168	Naples Seaplane Base	
17781	Q35283178	Napoleon Airport	
17782	Q35283200	Nappanee Municipal Airport	
17783	Q35283223	Narraguagus Airport	
17784	Q35283243	Nasby Airport	
17785	Q35283254	Nash Ranch Airport	
17786	Q35283265	Nashville Memorial Hospital Airport	
17787	Q35283276	Nassau Airport	
17788	Q35283294	National Airport	
17789	Q35283303	National Estates Incorporated Airport	
17790	Q35283335	Navasota Municipal Airport	
17791	Q35283358	Naylor Airport	
17792	Q35283368	Neben Airport	
17793	Q35283379	Nebtex Land Co. Airport	
17794	Q35283390	Needham's Airport	
17795	Q35283400	Needwood Farm Airport	
17796	Q35283410	Neel Airport	
17797	Q35283422	Neely Farms Airport	
17798	Q35283432	Neff Airport	
17799	Q35283453	Negus Landing Strip	
17800	Q35302972	Sky High Airport	
17801	Q35302987	Sky Landings Airport	
17802	Q35303001	Sky Lane Ranch Airport	
17803	Q35303015	Sky Lodge Landing Strip	
17804	Q35303029	Sky Manor Aero Estates Airport	
17805	Q35303043	Sky Meadow Airport	
17806	Q35303071	Sky Port Seaplane Base	
17807	Q35303128	Sky Ranch II Airport	
17808	Q35303142	Sky Soaring Airport	
17809	Q35303156	Sky Valley Airpark	
17810	Q35303170	Sky Vista Ranch Airport	
17811	Q35303184	Sky-Go Farms Airport	
17812	Q35303200	Sky-Ranch Airport	
17813	Q35303215	Sky-Vu Airport	
17814	Q35303229	Skydive Chicago Airport	
17815	Q35303243	Skydive Iowa Airport	
17816	Q35303257	Skydive Lebanon Airport	
17817	Q35303271	Skye Dance Airport	
17818	Q35303285	Skyhaven Airpark	
17819	Q35303314	Skyhook Lodge Airport	
17820	Q35303327	Skyland Airport	
17821	Q35303341	Skylane Airport	
17822	Q35303355	Skylark Airport	
17823	Q35303369	Skyline Airpark	
17824	Q35303383	Skypoint Estates Airport	
17825	Q35283442	Negarbo	GBF
17826	Q16898225	Pergamino Aeroclub	
17827	Q16896371	Pampa Guanaco Airport	DPB
17828	Q35279978	Meran	
17829	Q35264836	Higginsville Industrial Municipal Airport	
17830	Q16896423	Parkland Airport	
17831	Q16896455	Parron Airport	
17832	Q35264760	HIG	
17833	Q16897532	Ust-Kuyga Airport	UKG
17834	Q35280013	Merkle Airport	
17835	Q35257678	Flying S Farm Airport	
17836	Q35257689	Flying S Ranch Airport	
17837	Q35257699	Flying S Ranch Airport	
17838	Q35257708	Flying S Ranch Airport	
17839	Q35257718	Flying S Ranch Airport	
17840	Q35257728	Flying S Ranch Airport	
17841	Q35257737	Flying Seminole Ranch Airport	
17842	Q35257747	Flying Shamrock Airport	
17843	Q35257758	Flying T Airport	
17844	Q35257768	Flying T Ranch Airport	
17845	Q35257778	Flying Ten Airport	
17846	Q35257789	Flying Tigers Airport	
17847	Q35257800	Flying U Airport	
17848	Q35257811	Flying U Ranch Airport	
17849	Q35257823	Flying V Airport	
17850	Q35257834	Flying V Ranch Airport	
17851	Q35257845	Flying W Air Park Inc	
17852	Q35257855	Flying W Airport	
17853	Q35257867	Flying W Airport	
17854	Q35257877	Flying W Airport	
17855	Q35257888	Flying W Airport	
17856	Q35257900	Flying W Airranch	
17857	Q35257912	Flying W Farms Airport	
17858	Q35257923	Flying W Ranch Airport	
17859	Q35257934	Flying W Ranch Airport	
17860	Q35257946	Flying X Ranch Airport	
17861	Q35257956	Flying X Ranch Airport	
17862	Q35257967	Flying X River Ranch Airport	
17863	Q35257978	Flying Y Service Airport	
17864	Q35257990	Flying Z Ranch Airport	
17865	Q35258001	Flying-A-Ranch Airport	
17866	Q35264509	Hester Airport	
17867	Q35264519	Hester Memorial Airport	
17868	Q35264530	Hexton Farms Airport	
17869	Q35264540	Hi-Acres Airport	
17870	Q35264550	Hiatt Airport	
17871	Q35264565	Hiawatha Municipal Airport	
17872	Q35264574	Hibbard's Airport	
17873	Q35264585	Hibbs Farm Airport	
17874	Q35264597	Hickory Acres Airport	
17875	Q35264608	Hickory Airport	
17876	Q35264619	Hickory Hill Airport	
17877	Q35264630	Hickory Hills Airport	
17878	Q35264641	Hickory Hills Airport	
17879	Q35264652	Hickory Ridge Airport	
17880	Q35264663	Hicks Landing Strip	
17881	Q35264675	Hidden Hills Airport	
17882	Q35264696	Hidden Springs Airpark	
17883	Q35264707	Hidden Springs Ranch Airport	
17884	Q35264718	Hidden Valley Airpark	
17885	Q35264728	Hidden Valley Airport	
17886	Q35264739	Hide-A-Way Lake Airport	
17887	Q35264749	Hide-Away Village Landing Strip	
17888	Q35264771	Higgins Brothers Airport	
17889	Q35264782	Higgins Lake Airport	
17890	Q35264792	Higgins-Lipscomb County Airport	
17891	Q35264913	High Acres Airport	
17892	Q35264924	High Banks Farm Landing Area Airport	
17893	Q35279967	Mentone Airport	
17894	Q35280002	Merchant Homestead Airport	
17895	Q35280023	Merrihew Airport	
17896	Q35280032	Merrill Landing Strip	
17897	Q35280043	Merritt 7 Helistop	
17898	Q35280053	Merritt Dam Landing Strip	
17899	Q35280063	Merry Airport	
17900	Q35280085	Mesa Verde Airport	
17901	Q35296536	Rotstein Airport	
17902	Q35296564	Routh Airport	
17903	Q35296581	Rowe Airport	
17904	Q35296607	Roy Browder Airport	
17905	Q35296621	Roy Hurd Memorial Airport	
17906	Q35296635	Roy Lee Landing Strip	
17907	Q35296649	Roy Ranch Airport	
17908	Q35296676	Royal Airport	
17909	Q35296690	RS Ag-Land Airport	
17910	Q35296733	Ruby Airport	
17911	Q35296746	Ruby's Landing	
17912	Q35296759	Ruckel Airport	
17913	Q35296772	Rucker Airport	
17914	Q16896454	Parral Villa Baviera Airport	
17915	Q16897386	Teply Klyuch Airport	KDY
17916	Q16897741	Zyryanka Airport	ZKP
17917	Q16897548	Vahitahi Airport	VHZ
17918	Q16897534	Ust-Nera Airport	USR
17919	Q16897241	Srednekolymsk Airport	SEK
17920	Q16896373	Panguipulli Airport	
17921	Q16896502	Pedro de Valdivia Airport	
17922	Q16898232	Peulla Airport	
17923	Q16896374	Panimávida Airport	
17924	Q16896414	Papageno Airport	
17925	Q16896415	Paredones Airport	
17926	Q35293742	Ribeira Grande	QEG
17927	Q35293536	Rewa Airport	REW
17928	Q35280192	Mexia-Limestone County Airport	
17929	Q35292485	Ray Community Airport	
17930	Q35280106	Meselia Airport	MFZ
17931	Q35279608	Meade Municipal Airport	
17932	Q35280170	Metter Municipal Airport	
17933	Q35301574	Sheriffs Helistop	
17934	Q35301627	Sherwood Farm Airport	
17935	Q35301639	Shields Airport	
17936	Q35301652	Shields Airport	
17937	Q35301679	Shilling's Airport	
17938	Q35301692	Shilo Farms Airport	
17939	Q35301705	Shiloh Airport	
17940	Q35301719	Shiloh Airport	
17941	Q35301733	Shiloh Plantation Airport	
17942	Q35301774	Shinn Bone Lane Airport	
17943	Q35301788	Shirley Williams Airport	
17944	Q35301804	Shissler Landing Strip	
17945	Q35301817	Shissler Seed Company Incorporated Airport	
17946	Q35301831	Shissler Seed Company Incorporated Airport	
17947	Q35301845	Shivers Airport	
17948	Q35301873	Shoemaker-Shelby Forest Airport	
17949	Q35301886	Shofner Farms Airport	
17950	Q35301900	Shore Airport	
17951	Q35301914	Short Air Airport	
17952	Q35301928	Short Creek Airport	
17953	Q35301942	Short Stop Airport	
17954	Q35301956	Short-N-Ruff Airport	
17955	Q35301971	Shorthorn Auxiliary Landing Strip	
17956	Q35301985	Show Me the Sky Airport	
17957	Q35298986	Sapmanga	SMH
17958	Q35298889	Santa Fe	
17959	Q35298627	Sanders Ranch Airport	
17960	Q35298641	Sandor Farms Airstrip	
17961	Q35298655	Sandstone Municipal Airport	
17962	Q35298669	Sandusky City Airport	
17963	Q35298683	Sandwich Airport	
17964	Q35298696	Sandy Acres Airport	
17965	Q35298709	Sandy Creek Ranch Airport	
17966	Q35298725	Sandy Flats Airport	
17967	Q35298738	Sandy Hill Airport	
17968	Q35298752	Sandy Point Airport	
17969	Q35298767	Sandy Run Acres Airport	
17970	Q35298792	Sanford Airport	
17971	Q35298806	Sanford Seaplane Base	
17972	Q35298779	Sanford-Lee County Brick Field Airport	
17973	Q35298820	Sanko Landing Strip	
17974	Q35298847	Sans Souci Estate Helistop	
17975	Q35298903	Santa Fe River Ranch Airport	
17976	Q35298917	Santa Maria Ranch Airport	
17977	Q35298931	Santa Rosa Helistop	
17978	Q35298945	Santee Golf Air Strip	
17979	Q35298959	Santiago Cattle Co. Airport	
17980	Q35298973	Sapelo Island Airport	
17981	Q35299013	Saranac Farm Airport	
17982	Q35299039	Sargent Municipal Airport	
17983	Q35299064	Sartwelle Ranch Airport	
17984	Q35299076	Sarzana / Luni	
17985	Q35299090	Sass Landing Strip	
17986	Q35299104	Satanta Municipal Airport	
17987	Q35299130	Saturday Island Tank Battery Seaplane Base	
17988	Q35299144	Sauer Airport	
17989	Q35295725	Rodeo Airstrip	
17990	Q35295738	Rodgers Roost Airport	
17991	Q35295752	Rods Fox Valley Seaplane Base	
17992	Q35268196	Jackson Airport	
17993	Q35268256	Jacksonville Municipal Airport	
17994	Q35268265	Jacksonville Municipal Airport	IJX
17995	Q35268043	J D Milton Farm Airport	
17996	Q35268052	J F Ranch Airport	
17997	Q35268062	J J and T Airport	
17998	Q35268074	J Lutz	
17999	Q35268083	J Maddock Airport	
18000	Q35268102	J. H. Hendrie Farms Airport	
18001	Q35268109	J.R.'s Airport	
18002	Q35268117	J5 Mike Airport	
18003	Q35268126	JAARS-Townsend Airport	
18004	Q35268136	Jablonski Airport	
18005	Q35268146	Jacalon Ranch Airport	
18006	Q35268156	Jack Oak Airport	
18007	Q35268165	Jack Poore Airport	
18008	Q35268175	Jack W. Watson Airport	
18009	Q35268186	Jacksboro Municipal Airport	
18010	Q35268206	Jackson County Airport	
18011	Q35268216	Jackson Landing Strip	
18012	Q35268246	Jacksonville Airport	
18013	Q35268275	Jacktown Airport	
18014	Q35268285	Jacobi Airport	
18015	Q35268295	Jacobs Airport	
18016	Q35268305	Jajao	
18017	Q35268315	James Curtis Landing Strip	
18018	Q35268324	James Landing Strip	
18019	Q35268334	James Pasture Airport	
18020	Q35268343	Jamestown Municipal Airport	
18021	Q35284221	Ningerum Airport	NGR
18022	Q35284166	Niihama	
18023	Q35284102	Nicholson Airport	
18024	Q35283880	New Tazewell Municipal Airport	
18025	Q35283901	Newark Dock	
18026	Q35283911	Newbold Landing Strip	
18027	Q35283922	Newbrough Airport	
18028	Q35283932	Newby Landing Airport	
18029	Q35283943	Newcomb Hereford Ranch Airport	
18030	Q35283954	Newell Flying Service Airport	
18031	Q35283965	Newfound Valley Airport	
18032	Q35283975	Newman Farm Airport	
18033	Q35283986	Newman Landing Strip	
18034	Q35283997	Newport Helistop	
18035	Q35284007	Newport Meadows Seaplane Base	
18036	Q35284017	Newport Sky Park	
18037	Q35284028	Newport Woods Airport	
18038	Q35284040	Newton Conover Airport	
18039	Q35284051	NI-11 Airport	
18040	Q35284062	Nichol Airpark	
18041	Q35284073	Nichols Airport	
18042	Q35284084	Nichols Landing Strip	
18043	Q35284093	Nichols RLA Airport	
18044	Q35284111	Nick's Flying Service Inc	
18045	Q35284123	Nielsen's Airport	
18046	Q35284134	Nielsville Airport	
18047	Q35284145	Nietz Airstrip	
18048	Q35284156	Night Hawk Airpatch	
18049	Q35284177	Nikkila Farms Airport	
18050	Q35284188	Niklaus RLA Airport	
18051	Q35284198	Nils Perhson Field	
18052	Q35284209	Nimsick Airport	
18053	Q35295808	Rogers Airport	
18054	Q35295822	Rogers Airport	
18055	Q35295835	Rogers Airport	
18056	Q35296012	Rolpa	RPA
18057	Q35295766	Roeder Airport	
18058	Q35295780	Roepke Landing Strip	
18059	Q35295794	Roger M. Dreyer Memorial Airport	
18060	Q35295849	Rogers Brothers Landing Strip	
18061	Q35295862	Rogert Airstrip	
18062	Q35295890	Roland Airport	
18063	Q35295904	Roll Brothers Airport	
18064	Q35295917	Roll-N-Ridge Airport	
18065	Q35295931	Rollert Farm Airport	
18066	Q35295944	Rolling Hills Convalescent Center Airport	
18067	Q35295958	Rolling Shoals Farm Airport	
18068	Q35295972	Rollins Building Airport	
18069	Q35295986	Rollins Stolport	
18070	Q35296000	Rollow Airport	
18071	Q35296025	Roma Airport	
18072	Q35296076	Romor Ranch Airport	
18073	Q35296103	Ron Wood Airport	
18074	Q35296117	Roney Farms Airport	
18075	Q35296131	Ronson-Cherry Hill Helistop	
18076	Q35296146	Ronsse Landing Strip	
18077	Q35296160	Roos Landing Strip	
18078	Q35296174	Roosevelt Memorial Airport	
18079	Q35296188	Roosterville Airport	
18080	Q35296202	Root Hog Airport	
18081	Q35296215	Ropp Airpark	
18082	Q35296241	Rosackers Number 2 Seaplane Base	
18083	Q35296255	Roscoe McConnico Airport	
18084	Q35268396	Jasper	JAS
18085	Q35268490	Jefferson Municipal Airport	EFW
18086	Q35268471	Jefferson County Airport	
18087	Q35268367	Jantzen Airport	
18088	Q35268353	Jamison Airstrip	
18089	Q35294818	Riviera Airport	
18090	Q35294832	RLM Farms Airport	
18091	Q35294844	RMR Ranch Airport	
18092	Q35260775	Graham Municipal Airport	
18093	Q35295431	Rock Rapids Municipal Airport	
18094	Q35295553	Rocksprings	
18095	Q35254165	Edwards County Airport	
18096	Q35295327	Robstown	
18097	Q35295288	Robinson River	RNR
18098	Q35254136	Edwards Airport	
18099	Q35254146	Edwards Airport	
18100	Q35254155	Edwards Airport	
18101	Q35295682	Rocky Ridge Airport	
18102	Q35261082	Grazzanise	
18103	Q35260995	Grass Roots Airport	
18104	Q35261006	Grass Roots Airport	
18105	Q35254075	Edgar Read Airport	
18106	Q35254085	Edgington Ranch Airport	
18107	Q35254095	Edgren Airport	
18108	Q35254105	Edmond Airport	
18109	Q35254115	Edna Municipal Airport	
18110	Q35254125	Edward Getzelman Airport	
18111	Q35254175	Edwards Farm Airport	
18112	Q35254185	Edwards Lucian Wells Ranch Airport	
18113	Q35254195	Edwin G. Bennett Airport	
18114	Q35254216	Eglin Test Site B6 Airport	
18115	Q35254225	Ehni Airport	
18116	Q35254234	Ehrhardt Airport	
18117	Q35254243	Eicher Airport	
18118	Q35254253	Eickhoff Strip	
18119	Q35254262	Eickholtz Airport	
18120	Q35254272	Eifling Farms Airport	
18121	Q35254282	Eightyone Airport	
18122	Q35254292	Eisenbeck Ranch Airport	
18123	Q35254311	Ekdahl Airport	
18124	Q35254340	El Caballero Airport	
18125	Q35254349	El Campo Airpark	
18126	Q35254359	El Cerrito Airport	
18127	Q35254369	El Coyote Ranch Airport	
18128	Q35254379	El Dorado Springs Memorial Airport	
18129	Q35254389	El Jardin Ranch Airport	
18130	Q35260786	Grammar Airport	
18131	Q35260797	Grand Bay Seaplane Base	
18132	Q35260808	Grand Glaize- Osage Beach Airport	
18133	Q35260819	Grand Isle Airport	
18134	Q35260842	Grand Marais-Devil Track Airport	
18135	Q35260853	Grand Meadow Airport	
18136	Q35260864	Grand Valley Lands Airport	
18137	Q35260875	Grandcraft Landing Strip Airport	
18138	Q35260886	Grandlienard-Hogg Airport	
18139	Q35260896	Grandpa's Farm Mendota Airport	
18140	Q35260907	Grandpappy Point Landing Strip	
18141	Q35260929	Granite Shoals Municipal Airport	
18142	Q35260940	Grant Airport	
18143	Q35260962	Grant Landing Strip	
18144	Q35260979	Grass Patch Airport	
18145	Q35260985	Grass Roots Airpark	
18146	Q35261028	Gravco Airport	
18147	Q35261050	Gray Airport	
18148	Q35261060	Grayhill Airport	
18149	Q35261071	Grays Creek Airport	
18150	Q35261093	Great Lakes Airport	
18151	Q35261104	Great Oaks Airport	
18152	Q35261115	Greater Beardstown Airport	
18153	Q35261126	Greater Gortner Airport	
18154	Q35261137	Greater Morris County Airport	
18155	Q35279817	Meitl Airport	
18156	Q35279828	Melanie's Airport	
18157	Q35279838	Melby Airport	
18158	Q35279849	Mellon Ranch Airport	
18159	Q35279860	Melody Ranch Airport	
18160	Q35279870	Melrose Landing Airport	
18161	Q35279881	Melton Airport	
18162	Q35279892	Melville Landing Strip	
18163	Q35279903	Melvin Village Airport	
18164	Q35279924	Memphis Memorial Airport	
18165	Q35295264	Robinson Private Airport	
18166	Q35295276	Robinson Ranch Airport	
18167	Q35295301	Robison Airport	
18168	Q35295315	Robotek Airport	
18169	Q35295367	Rock Creek Farm Airport	
18170	Q35295379	Rock Creek Ranch Airport	
18171	Q35295392	Rock Cut Farms Airport	
18172	Q35295418	Rock Port Municipal Airport	
18173	Q35295445	Rockenbach Airport	
18174	Q35295470	Rockin 7 Ranch Airport	
18175	Q35295483	Rocking A Airport	
18176	Q35295497	Rocking A Farm Airport	
18177	Q35295511	Rocking R Ranch Airport	
18178	Q35295525	Rockledge Airport	
18179	Q35295539	Rockpile Ranch Airport	
18180	Q35295566	Rockwall Municipal Airport	
18181	Q35295580	Rockwell City Municipal Airport	
18182	Q35295594	Rocky Acres Airport	
18183	Q35295608	Rocky Creek Ranch Airport	
18184	Q35295637	Rocky Pine Airport	
18185	Q35295653	Rocky Point Airport	
18186	Q35295668	Rocky R Ranch Landing Strip	
18187	Q35295696	Rocky Top Ranch Airport	
18188	Q35295709	Rockys Place Airport	
18189	Q35302609	Sioux Center Municipal Airport	
18190	Q35302633	Sissano	SIZ
18191	Q35269049	Johnson Airport	
18192	Q35269059	Johnson Airport	
18193	Q35269070	Johnson Airport	
18194	Q35269081	Johnson Airport	
18195	Q35269091	Johnson Airport	
18196	Q35269126	Johnson Airport	
18197	Q35297616	Sahabat Sahabat 16 Airport	SXS
18198	Q35269182	Johnson Lake Airport	
18199	Q35269038	Johns-Manville	
18200	Q35269259	Johnston Airport	
18201	Q35269159	Johnson County Airport	
18202	Q35269171	Johnson Farm Airport	
18203	Q35269192	Johnson Landing Strip	
18204	Q35269203	Johnson Landing Strip	
18205	Q35269214	Johnson Landing Strip	
18206	Q35269225	Johnson Memorial Airport	
18207	Q35269235	Johnson Ranch Airport	
18208	Q35269247	Johnsons Airport	
18209	Q35269281	Johnston Farm Airport	
18210	Q35269292	Jolamtra Landing Area Airport	
18211	Q35269303	Jones Air Park	
18212	Q35269314	Jones Memorial Airport	
18213	Q35269323	Jonesville Airport	
18214	Q35269334	Jonesville Lock Landing Strip	
18215	Q35269367	Jordan Ranch Airport	
18216	Q35269389	Jordans Airport	
18217	Q35269399	Joseph Ross Scherdin Airport	
18218	Q35269410	Joye Ranch Airport	
18219	Q35269421	Jsi Airport	
18220	Q35269101	Lothert's Farm Strip Aerodrome	
18221	Q35297305	Rutten Dusting Strip	
18222	Q35297319	Ruzicka Airport	
18223	Q35297332	RWR Landing Strip	
18224	Q35297344	Ryan Aerodrome	
18225	Q35297358	Ryans Airport	
18226	Q35297397	Rybolt Ranch Airport	
18227	Q35297426	S & S Avion Ranch Airport	
18228	Q35297440	S & S Landing Strip Airport	
18229	Q35297453	S and S Flying Service Airport	
18230	Q35297465	S and S Landing Strip	
18231	Q35297485	Sabetha Municipal Airport	
18232	Q35297507	Saddleback Ranch Airport	
18233	Q35297520	Saddleback Ranch Number 2 Airport	
18234	Q35297602	Sagrera Landing Strip	
18235	Q35297630	Sahoma Lake Airport	
18236	Q35297658	Saint Anthony Hospital Airport	
18237	Q35297672	Saint Dominic-Jackson Memorial Hospital Airport	
18238	Q35297687	Saint Francis Municipal Airport	
18239	Q35297712	Saint James Helistop	
18240	Q35297726	Saint Joseph Hospital Airport	
18241	Q35297740	Saint Mary Hospital Airport	
18242	Q35297754	Saint Mary Medical Center Airport	
18243	Q35297781	Saint Marys Medical Center Airport	
18244	Q35297796	Saint Marys Seaplane Base	
18245	Q35297810	Saint Peter Municipal Airport	
18246	Q35297824	Saint Rose Airport	
18247	Q35297838	Saint Thomas Hospital Airport	
18248	Q35297853	Saint Vincent Hospital Health Care Center Airport	
18249	Q35302469	Simpson Airport	
18250	Q35302482	Simpson Landing Strip	
18251	Q35302496	Sindt Airport	
18252	Q35302511	Sinele Strip	
18253	Q35302525	Sineles Sunset Strip	
18254	Q35302552	Singapore Highway Strip Pioneer	
18255	Q35302566	Singing River Hospital Airport	
18256	Q35302580	Singleton's Landing Strip Airport	
18257	Q35302674	Six Oaks Airport	
18258	Q35302688	Sixberrys Landing Seaplane Base	
18259	Q35302701	Sizer Airport	
18260	Q35302715	Skalitsky Airport	
18261	Q35302729	Skarda/Tollville Airport	
18262	Q35302743	Skeeter Landing Airport	
18263	Q35302756	Skellytown Airport	
18264	Q35302770	Skelton Landing Strip	
18265	Q35302800	Ski Harbor Airport	
18266	Q35302810	Skiatook Municipal Airport	
18267	Q35302822	Skida Patch Airport	
18268	Q35302835	Skillet Fork Farm Airport	
18269	Q35302849	Skinner Airport	
18270	Q35302863	Skinner Airport	
18271	Q35302876	Skinners Wholesale Nursery Airport	
18272	Q35302889	Skip's Place Airport	
18273	Q35302904	Skis Landing Area	
18274	Q35302917	Sky Acres Airport	
18275	Q35302931	Sky Harbor Residential Airpark	
18276	Q35302959	Sky Harbor Seaplane Terminal	
18277	Q35297480	Sabah	SBV
18278	Q35283485	Nelson Airport	
18279	Q35283495	Nelson Airport	
18280	Q35283506	Nelson Airport	
18281	Q35283516	Nelson Airport	
18282	Q35283526	Nelson Airport	
18283	Q35283464	Neil's Sky Ranch Airport	
18284	Q35283475	Neiner Airport	
18285	Q35283536	Nelson Private Airport	
18286	Q35283544	Nelson Weber Airport	
18287	Q35283552	Nemec Airport	
18288	Q35283605	Neodesha Municipal Airport	
18289	Q35283616	Nergenah Airport	
18290	Q35283627	Ness City Municipal Airport	
18291	Q35283647	Nettie's Place Airport	
18292	Q35283657	Neuwirth Airstrip	
18293	Q35283667	Nevada Municipal Airport	
18294	Q35283689	Neverland Airport	
18295	Q35283710	Neversweat Airport	
18296	Q35283721	Neversweat Too Airport	
18297	Q35283731	Nevis Airport	
18298	Q35283751	New England Gliderport	
18299	Q35283762	New Hampton Municipal Airport	
18300	Q35283772	New Hibiscus Airpark	
18301	Q35283783	New Horizon Airport	
18302	Q35283794	New Jersey Highway Authority - Administration Building Helispot	
18303	Q35283816	New Jersey Steel Helistop	
18304	Q35283847	New Prater Ranch Airport	
18305	Q35283858	New River Gorge Airport	
18306	Q35283869	New Salem Aerodrome	
18307	Q35283678	Nevada Municipal Airport	NVD
18308	Q35300168	Searle Airport	OGA
18309	Q35300435	Selbang	SBC
18310	Q35300463	Selfs Airport	MMS
18311	Q35300105	Seacat Brothers Landing Strip	
18312	Q35300119	Seafood Warehouse Park Airport	
18313	Q35300131	Seagoville Airport	
18314	Q35300144	Seagraves Airport	
18315	Q35300179	Searls RLA 59 Airport	
18316	Q35300192	Sears Airport	
18317	Q35300205	Seaways South Incorporated Seaplane Base	
18318	Q35300217	Sebastian Cove Airport	
18319	Q35300229	Sebewaing Airport	
18320	Q35300243	Secrest Ranch Airport	
18321	Q35300259	Secret Spot Airport	
18322	Q35300273	Sedan City Airport	
18323	Q35300300	Sedivy Landing Strip	
18324	Q35300314	Seeligson Ranch Airport	
18325	Q35300328	Seeman Airport	
18326	Q35300340	Segars Airport	
18327	Q35300351	Sehoy Airport	
18328	Q35300365	Seidel Ranch Airport	
18329	Q35300379	Seigfried Halfpap Airport	
18330	Q35300393	Seigmanns Airport	
18331	Q35300407	Seiling Airport	
18332	Q35300421	Seitz Landing Strip	
18333	Q35300449	Selby Farm Airport	
18334	Q35300477	Sellers Airport	
18335	Q35300492	Sellers Airport	
18336	Q35300506	Sells Airport	
18337	Q35299224	Savannah-Hardin County Airport	
18338	Q35299238	Savo	
18339	Q35299158	Sauer-Harter Airport	
18340	Q35299170	Sauk Centre Municipal Airport	
18341	Q35299210	Savannah Agri-Air Airport	
18342	Q35299252	Saw Whet Farms Airport	
18343	Q35299266	Sawyer Farm Airport	
18344	Q35299280	Saxon Farms Airport	
18345	Q35299294	Sayre Municipal Airport	
18346	Q35299309	Scandia-Belleville Airport	
18347	Q35299321	Schaback Strip	
18348	Q35299335	Schaefer Orchards Landing Strip	
18349	Q35299349	Schaller Airport	
18350	Q35299363	Schaper Landing Strip	
18351	Q35299391	Scheller Airport	
18352	Q35299405	Schenck Landing Strip	
18353	Q35299418	Scherer Landing Strip	
18354	Q35299432	Schertz Aerial Service - Cooksville Airport	
18355	Q35299446	Schertz Aerial Service - Hudson Airport	
18356	Q35299459	Schexnayder Airport	
18357	Q35299473	Schiff Airport	
18358	Q35299487	Schiffer Acres Airport	
18359	Q35299496	Schjeldrup Airport	
18360	Q35299516	Schlemmer Airport	
18361	Q35299530	Schlosser Airport	
18362	Q35299543	Schlosser Airport	
18363	Q35299557	Schmid Airport	
18364	Q35299570	Schneider Haven Airstrip	
18365	Q35299584	Schoettmer Farm Airport	
18366	Q35299598	Schoharie Creek Airport	
18367	Q35269817	Karawari	KRJ
18368	Q35269722	Kanabea Airport	KEX
18369	Q35269733	Kanainj	KNE
18370	Q35269775	Kanua	KTK
18371	Q35269584	Kagua Airport	AGK
18372	Q35269785	Kapal Airport	KPL
18373	Q35269806	Karato Airport	KAF
18374	Q35269552	Kabwum Airport	KBM
18375	Q35269796	Kar Kar	KRX
18376	Q35269694	Kamianets Podilskyi	
18377	Q35269683	Kamberatoro Airport	KDQ
18378	Q35299981	Scott's Sky Ranch Airport	
18379	Q35299995	Scottbrook Farm Airport	
18380	Q35300023	Scottsburg Airport	
18381	Q35300037	Scotty's Place Airport	
18382	Q35300051	Scrabeck Airport	
18383	Q35300065	Scrappin Valley Airport	
18384	Q35300079	Scurry Airport	
18385	Q21003978	Los Oteros Airport	
18386	Q21002756	El Avellano Airport	
18387	Q21002762	El Carrizal Airport	
18388	Q21002830	Estancia Los Loros Airport	
18389	Q21003289	Las Misiones Airport	
18390	Q21003292	Las Moras Airport	
18391	Q21003360	Los Monos Airport	
18392	Q21003392	Melipeuco Airport	
18393	Q21003489	Pozo Brujo Airport	
18394	Q21003538	Purrahuín Airport	
18395	Q35270443	Kerau	KRU
18396	Q35285308	Oakdale	
18397	Q35270618	Khok Kathiam Airport	
18398	Q35270531	Kewanee Municipal Airport	
18399	Q35270749	Kimball Municipal Airport	
18400	Q35285362	Oakley Municipal Airport	
18401	Q35270864	King Airport	
18402	Q35270874	King Airport	
18403	Q35270448	Kermizian Airport	
18404	Q35270456	Kerr Airport	
18405	Q35270465	Kershaw Airport	
18406	Q35270476	Kester Fly Inn Airport	
18407	Q35270487	Kestrel Airpark	
18408	Q35270498	Ketchum Airport	
18409	Q35270509	Ketchum Ranch Airport	
18410	Q35270520	Keutzer Airport	
18411	Q35270542	Keyes Ranch Airport	
18412	Q35270553	Keymar Airpark	
18413	Q35270564	Keysa Airport	
18414	Q35270574	Keyser Airport	
18415	Q35270595	Keystone Ranch Airport	
18416	Q35270606	Kezer Air Ranch Airport	
18417	Q35270641	Kibler Airport	
18418	Q35270651	Kibs Air Park	
18419	Q35270662	Kifer Airport	
18420	Q35270684	Kilgore Airport	
18421	Q35270695	Killarny Farm Airport	
18422	Q35270706	Killion Ranch Airport	
18423	Q35270716	Kilpatrick Farm Airport	
18424	Q35270727	Kilsoquah Farm Airport	
18425	Q35270738	Kimball Farm Service Inc Airport	
18426	Q35270760	Kimballs Airport	
18427	Q35270771	Kimberling Airport	
18428	Q35270781	Kimberly Airport	
18429	Q35270793	Kimberly Airport	
18430	Q35270815	Kimmel Airport	
18431	Q35270824	Kimray Airport	
18432	Q35270832	Kimrey Airport	
18433	Q35270843	Kimzey Airport	
18434	Q35270854	King Air Airport	
18435	Q35270885	King Ranch Airport	
18436	Q35270896	King Seaaero Seaplane Base	
18437	Q35270907	King Sky Ranch Airport	
18438	Q35285114	O K Flying Club Inc Airport	
18439	Q35285124	O S Wyatt Airport	
18440	Q35285135	O'Brien Airpark East/West	
18441	Q35285146	O'Brien Flying Service Airport	
18442	Q35285156	O'Brien Landing Strip	
18443	Q35285167	O'Connor Landing Strip	
18444	Q35285178	O'Riley Airport	
18445	Q35285189	Oak Glen Ranch Airport	
18446	Q35285199	Oak Harbor Seaplane Base	
18447	Q35285210	Oak Knoll Airport	
18448	Q35285222	Oak Knoll Farm Airport	
18449	Q35285232	Oak Lake Air Strip Airport	
18450	Q35285243	Oak Ridge Airpark	
18451	Q35285254	Oak Ridge Airport	
18452	Q35285265	Oak Ridge Airport	
18453	Q35285275	Oak Ridge Farms Airport	
18454	Q35285286	Oak Ridge Plantation Airport	
18455	Q35285297	Oak Tree Landing	
18456	Q35285319	Oakdale Municipal Airport	
18457	Q35285330	Oakhill Airpark	
18458	Q35285341	Oakland Farms	
18459	Q35285351	Oakley Airport	
18460	Q35285373	Oaks Airport	
18461	Q35285381	Oaks Helistop	
18462	Q35285388	Oakview Airport	
18463	Q35304837	South Point Airport	
18464	Q35304851	Southeast Alabama Medical Center Airport	
18465	Q35304866	Southeast Greensboro Airport	
18466	Q35304880	Southeastern Airport	
18467	Q35304895	Southerland Strip	
18468	Q35304907	Southerly Airport	
18469	Q35304919	Southern Aero Sports Airport	
18470	Q35304932	Southern Ag Aviation Airport	
18471	Q35304946	Southern Comforts Aerodrome	
18472	Q35304959	Southern Fruit Groves Airport	
18473	Q35304974	Southern Helicopters Airport	
18474	Q35304988	Southern Natural Gas Company Seaplane Base	
18475	Q35305001	Southern Oaks Airport	
18476	Q35305015	Southern Ranch Airport	
18477	Q35305028	Southern Skies Airport	
18478	Q35269431	JTJ Ranch Airport	
18479	Q35269442	Judy Ranch Airport	
18480	Q35269477	Just Plane Fun Airpark	
18481	Q35269488	JW Airport	
18482	Q35269499	JW Stone Airport	
18483	Q35269510	K & D Airport	
18484	Q35269521	K Bar Ranch Airport	
18485	Q35269530	K C Ranch Landing Strip	
18486	Q35269541	K Ranch Airport	
18487	Q35269595	Kahoka Municipal Airport	
18488	Q35269606	Kahuna Bay Airport	
18489	Q35269651	KAKE Helistop	
18490	Q35269662	Kakolewo	
18491	Q35269673	Kalt Ranch Airport	
18492	Q35269765	Kanopolis State Park Airport	
18493	Q35269827	Kardys Airport	
18494	Q35269573	Kagi Airstrip	KGW
18495	Q21416720	Jamba Airport	JMB
18496	Q35299967	Scott City Municipal Airport	
18497	Q21065808	San José Airport, Las Perlas	SIC
18498	Q35300093	Scusciuban Airport	
18499	Q21039434	Kenana Airport	
18500	Q21019835	Pirassununga Airport	
18501	Q35298586	Sanders Airport	
18502	Q35298600	Sanders Airport	
18503	Q21019827	Ariquemes Airport	
18504	Q21014404	Khurais Airport	
18505	Q35298360	San Jose Island Airport	
18506	Q21197566	Richard Downing Airport	
18507	Q35299927	Scott Airport	
18508	Q35299940	Scott Airport	
18509	Q21003302	Las Águilas Oriente Airport	
18510	Q21003335	Llolle Norte Airport	
18511	Q21416719	N'dalatando Airport	NDF
18512	Q21335339	Paloich Airport	HGI
18513	Q21405667	Saqqez Airport	
18514	Q35270249	Kenly Airport	
18515	Q35270260	Kennebunk Airport	
18516	Q35270271	Kennedy Executive Airport	
18517	Q35270282	Kennedy Glider Port	
18518	Q35270293	Kennedy Intranational Airport	
18519	Q35270304	Kennedy Ranch Airport	
18520	Q35270314	Kenner Farm Airport	
18521	Q35270326	Kennersley Airport	
18522	Q35270337	Kenneth Hayward Airport	
18523	Q35270348	Kenneth Moll Airport	
18524	Q35270359	Kenneys Airstrip	
18525	Q35270370	Kenstin Manor Airport	
18526	Q35270381	Kent County Airport	
18527	Q35270392	Kent Fort Manor Airport	
18528	Q35270402	Kent's Flying Service Airport	
18529	Q35270423	Kentucky Creek Landing Airport	
18530	Q35270434	Keosauqua Municipal Airport	
18531	Q35298055	Saints Strip	
18532	Q35298068	Salado Airport	
18533	Q35298082	Salaika Aviation Airport	
18534	Q35298097	Saline Airport	
18535	Q35298110	Salmon Falls Airport	
18536	Q35298166	Salsbery Airport	
18537	Q35298181	Salser Landing Strip	
18538	Q35298195	Salt River Airport	
18539	Q35298209	Salty Approach Airport	
18540	Q35298223	Saluda County Airport	
18541	Q35298236	Sammons Airport	
18542	Q35298249	Sampson Memorial Hospital Airport	
18543	Q35298263	Samuel L. Clemens Memorial Airport	
18544	Q35298278	San Augustine County Airport	
18545	Q35298290	San Benito Municipal Airport	
18546	Q35298318	San Christoval Ranch Airport	
18547	Q35298346	San Geronimo Airpark	
18548	Q35298448	San Pedro Ranch Airport	
18549	Q35298462	San Rafael Ranch Airport	
18550	Q35298476	San Saba County Municipal Airport	
18551	Q35298489	San Ysidro Ranch Airport	
18552	Q35298518	Sanctuary Airport	
18553	Q35298532	Sand Bar Seaplane Base	
18554	Q35298545	Sand Lake Seaplane Base	
18555	Q35298558	Sand Ridge AirPark Inc	
18556	Q35298572	Sandbur Ranches Private Airport	
18557	Q35298614	Sanders Gyroport	
18558	Q35299612	Schoolcraft Airport	
18559	Q35299640	Schooley Airport	
18560	Q35299654	Schott Airport	
18561	Q35299668	Schroeder Airport	
18562	Q35299681	Schroeder Private Airport	
18563	Q35299694	Schuler-Olsen Landing Strip	
18564	Q35299708	Schultz Landing Strip	
18565	Q35299722	Schumacher Airport	
18566	Q35299736	Schumaier RLA Airport	
18567	Q35299749	Schurr Airport	
18568	Q35299763	Schurr Landing Strip	
18569	Q35299777	Schutte Airport	
18570	Q35299790	Schuy-Rush Airport	
18571	Q35299804	Schuyler Airport	
18572	Q35299818	Schwartz Farms Inc Airport	
18573	Q35299831	Schwerin Landing Strip	
18574	Q35299845	Scotia Airport	
18575	Q35299859	Scotland Neck East Airport	
18576	Q35299873	Scott 2000 Airport	
18577	Q35299954	Scott Airstrip	
18578	Q35268387	Jasmine Hill Airport	
18579	Q35268403	Javika Airport	
18580	Q35268412	Jay Airport	
18581	Q35268422	Jay Kay Ranch Airport	
18582	Q35268433	Jay Schertz Farm Airport	
18583	Q35268443	Jazz Ranch Airport	
18584	Q35268452	JCJ Farm Airport	
18585	Q35268461	Jean Wood Airport	
18586	Q35268515	Jen Bird Air Park	
18587	Q35268524	Jena Airport	
18588	Q35268544	Jenkinson Airport	
18589	Q35268553	Jennings Airport	
18590	Q35268561	Jennings Ranch Airport	
18591	Q35268570	Jennings Ranch Airport	
18592	Q35268579	Jennings Randolph Field	
18593	Q35268589	Jernigan Airport	
18594	Q35268600	Jerome Airport	
18595	Q35268610	Jerry E Staab Airport	
18596	Q35268620	Jerry Phibbs Airport	
18597	Q35268629	Jersey City Seaplane Base	
18598	Q35268639	Jersey Turnpike New Brunswick Helistop	
18599	Q35268649	Jerseyville Aviation Inc Airport	
18600	Q35268659	Jet Ag Inc Airport	
18601	Q35268481	Jefferson Landings Airport	
18602	Q20466544	Komatipoort Airport	KOF
18603	Q20466395	Xique-Xique Airport	
18604	Q20466687	Capelinha Airport	
18605	Q20466256	Buritirama Airport	
18606	Q20466501	Calapan National Airport	
18607	Q20466551	Campo Alegre De Lourdes Airport	
18608	Q20466450	Cabo Velas Airport	
18609	Q20466484	Caibarien Airport	
18610	Q20466618	Candote Airport	
18611	Q20466547	Campina Verde Airport	
18612	Q20466518	Camapua Airport	
18613	Q20466197	Kitty Hawk Aero Estate Airport	
18614	Q20466136	Kisenge Airport	
18615	Q20466542	Komati Power Station Airport	
18616	Q20466561	Yedi Airport	
18617	Q20466392	Xieng Khouang North Airport	
18618	Q20466449	Yala Airport	
18619	Q20466488	Caicara del Orinoco Airport	CXA
18620	Q20466222	Wilcannia Airport	WIO
18621	Q20466272	Witu Airport	WIU
18622	Q35303632	Slayton Municipal Airport	NSL
18623	Q35303438	Skyview Airport	
18624	Q35303451	Skyview Airport	
18625	Q35303806	Smith Airport	
18626	Q35303820	Smith Airport	
18627	Q35303834	Smith Airport	
18628	Q35303846	Smith Airport	
18629	Q35303397	Skyriders Airport	
18630	Q35303411	Skyridge Airport	
18631	Q35303424	Skytop Airport	
18632	Q35303465	Skyview Ranch Airport	
18633	Q35303478	Skyway Ranch Landing Strip	
18634	Q35303491	Skywest Airpark	
18635	Q35303506	Skywest Airport Inc.	
18636	Q35303520	Slack Airport	
18637	Q35303534	Slagel Strip	
18638	Q35303548	Slate Run Airport	
18639	Q35303562	Slater Memorial Airport	
18640	Q35303576	Slaton Municipal Airport	
18641	Q35303591	Slaughter Airport	
18642	Q35303604	Slaughter Ranch Airport	
18643	Q35303646	Sleepy Eye Municipal Airport	
18644	Q35303660	Sleepy Hill Landing Strip	
18645	Q35303674	Sleepy Hollow Airport	
18646	Q35303688	Slip Knot Landing Airport	
18647	Q35303701	Sloan Airport	
18648	Q35303715	Sloan's Airport	
18649	Q35303756	Sloop Airport	
18650	Q35303770	Smart Road Airport	
18651	Q35303793	Smith Air Strip Airport	
18652	Q20982440	Mui Airport	MUJ
18653	Q20829816	Esperanza Airport, Chile	
18654	Q20881003	Curimanques Airport	
18655	Q20735297	Strawberry Field	
18656	Q20880980	Pichidangui Airport	
18657	Q20743711	Conway Regional Airport	
18658	Q20735356	Coyle Field	
18659	Q20910609	Adareil Airport	
18660	Q20881185	El Corte Airport	
18661	Q20828090	Cochamó Airport	
18662	Q20828106	Posesión Airport	
18663	Q20828213	Rincón Bonito Airport	
18664	Q20881093	El Boco Airport	
18665	Q20881010	Poyo Airport	
18666	Q20880946	Puerto Marín Balmaceda Airport	
18667	Q20881068	Queilén Airport	
18668	Q20881079	Quemchi Airport	
18669	Q21002710	Curacautín Airport	
18670	Q21002540	Almahue Airport	
18671	Q35302620	Sipitang Airport	SPT
18672	Q35297574	Sagarai	SGJ
18673	Q35297644	Saih Rawl	AHW
18674	Q35302539	Sines Airport	
18675	Q35269137	Johnson City Airport	
18676	Q35269270	Johnston County Airport	
18677	Q35297495	Sac City Municipal Airport	
18678	Q35297291	Ruti	RUU
18679	Q35302412	Simbai Airport	SIM
18680	Q35297248	Rutherford County Airport	
18681	Q35297166	Russell Municipal Airport	RSL
18682	Q35302257	Silgadi Doti Airport	SIH
18683	Q35270086	Keglsugl Airport	KEG
18684	Q35302284	Silur	SWR
18685	Q35302067	Siassi	SSS
18686	Q35302383	Sim	SMJ
18687	Q35302091	Sibley Municipal Airport	
18688	Q35269879	Karoola Airport	KXR
18689	Q35302312	Silver Creek Airport	
18690	Q35302428	Simmons Airport	
18691	Q35302441	Simmons Airport	
18692	Q35302026	Shultz	
18693	Q35270076	Keech Airport	
18694	Q35297130	Russell Airport	
18695	Q35297154	Russell Airport	
18696	Q35269838	Karlock Airport	
18697	Q35269848	Karlstad Municipal Airport	
18698	Q35269860	Karnes County Airport	
18699	Q35269910	Kastanek Airport	
18700	Q35269921	Kastrikum Airport	
18701	Q35269932	Kathys Patch Airport	
18702	Q35269953	Kaufmans Landing Strip	
18703	Q35269986	Kay Air Airport	
18704	Q35269998	Kay Airport	
18705	Q35270009	Kay Ranch Airport	
18706	Q35270020	Kaypod Airport	
18707	Q35270031	Kaywood Plantation Airport	
18708	Q35270054	Kazuma Airport	
18709	Q35270065	Kecks Airport	
18710	Q35270096	Keil Airport	
18711	Q35270107	Keller Airport	
18712	Q35270118	Keller Brothers Landing Strip	
18713	Q35270129	Kelley Crop Service Airport	
18714	Q35270140	Kelleys Airport	
18715	Q35270151	Kellums Airport	
18716	Q35270161	Ken Guidry Nr 1 Airport	
18717	Q35270172	Ken Guidry Nr 4 Airport	
18718	Q35270183	Ken Guidry Number 1 Airport	
18719	Q35270194	Kenan Airstrip	
18720	Q35270205	Kendall Gliderport	
18721	Q35270238	Kenley Ranch Airport	
18722	Q35284252	Nix River Ranch Strip	
18723	Q35284259	Noah's Ark Airport	
18724	Q35284280	Nobuzzn Airport	
18725	Q35284291	Nocarva Airport	
18726	Q35284301	Noelke Ranch Airport	
18727	Q35284320	Nolan Airport	
18728	Q35284331	Noland RLA Airport	
18729	Q35284342	Nolands Point Seaplane Base	
18730	Q35284382	Noles Landing Strip	
18731	Q35284393	Nolte Farms Airport	
18732	Q35296783	Rucker Burdett Airport	
18733	Q35296795	Ruckl Airport	
18734	Q35296808	Rucks Dairy Airport	
18735	Q35296819	Ruder Airport	
18736	Q35296860	Rummel RLA Airport	
18737	Q35296875	Runner Landing Area	
18738	Q35296889	Running M Ranch Airport	
18739	Q35296902	Runsick Flying Service Airport	
18740	Q35296916	Runway Ranch Airport	
18741	Q35296995	Runyan Aviation	
18742	Q35297008	Rupp Airport	
18743	Q35297024	Rush Airport	
18744	Q35297038	Rush Airport	
18745	Q35297052	Rush Airport	
18746	Q35297080	Rush County Airport	
18747	Q35297094	Rush Strip Airport	
18748	Q35297108	Rushford Municipal Airport	
18749	Q35297119	Rusnaks Private Strip	
18750	Q35297179	Russell Paradise Airport	
18751	Q35297193	Russells Airport	
18752	Q35297206	Russells Ranch Airport	
18753	Q35297220	Rust's Landing Airport	
18754	Q35297261	Rutherford Landing Strip	
18755	Q35297275	Rutherford Ranch Airport	
18756	Q35301999	Shubert Airport	
18757	Q35302053	Shupe Airport	
18758	Q35302080	Sibbernsen Airport	
18759	Q35302105	Sickler Airstrip	
18760	Q35302119	Sids Strip	
18761	Q35302133	Siefert Airport	
18762	Q35302147	Sieg's Farm Airport	
18763	Q35302161	Siegmanns Airport	
18764	Q35302188	Sig-Nor Airport	
18765	Q35302202	Sigourney Iowa Airport	
18766	Q35302217	Sikes Farm Airport	
18767	Q35302230	Siler Airport	
18768	Q35302243	Silers Plane Valley Airport	
18769	Q35302271	Sills Air Park	
18770	Q35302298	Silver City Airpark	
18771	Q35302326	Silver Lake Airport	
18772	Q35302341	Silver Wings Airport	
18773	Q35302355	Silverton Municipal Airport	
18774	Q35302397	Simar Landing Strip	
18775	Q35302455	Simpson Airport	
18776	Q35296845	Rumginae Airport	RMN
18777	Q35269899	Kartena	
18778	Q35304666	Sopu	SPH
18779	Q35285506	Oelwein Municipal Airport	
18780	Q35285602	Okao Airport	OKV
18781	Q35304767	South Haven Area Regional Airport	
18782	Q35285559	Oil City	
18783	Q35304585	Sonora Municipal Airport	
18784	Q35285473	Odell Williamson Municipal Airport	
18785	Q35285484	Odom's Flying Service	
18786	Q35285495	Odom's Roost Airport	
18787	Q35285515	Oerke Enterprises Airport	
18788	Q35285526	Offutt Farm Airport	
18789	Q35285570	Oink Acres Airport	
18790	Q35285581	Ojibwa Airpark	
18791	Q35285592	Okangwati Airport	
18792	Q35285614	Okarche Airport	
18793	Q35285624	Okeelanta Airport	
18794	Q35285647	Okie Dokie Airport	
18795	Q35285658	Oklahoma City Downtown Airpark	
18796	Q35285668	Okolona Plantation Airport	
18797	Q35285691	Oktibbeha Airport	
18798	Q35285723	Old 66 Strip Airport	
18799	Q35285734	Old Bridge Seaplane Base	
18800	Q35285756	Old Fort Farm Airport	
18801	Q35285776	Old Hickory Ranch Airport	
18802	Q35285787	Old Hoppe Place Airport	
18803	Q35285876	Old Kingsbury Aerodrome	
18804	Q35285885	Old Orchard Airpark	
18805	Q35285902	Old Port Royal Airport	
18806	Q35285912	Old Reb Airport	
18807	Q35304305	Snyder Ranch Airport	
18808	Q35304328	Socatean Bay Airport	
18809	Q35304339	Sodbuster Strip Airport	
18810	Q35304364	Soggy Bottom Airport	
18811	Q35304392	Solitude Airstrip	
18812	Q35304434	Someday Ranch Airport	
18813	Q35304448	Somers Blossom Airport	
18814	Q35304462	Somerville Airport	
18815	Q35304476	Sommers Airport	
18816	Q35304490	Sommers Airport	
18817	Q35304504	Sommerset Strip	
18818	Q35304532	Songbird Ranch Airport	
18819	Q35304546	Songer Airport	
18820	Q35304559	Songwood Inn Airport	
18821	Q35304598	Sons Private-Commercial Airport	
18822	Q35304612	Sontimer Airport	
18823	Q35304626	Sony Microelectronics Helistop	
18824	Q35304639	Soo Seaplane Base	
18825	Q35304653	Sooter Airport	
18826	Q35304694	South Albany Airport	
18827	Q35304725	South Fort Smith Municipal Airport	
18828	Q35304739	South Fox Island Airport	
18829	Q35304753	South Fulton Airport	
18830	Q35304794	South Huntsville Airport	
18831	Q35304809	South Oak Aerodrome	
18832	Q35304823	South One Ten Airport	
18833	Q35285537	Ogeranang	OGE
18834	Q35285679	Oksapmin	OKP
18835	Q35284961	Nueces County Airport	
18836	Q35285059	Nutuve	NUT
18837	Q35282640	Munbil	LNF
18838	Q35285420	Oberlin Municipal Airport	
18839	Q35284691	North Wilkesboro	
18840	Q35285038	Nushki Airport	
18841	Q35284840	Norton Municipal Airport	
18842	Q35304255	Snow Airport	
18843	Q35282286	Mount Sterling	
18844	Q35284994	Nuguria Airport	NUG
18845	Q35303860	Smith Airport	
18846	Q35303874	Smith Airport	
18847	Q35303888	Smith Airport	
18848	Q35282275	Mount Royal Airport	
18849	Q35282297	Mount Sterling Municipal Airport	
18850	Q35282308	Mount Vernon Municipal Airport	
18851	Q35282318	Mount Vernon Municipal Airport	
18852	Q35282329	Mountain Air Airport	
18853	Q35282340	Mountain Airpark	
18854	Q35282351	Mountain Airport	
18855	Q35282361	Mountain Airport	
18856	Q35282372	Mountain Grove Memorial Airport	
18857	Q35282382	Mountain Meadow Airstrip	
18858	Q35282393	Mountain Ridge Airport	
18859	Q35282404	Mountain Road Airport	
18860	Q35282413	Mountain Top Airport	
18861	Q35282424	Mountain View Aerodrome	
18862	Q35282435	Mountain View Airpark	
18863	Q35282446	Mountain View Airport	
18864	Q35282457	Mountain View Airport	
18865	Q35282468	Mountain Wilderness Airpark	
18866	Q35282479	Moursund Ranch Airport	
18867	Q35282490	Mouton Landing Strip	
18868	Q35282501	Mowata Flying Service-Eunice Airport	
18869	Q35282512	Moxley's Airport	
18870	Q35282534	MS Pats Airport	
18871	Q35282545	Mud Harbor Seaplane Base	
18872	Q35282556	Mueller Airport	
18873	Q35282586	Mulberry Hill Airport	
18874	Q35282607	Mule Patch Airport	
18875	Q35282618	Muleshoe Municipal Airport	
18876	Q35282629	Mullins Landing Airport	
18877	Q35284668	North Star Ranch Airport	
18878	Q35284702	Northeastern Gliderport	
18879	Q35284713	Northern Maine Regional Seaplane Base	
18880	Q35284725	Northome Municipal Airport	
18881	Q35284735	Northport Airport	
18882	Q35284746	Northway Airport	
18883	Q35284757	Northwest Edmond Airport	
18884	Q35284789	Northwood Airport	
18885	Q35284800	Northwood Airport	
18886	Q35284810	Northwood Municipal Airport	
18887	Q35284819	Northwoods Airport	
18888	Q35284829	Norton Airport	
18889	Q35284851	Nottke Airport	
18890	Q35284862	Novara / Cameri	
18891	Q35284894	Novotny/Tonar Farms Airport	
18892	Q35284927	Nowy Sacz West	
18893	Q35284938	Nrao Green Bank Airport	
18894	Q35284949	NRC Airport	
18895	Q35284983	Nuggs Flying M Airport	
18896	Q35285016	Number One Fire Station Airport	
18897	Q35285027	Nunez Airport	
18898	Q35285048	Nuttall Airport	
18899	Q35285092	O and N Airport	
18900	Q35285103	O John Clark RLA Airport	
18901	Q35285398	Oasis Ranger Station-U.S. Government Airport	
18902	Q35285409	Obannon Creek Aerodrome	
18903	Q35285431	Ocean Isle Beach Airport	
18904	Q35285441	Ocean Springs Airport	
18905	Q35285452	Oceana County Airport	
18906	Q35285463	Ockel Farms Airport	
18907	Q35303901	Smith Aviation Inc Airport	
18908	Q35303915	Smith Brothers Airport	
18909	Q35303929	Smith Center Municipal Airport	
18910	Q35303943	Smith County Airport	
18911	Q35303957	Smith Farms Airport	
18912	Q35303971	Smith Flying Service Airport	
18913	Q35303984	Smith I-Ranch Airport	
18914	Q35303998	Smith Landing Strip	
18915	Q35304013	Smith RLA Airport	
18916	Q35304027	Smith RLA Airport	
18917	Q35304054	Smith's International Airport	
18918	Q35304067	Smithport Airport	
18919	Q35304081	Smiths Land Base Airport	
18920	Q35304094	Smiths Landing Strip	
18921	Q35304107	Smithville Airport	
18922	Q35304119	Smithville Crawford Municipal Airport	
18923	Q35304131	Smithville Municipal Airport	
18924	Q35304143	Smitty's Landing	
18925	Q35304155	Smokey MTN Ranch Airport	
18926	Q35304190	Snake Creek Wilderness Airport	
18927	Q35304203	Sneek Airport	
18928	Q35304216	Sneider Landing Strip	
18929	Q35304242	Snoopys Airport	
18930	Q35304269	Snow Hill Airstrip	
18931	Q35304280	Snow RLA Airport	
18932	Q35304293	Snyder Airport	
18933	Q35285005	Nuku Airport	UKU
18934	Q35284905	Nowata	NWT
18935	Q35287069	Palestine Municipal Airport	PSN
18936	Q35308957	Tagula	TGL
18937	Q35274656	Levelland Municipal Airport	
18938	Q35286982	Pageland Airport	
18939	Q35287004	Paiela Airport	PLE
18940	Q35309663	Taskul	TSK
18941	Q35274547	Leron Plains Airport	LPN
18942	Q35286798	Owatonna Degner Regional Airport	OWA
18943	Q35286895	Ozona Municipal Airport	OZA
18944	Q35274699	Lewis Airport	
18945	Q35274710	Lewis Airport	
18946	Q35274721	Lewis Airport	
18947	Q35274408	Lennartson Airport	
18948	Q35274418	Lenora Airport	
18949	Q35274440	Lenora Municipal Airport	
18950	Q35274462	Lentman Landing Strip	
18951	Q35274479	Leo Aero Ranch Landing Strip	
18952	Q35274485	Leo E. Goetz County Airport	
18953	Q35274496	Leo's Place Airport	
18954	Q35274507	Leon's Landing	
18955	Q35274517	Leona Ranch Airport	
18956	Q35274526	Leonard W Hesselien Airport	
18957	Q35274537	Lerchs Airport	
18958	Q35274558	Leroux Airport	
18959	Q35274592	Lesesne Airport	
18960	Q35274603	Lesikar Farms Airport	
18961	Q35274634	Leuth Flying Service Airport	
18962	Q35274645	Level Acres Landing Strip	
18963	Q35274667	Levescy Airport	
18964	Q35274689	Lewis Air Service Airport	
18965	Q35274732	Lewis County Regional Airport	
18966	Q35274744	Lewis Landing Strip	
18967	Q35274754	Lewis Private Airport	
18968	Q35274765	Lewis Ranch Airport	
18969	Q35274775	Lewis Ranch Airport	
18970	Q35274786	Lexington County Airport at Pelion	
18971	Q35274797	Leznica Wielka	
18972	Q35274819	Liberty Hill Airport	
18973	Q35286721	Outlaw Flyers Airport	
18974	Q35286743	Over the Hill Airport	
18975	Q35286754	Overflow Pad	
18976	Q35286765	Overmiller Airport	
18977	Q35286775	Overton Private Airport	
18978	Q35286786	Ovid Airport	
18979	Q35286809	Owls Head Farm Airport	
18980	Q35286830	Oxford Municipal Airport	
18981	Q35286841	Oxford Municipal Airport	
18982	Q35286852	Ozark Aerodrome	
18983	Q35286863	Ozark Skies Airpark	
18984	Q35286873	Ozark-Franklin County Airport	
18985	Q35286884	Ozarks Flying Patch Airport	
18986	Q35286906	P K Airpark	
18987	Q35286917	P W Johnson Memorial Airport	
18988	Q35286928	P-K Ranch Airport	
18989	Q35286939	P.J. Killian Airport	
18990	Q35286947	Pace Airstrip	
18991	Q35286971	Paces South Farms Airport	
18992	Q35287015	Painter Landing Strip	
18993	Q35287025	Paisano Ranch Airport	
18994	Q35287047	Pake Airport	
18995	Q35287058	Palalto Airport	
18996	Q35308996	Taildragger Acres Airport	
18997	Q35309029	Tailspin Estates Airport	
18998	Q35309113	Tailwheel Acres Airport	
18999	Q35309173	Tailwheel Airport	
19000	Q35309187	Tailwinds Airport	
19001	Q35309201	Tailwinds Airport	
19002	Q35309365	Talihina Municipal Airport	
19003	Q35309393	Tallen Airport	
19004	Q35309407	Talley Airport	
19005	Q35309421	Tama Airport	
19006	Q35309435	Tamarack Landing	
19007	Q35309451	Tampa North Aero Park	
19008	Q35309464	Tan Rara Airport	
19009	Q35309491	Tangerine Airport	
19010	Q35309503	Tango 7 Airport	
19011	Q35309516	Tanner's Airport	
19012	Q35309582	Tapley Airport	
19013	Q35309595	Tara Airbase Airport	
19014	Q35309620	Tarboro-Edgecombe Airport	
19015	Q35309648	Tarry Bank Airport	
19016	Q35309676	Tate Airport	
19017	Q35309689	Tater Farms Strip	
19018	Q35309714	Tatertown Airport	
19019	Q35309728	Tatum Ranch Airport	
19020	Q35309753	Taurus Mesa Airport	
19021	Q35309607	Tarakbits Airport	TRJ
19022	Q35274581	Lese	LNG
19023	Q35308970	Taharoa Aerodrome	THH
19024	Q35305042	Southfork Airport	
19025	Q35305056	Southfork Airport	
19026	Q35305071	Southland Flying Service Inc.	
19027	Q35305084	Southland Strip	
19028	Q35305097	Southland Strip Number 2	
19029	Q35305111	Southwest Citrus Airport	
19030	Q35305125	Southwest Lakes Airpark	
19031	Q35305140	Southwest Lubbock Airport	
19032	Q35305168	Sowieja Airport	
19033	Q35305209	Spangler Airport	
19034	Q35305223	Spanish Oaks Airport	
19035	Q35305237	Spectre Airport	
19036	Q35305251	Spence Landing Strip	
19037	Q35305264	Spencer Airport	
19038	Q35305277	Spencer's Airpark	
19039	Q35305291	Spencerport Airpark	
19040	Q35270804	Kimble County Airport	JCT
19041	Q35317003	Walts Aerial Service Airport	
19042	Q35317018	Walz Airport	
19043	Q35317034	Wamego Municipal Airport	
19044	Q35317077	Warbonnet Airport	
19045	Q35317092	Ward Airpark	
19046	Q35317107	Ward Airport	
19047	Q35317122	Ward's Airport	
19048	Q35317152	Wards Long Acres Airport	
19049	Q35317165	Ware Island Airport	
19050	Q35317181	Warf Airport	
19051	Q35317194	Warner Robins Air Park	
19052	Q35317224	Warner-Thunder Hill Airport	
19053	Q35272418	Lagrone Ranch Airport	
19054	Q35272430	Laguna-Not A-Park Airstrip	
19055	Q35272452	Lajitas Airport	
19056	Q35272474	Lake Air Service Airport	
19057	Q35272485	Lake Ann Airway Estates Airport	
19058	Q35272495	Lake Bay Gall Airport	
19059	Q35272505	Lake Bonanza Airport	
19060	Q35272517	Lake Bronson Airport	
19061	Q35272528	Lake Butler Airport	
19062	Q35272539	Lake City Airpark	
19063	Q35272550	Lake Clinch Airpark	
19064	Q35272561	Lake Conway North Seaplane Base	
19065	Q35272571	Lake Eustis Seaplane Base	
19066	Q35272581	Lake Fremont Seaplane Base	
19067	Q35272591	Lake Hamilton Seaplane Base	
19068	Q35272611	Lake Jessup Seaplane Base	
19069	Q35272623	Lake Luzerne Seaplane Base	
19070	Q35272644	Lake Mills Municipal Airport	
19071	Q35272666	Lake Monroe Airport	
19072	Q35272677	Lake Montaza Airport	
19073	Q35272688	Lake Murray State Park Airport	
19074	Q35272699	Lake Norman Airpark	
19075	Q35272710	Lake Okoboji Seaplane Base	
19076	Q35272721	Lake Persimmon Airstrip	
19077	Q35272732	Lake Pulaski Seaplane Base	
19078	Q35272742	Lake Ridge Aero Park Airport	
19079	Q35272752	Lake Sexton Airport	
19080	Q35272763	Lake Suzy Estates Airport	
19081	Q35272773	Lake Texoma State Park Airport	
19082	Q35272784	Lake View Airport	
19083	Q35272794	Lake Viking Airport	
19084	Q35272805	Lake Village Airport	
19085	Q35272816	Lake Village Municipal Airport	
19086	Q35273391	Langtang Airport	LTG
19087	Q35273357	Langimar	LNM
19088	Q35273478	Larned-Pawnee County Airport	
19089	Q35273183	Landing at River's Edge Airport	
19090	Q35273193	Landings Condominium Airport	
19091	Q35273203	Landings East Sylvania Airport	
19092	Q35273213	Landmark Manufacturing Corporation Airport	
19093	Q35273223	Landry Airport	
19094	Q35273235	Lane Airpark	
19095	Q35273246	Lanesville Skyways Airport	
19096	Q35273257	Laney Farm Airport	
19097	Q35273268	Laneys Airport	
19098	Q35273275	Lang Flying Service	
19099	Q35273322	Lang Ranch Airport	
19100	Q35273330	Langford Seaplane Base	
19101	Q35273336	Langhurst Airport	
19102	Q35273401	Lanier Airport	
19103	Q35273412	Lanseair Farms Airport	
19104	Q35273433	Lantana Ridge Airport	
19105	Q35273455	Larew Airport	
19106	Q35273467	Lariat Ranch Airport	
19107	Q35273489	Larrabee Farm Airport	
19108	Q35273501	Larry D Herschberger Airport	
19109	Q35273512	Larsen Landing Strip	
19110	Q35273523	Las Khorey Airport	
19111	Q35273556	Lasley Landing Strip	
19112	Q35273567	Lasley Private Airport	
19113	Q35273578	Last Chance Ranch Airport	
19114	Q35273588	Last Resort Airport	
19115	Q35286179	Omora	OSE
19116	Q35286232	Ongava Airstrip	OGV
19117	Q35301382	Sheldon Municipal Airport	
19118	Q35286003	Olivia Regional Airport	
19119	Q35301479	Shenandoah Municipal Airport	
19120	Q35285923	Old Rhinebeck Airport	
19121	Q35285945	Oldham County Airport	
19122	Q35285951	Oleo Airport	
19123	Q35285971	Oliver Airport	
19124	Q35285982	Oliver Landing Airport	
19125	Q35285992	Oliver Springs Inc Airport	
19126	Q35286012	Olla Airport	
19127	Q35286023	Olmstead Landing Strip Airport	
19128	Q35286064	Olsen Airport	
19129	Q35286075	Olson Aerodrome	
19130	Q35286086	Olson Airport	
19131	Q35286096	Oltman-Shuck Airport	
19132	Q35286106	Olustee Municipal Airport	
19133	Q35286139	Omega Landing Strip	
19134	Q35286150	Omni Airpark	
19135	Q35286160	Omni Airport	
19136	Q35286189	Ona Airpark	
19137	Q35286200	Onawa Municipal Airport	
19138	Q35286210	One Eyed Creek Airport	
19139	Q35286221	One Sixty Four Place Airport	
19140	Q35286243	Onion Crest Airpark	
19141	Q35286254	Oolenoy Valley Airport	
19142	Q35300989	Shafer Metro East Airport	
19143	Q35301014	Shakamak Airport	
19144	Q35301056	Shale Valley Ranch Airport	
19145	Q35301109	Shamrock Airport	
19146	Q35301139	Shamrock Municipal Airport	
19147	Q35301153	Shands Helistop	
19148	Q35301171	Shanks Ag Strip	
19149	Q35301179	Shannon Flight Strip	
19150	Q35301192	Sharp Airport	
19151	Q35301206	Sharp Landing Strip	
19152	Q35301219	Sharpe Farms Airport	
19153	Q35301233	Sharpe's Strip Airport	
19154	Q35301247	Shaughnessy Seaplane Base	
19155	Q35301261	Shaw Aerial Spraying Airport	
19156	Q35301272	Shaw Crop Service Airport	
19157	Q35301285	Shealy Airport	
19158	Q35301299	Shearer Airport	
19159	Q35301313	Sheets Airport	
19160	Q35301327	Shehan Airpark	
19161	Q35301340	Shelburnes Airport	
19162	Q35301354	Shelby Air Service	
19163	Q35301368	Shelby County Sheriffs Department Substation Airport	
19164	Q35301396	Shell Central Facilities Seaplane Base	
19165	Q35301410	Shell Creek Airpark	
19166	Q35301424	Shell-Woodbury Number One	
19167	Q35301438	Shelley Landing Strip	
19168	Q35301452	Shelor Airport	
19169	Q35301466	Sheltons Airport	
19170	Q35301492	Shenandoah Valley Farms Airport	
19171	Q35286044	Olney-Noble Airport	OLY
19172	Q35286034	Olney Municipal Airport	ONY
19173	Q35286117	Omar N Bradley Airport	MBY
19174	Q35286394	Orneta	
19175	Q35286308	Oram	RAX
19176	Q35286643	Ottawa Airport	
19177	Q35286556	Oskaloosa Municipal Airport	OOA
19178	Q35286435	Ortonville	
19179	Q35286264	Oologah Airport	
19180	Q35286275	Open A-1 Ranch Airport	
19181	Q35286319	Orange Hill Airport	
19182	Q35286340	Oreck Airport	
19183	Q35286361	Orlampa Inc Airport	
19184	Q35286372	Orlando North Airpark	
19185	Q35286383	Orleans Airport	
19186	Q35286404	Orr Airport	
19187	Q35286414	Orr Ranch Airport	
19188	Q35286425	Orr-Port Airport	
19189	Q35286446	Orum Aerodrome	
19190	Q35286457	Orwig RLA Airport	
19191	Q35286468	Osage Airpark	
19192	Q35286479	Osage Municipal Airport	
19193	Q35286490	Osborne Municipal Airport	
19194	Q35286523	Oselka Airport	
19195	Q35286546	Oshogbo	
19196	Q35286632	Ott Farms Airport	
19197	Q35286654	Otter Springs Resort Airport	
19198	Q35286664	Otterbach Farm Airport	
19199	Q35286675	Otto Junior Airport	
19200	Q35286686	Otto Landing Strip	
19201	Q35286698	Outback Airport	
19202	Q35286710	Outer Banks Airport	
19203	Q35286350	Oria	OTY
19204	Q35286286	Open Bay	OPB
19205	Q35284415	Nordheim Flying K Airpark	
19206	Q35284428	Norfleet Airport	
19207	Q35284439	Norfleet Farms Airport	
19208	Q35284450	Norm's Airpark	
19209	Q35284461	Norman & White Airport	
19210	Q35284472	Norman Airport	
19211	Q35284483	Norman County Ada/Twin Valley Airport	
19212	Q35284505	Norris Airport	
19213	Q35284516	Norris Airstrip	
19214	Q35284527	Norris Raun Ranch Airport	
19215	Q35316298	Wabo	WAO
19216	Q35316431	Wagau	WGU
19217	Q35316182	W J E Airport	
19218	Q35316197	W Meeks Ranch Airport	
19219	Q35316211	W-1 Tank Battery Seaplane Base	
19220	Q35316225	W-2 Tank Battery Seaplane Base	
19221	Q35316239	W4 Ranch Airport	
19222	Q35316268	Wabasis Lake Airport	
19223	Q35316284	Wabbaseka Flying Service Airport	
19224	Q35316328	Wad Madani	
19225	Q35316341	Waddell Airport	
19226	Q35316357	Wade Airport	
19227	Q35316371	Wade Airport	
19228	Q35316387	Wadesboro Airport	
19229	Q35316414	Wadi Seidna North	
19230	Q35316446	Wagner Farm Airport	
19231	Q35316461	Wagner-Braxdale Airport	
19232	Q35316547	Waldemer Flying W Ranch Airport	
19233	Q35316563	Walden Ridge Airport	
19234	Q35316579	Walders Farm Airport	
19235	Q35316594	Waldmeister Farm Airport	
19236	Q35316624	Waldron Municipal Airport	
19237	Q35316639	Walk-Air Airport	
19238	Q35316655	Walker Airport	
19239	Q35316669	Walker Airport	
19240	Q35316684	Walker Municipal Airport	
19241	Q35316698	Walker Ranch Airport	
19242	Q35316712	Walker Ranch-Private Airport	
19243	Q35316728	Wall Flying Service Airport	
19244	Q35316742	Wall Lake Municipal Airport	
19245	Q35316758	Wallace Municipal Airport	
19246	Q35308466	Sutton Airport	
19247	Q35308480	Sutton Airport	
19248	Q35308494	Sutton Landing Strip	
19249	Q35308535	Suwannee Belle Airport	
19250	Q35308549	Suwannee Farms Airport	
19251	Q35308562	Svitak Airport	
19252	Q35308576	Swamp Smith Airport	
19253	Q35308590	Swan Creek Airport	
19254	Q35308605	Swan Lake Landing Strip	
19255	Q35308620	Swan Valley Farm Airport	
19256	Q35308634	Swann Lakeside Airpark	
19257	Q35308648	Sweedler Airport	
19258	Q35308662	Sweet Home Airport	
19259	Q35308676	Sweetbriar Airport	
19260	Q35308690	Sycamore Airport	
19261	Q35308703	Sydal Acres Airport	
19262	Q35308717	Sylvanmir Farms Airport	
19263	Q35308731	Sylvester Airport	
19264	Q35308745	Sylvesters Airport	
19265	Q35308759	Syracuse-Hamilton County Municipal Airport	
19266	Q35308827	T & T Airport	
19267	Q35308841	T Bar T Ranch Airport	
19268	Q35308854	T W Spear Memorial Airport	
19269	Q35308868	T-4 Ranch Airport	
19270	Q35308881	T-Bar Airport	
19271	Q35308891	T-Ranch Airport	
19272	Q35308904	T.R. Funk Inc Airport	
19273	Q35308916	Table Rock Airport	
19274	Q35308929	Taftan Airport	
19275	Q35284538	North Canaan Aviation Facilities Inc Airport	
19276	Q35284549	North Cedar Airport	
19277	Q35284570	North Central Missouri Regional Airport	
19278	Q35284592	North Exuma Airport	
19279	Q35284603	North Fork Airport	
19280	Q35284614	North Houston Business Airport	
19281	Q35284625	North Kent Airpark	
19282	Q35284636	North Lakeland Airport	
19283	Q35284647	North Polk Landing Strip	
19284	Q35284658	North Raleigh Airport	
19285	Q21923987	Wondai Airport	WDI
19286	Q21923978	Minlaton Airport	XML
19287	Q21923472	South Galway Airport	ZGL
19288	Q21924113	Exmouth Gulf Airport	EXM
19289	Q21924053	Marqua Airport	MQE
19290	Q21924025	Penneshaw Airport	PEA
19291	Q21924127	Dorunda Airport	DRD
19292	Q21924107	Glengyle Airport	GLG
19293	Q21924016	Rutland Plains Airport	RTP
19294	Q21924111	Forster airport	FOT
19295	Q21809670	Mnichovo Hradiště Airport	HRA
19296	Q35300597	Sepik Plains	SPV
19297	Q21923985	Wittenoom Airport	WIT
19298	Q35300519	Seminole	
19299	Q21924075	Yeelirrie Airport	KYF
19300	Q21924100	Headingly Airport	HIP
19301	Q21806707	Baures Airport	BVL
19302	Q35300852	Seward Municipal Airport	
19303	Q21471075	Pollock Municipal Airport	
19304	Q21596983	Thawrah Military Airport	
19305	Q21802826	Estancia San Diego	
19306	Q21847827	Embarcacion Airport	
19307	Q21924052	Marla Airport	MRP
19308	Q21636179	Bovanenkovo Airport	BVJ
19309	Q35300546	Seminole Spraying Service Airport	
19310	Q35300560	Seneca Falls Municipal Airport	
19311	Q35300572	Seneca Municipal Airport	
19312	Q35300585	Senneker Landing Strip	
19313	Q35300625	Sequoyah Park Airport	
19314	Q35300638	Seratt Airport	
19315	Q35300652	Serenity Airport	
19316	Q35300696	Set Helistop	
19317	Q35300711	Sethney Personal Airport	
19318	Q35300725	Seven Bar Ranch Airport	
19319	Q35300738	Seven C's Ranch Airport	
19320	Q35300753	Seven Feathers Airport	
19321	Q35300767	Seven G's Seaplane Base	
19322	Q35300782	Seven Gullies Airport	
19323	Q35300796	Seven Hills Airport	
19324	Q35300809	Seven Lakes Airport	
19325	Q35300824	Seven Springs Airport	
19326	Q35300838	Severson Airport	
19327	Q35300865	Sexton Airport	
19328	Q35300879	Seymour Air Park	
19329	Q35300892	Seymour Landing Strip	
19330	Q35300906	Seymour Municipal Airport	
19331	Q35300920	Sha-Wan-Ga Valley Airport	
19332	Q35300934	Shade Tree Airport	
19333	Q35300947	Shady Bend Airport	
19334	Q35300961	Shady International Airport	
19335	Q35300975	Shadycreek Acres Airport	
19336	Q21924105	Mount Gunson Airport	GSN
19337	Q21924123	Diamantina Lakes Airport	DYM
19338	Q21924119	Eneabba Airport	ENB
19339	Q21847964	Charata Airport	CNT
19340	Q21924065	Laura Airport	LUU
19341	Q21847961	Los Menucos Airport	LMD
19342	Q21924115	Eucla Airport	EUC
19343	Q21923528	Sturt Creek Airport	SSK
19344	Q35300611	Sepulot Airport	SPE
19345	Q21924106	Glenormiston Airport	GLM
19346	Q21924020	Rockhampton Downs Airport	RDA
19347	Q21923977	Yalgoo Airport	YLG
19348	Q21924045	Miranda Downs Airport	MWY
19349	Q21923981	Wrotham Park Airport	WPK
19350	Q21844779	Man Maya Airport	
19351	Q21924108	Gregory Downs Airport	GGD
19352	Q21924104	Granite Downs Airport	
19353	Q21924098	Helenvale Airport	
19354	Q21924068	Lyndhurst Airport	
19355	Q21924042	Nambucca Heads Airport	
19356	Q21924094	Wilpena Pound Airport	
19357	Q35317062	Wapolu	WBC
19358	Q35317047	Wantoat Airport	WTT
19359	Q35317240	Warren Airport	
19360	Q35316844	Walls Airport	
19361	Q35316772	Wallace Ranch Airport	
19362	Q35316799	Waller Field	
19363	Q35316814	Wallingford Landing Strip	
19364	Q35316830	Wallington Plantation Airport	
19365	Q35316859	Walnut Creek Airport	
19366	Q35316874	Walnut Creek Airport	
19367	Q35316889	Walnut Green Airport	
19368	Q35316905	Walpole Airport	
19369	Q35316919	Walter A Swalley Airpark	
19370	Q35316934	Walter Airport	
19371	Q35316946	Walter Landing Strip	
19372	Q35316959	Walters Airport	
19373	Q35316973	Walters Municipal Airport	
19374	Q35316989	Walton Landing Strip	
19375	Q35268734	Jim Hogg County Airport	
19376	Q35268777	Jiri Airport	JIR
19377	Q35268702	Jim & Peg RLA Airport	
19378	Q35268711	Jim Finlay Farm Airport	
19379	Q35268723	Jim Gough Airport	
19380	Q35268745	Jim Sears Airport	
19381	Q35268757	Jims Private Airport	
19382	Q35268767	Jirak Airport	
19383	Q35268787	JL Bar Ranch Airport	
19384	Q35268798	JMJ Landing Airport	
19385	Q35268808	Jo Na Acres Airport	
19386	Q35268820	Joan Lake Airport	
19387	Q35268831	Joe D Lewis Airport	
19388	Q35268841	Joe Vaughn Spraying Airport	
19389	Q35268852	Johary Airport	
19390	Q35268861	John Airport	
19391	Q35268872	John B Connally Ranch Airport	
19392	Q35268882	John Deere Dubuque Works Airport	
19393	Q35268895	John E Rogers Airport	
19394	Q35268906	John Farese Airpark	
19395	Q35268916	John H Garrelts Airport	
19396	Q35268927	John H Hooks Jr Memorial Airport	
19397	Q35268942	John Henry Key Airport	
19398	Q35268952	John R Reed Airport	
19399	Q35268963	John Reid Airport	
19400	Q35268985	John Scharff Airport	
19401	Q35268995	John the Diver Airport	
19402	Q35269006	John W Meils RLA Airport	
19403	Q35269017	John's Airport	
19404	Q35269027	Johns Airport	
19405	Q35307964	Summersville Airport	
19406	Q35307845	Sule Airport	ULE
19407	Q35307561	Sturdy Oak Farm Airport	
19408	Q35307610	Stutzke Airport	
19409	Q35307624	Styron Airport	
19410	Q35307651	Sudan Airport	
19411	Q35307665	Sudden Stop Airport	
19412	Q35307679	Sue Rock International Airport	
19413	Q35307692	Sugar Branch Airport	
19414	Q35307706	Sugar Creek Air Park	
19415	Q35307720	Sugar Creek Farm Airport	
19416	Q35307733	Sugar Creek Ranch Airport	
19417	Q35307746	Sugar Grove Airport	
19418	Q35307760	Sugar Hill Airport	
19419	Q35307774	Sugar Hill Airport	
19420	Q35307788	Sugar Loaf Resort Airport	
19421	Q35307802	Sugar Loaf Shores Airport	
19422	Q35307816	Sugar Springs Airport	
19423	Q35307831	Sugartree Airport	
19424	Q35307860	Sullivan Airport	
19425	Q35307887	Sully Municipal Airport	
19426	Q35307909	Sulphur Municipal Airport	
19427	Q35307923	Summer Hill Farm Airport	
19428	Q35307937	Summerell Airport	
19429	Q35307951	Summerland Key Cove Airport	
19430	Q35307978	Summerville Landing Strip	
19431	Q35307991	Summey Airpark	
19432	Q35308019	Sumter Farms and Stock Company Inc Airport	
19433	Q35271122	Kisengan	KSG
19434	Q35271036	Kira	KIQ
19435	Q35270918	King Trout Airport	
19436	Q35270928	King's Ranch Airport	
19437	Q35270939	Kingfisher Airport	
19438	Q35270950	Kinglewood Airport	
19439	Q35270961	Kings Port Airport	
19440	Q35270972	Kingsland Estates Airport	
19441	Q35270993	Kinsey RLA Airport	
19442	Q35271003	Kinsley Municipal Airport	
19443	Q35271025	Kiowa Airport	
19444	Q35271047	Kirbyville Airport	
19445	Q35271058	Kirk Air Base Airport	
19446	Q35271069	Kirkland Airport	
19447	Q35271080	Kirkpatrick Airport	
19448	Q35271153	Kitching Cove Seaplane Base	
19449	Q35271177	Kiwanis Helipad	
19450	Q35271203	Klein Airport	
19451	Q35271212	Kleis Airport	
19452	Q35271223	Klimut Landing Strip	
19453	Q35271234	Kline Kill Airport	
19454	Q35271245	Klinedorf Airport	
19455	Q35271255	Klines Airport	
19456	Q35271266	Klinkerman Airport	
19457	Q35271275	Kloker Airport	
19458	Q35271286	Klumpp Airport	
19459	Q35271296	KML Airport	
19460	Q35271101	Kirsch Municipal Airport	IRS
19461	Q35271143	Kitava	KVE
19462	Q35275902	Loralai Airport	LRG
19463	Q35288397	Perryton	
19464	Q35288408	Perryton Ochiltree County Airport	
19465	Q35288332	Perry Airport	
19466	Q35288343	Perry Airport	
19467	Q35275421	Lockhart Airport	
19468	Q35275186	Little Creek Airpark	
19469	Q35275197	Little Deer Airport	
19470	Q35275208	Little Eva Plantation Landing Strip	
19471	Q35275219	Little Mountain Airport	
19472	Q35275241	Little Peach Airport	
19473	Q35275252	Little Pecan Island Airport	
19474	Q35275262	Little River Airport	
19475	Q35272116	Kwailabesi	KWS
19476	Q35306449	Statesville Regional Airport	SVH
19477	Q35272086	Kurwina Airport	KWV
19478	Q35273119	Lamoni Municipal Airport	
19479	Q35272096	Kuyol Airport	KUX
19480	Q35272106	Kwai Harbour	KWR
19481	Q35272396	Lago Vista TX - Rusty Allen Airport	
19482	Q35273129	Lampasas Airport	
19483	Q35272076	Kuri Airport	KUQ
19484	Q35272046	Kunice	
19485	Q35272056	Kupiano Airport	KUP
19486	Q35273066	Lambert Airport	
19487	Q35273023	Lakeview Airport	
19488	Q35273086	Lamesa Municipal Airport	
19489	Q35272066	Kuranz RLA Airport	
19490	Q35272135	L & M Aerodrome	
19491	Q35272145	L C Land Incorporated Airport	
19492	Q35272156	L D Airport	
19493	Q35272166	L Davis Ranch Airport	
19494	Q35272176	L J Earnest Airport	
19495	Q35272186	L P Askew Farms Airport	
19496	Q35272195	L R M C Emergency Helistop	
19497	Q35272216	L-Z Bravo Airport	
19498	Q35272235	La Coste Construction Co Airport	
19499	Q35272245	La Esperanza Ranch Airport	
19500	Q35272256	La Fonda Ranch Airport	
19501	Q35272266	La Paloma Ranch Airport	
19502	Q35272309	Laas Farm Airport	
19503	Q35272317	Lace Airport	
19504	Q35272323	Lackey Aviation Airport	
19505	Q35272331	Lackorn Airport	
19506	Q35272341	Lada Airport	
19507	Q35272352	Lady Jane Airport	
19508	Q35272363	Lafayette Landings	
19509	Q35272385	Laflin Ranch Airport	
19510	Q35272407	Lagrange Airport	
19511	Q35272827	Lake Waltamna Airport	
19512	Q35272837	Lake Washington Airport	
19513	Q35272848	Lake Water Wheel Airport	
19514	Q35272869	Lake West Wind Airport	
19515	Q35272880	Lake Whitney Country Club Airport	
19516	Q35272891	Lake X Airport	
19517	Q35272902	Lake Zumbro Seaplane Base	
19518	Q35272913	Lakeport Farms Airport	
19519	Q35272924	Lakes of the North Airport	
19520	Q35272935	Lakes Region Airport	
19521	Q35272957	Lakeside Airport	
19522	Q35272968	Lakeside Airport	
19523	Q35272979	Lakeside Airport	
19524	Q35272990	Lakeside Airport	
19525	Q35273012	Lakestone Farm Airport	
19526	Q35273034	Lakeville Airport	
19527	Q35273044	Lakin Airport	
19528	Q35273055	Lamar Airport	
19529	Q35273076	Lambert Fechter Municipal Airport	
19530	Q35273097	Lamkey Landing Strip	
19531	Q35273108	Lamle Airport	
19532	Q35273151	Landers Loop Airport	
19533	Q35273161	Landers Ranch Airport	
19534	Q35273172	Landgren Ranch Airport	
19535	Q35306167	Star City Municipal Airport	
19536	Q35306181	Star Dusters Airport	
19537	Q35306195	Star Harbour	
19538	Q35306209	Star Hill Golf Club Airport	
19539	Q35306222	Starbuck Municipal Airport	
19540	Q35306235	Stark Airport	
19541	Q35306249	Stark Airport	
19542	Q35306278	Starkey's Airport	
19543	Q35306292	Starns Brothers Airport	
19544	Q35306305	Starr Airport	
19545	Q35306318	Starshire Farm Airport	
19546	Q35306334	Starved Rock Airpark	
19547	Q35306410	State Line Ultraport/Flightpark	
19548	Q35306424	State Police Holmdel Helispot	
19549	Q35306463	Stava Airport	
19550	Q35306477	Ste Genevieve Flying Club	
19551	Q35306491	Stearmans Roost Airport	
19552	Q35306506	Stearns Landing Strip	
19553	Q35306520	Steciak Strip Airport	
19554	Q35306534	Steck Farm Airport	
19555	Q35306548	Steele Airport	
19556	Q35306576	Steele Municipal Airport	
19557	Q35306591	Steen Airport	
19558	Q35306605	Steep Head Farm Airport	
19559	Q35306619	Steiner Landing Strip	
19560	Q35306633	Steinman Airport	
19561	Q35306646	Stender Airport	
19562	Q35306658	Stephen Municipal Airport	
19563	Q35308122	Sungai Tiang Airport	SXT
19564	Q35308439	Suria aerodrome	SUZ
19565	Q35306098	Stanton Airport	
19566	Q35306111	Stanton Airport	
19567	Q35308453	Sutton Airport	
19568	Q35308385	Superior Municipal Airport	
19569	Q35305818	St John the Baptist Parish Airport	
19570	Q35305832	St Mary's Airpark	
19571	Q35305874	St. Joseph's Landing Airport	
19572	Q35305901	St. Somewhere Airport	
19573	Q35305914	Stafford Airport	
19574	Q35305927	Stafford Airport	
19575	Q35273783	Lawrence Airport	
19576	Q35273598	Laszlo Airport	
19577	Q35273617	Latta Landing Strip	
19578	Q35273628	Laughing Crow Airport	
19579	Q35273650	Laura's Landing Airport	
19580	Q35273661	Laurel Hill Farms Airport	
19581	Q35273677	Laurel Hill Plantation Airport	
19582	Q35273686	Laurel Municipal Airport	
19583	Q35273696	Laurens Skyways Airport	
19584	Q35273707	Lauries Landing Airport	
19585	Q35273718	Lautzenhiser Airpark	
19586	Q35273740	Laverne Municipal Airport	
19587	Q35273751	Lavon North Airport	
19588	Q35273761	Lawler Landing Strip	
19589	Q35273772	Lawlor-Justus Airport	
19590	Q35273793	Lawrence Landing Strip	
19591	Q35273827	Lawton Airport	
19592	Q35273860	Lazy 9 Ranch Airport	
19593	Q35273872	Lazy Dog Ranch Airpark	
19594	Q35273883	Lazy Eight Airpark LLC	
19595	Q35273894	Lazy G Bar Ranch Airport	
19596	Q35273906	Lazy J Aerodrome	
19597	Q35273917	Lazy R Stock Farm Airport	
19598	Q35273928	Lazy S Farm Airport	
19599	Q35273939	Lazy Two Ranch Airport	
19600	Q35273950	Lazy W Farms Airport	
19601	Q35273961	LBJ Ranch Airport	
19602	Q35273981	Le Champ Airport	
19603	Q35273992	Le Gros Memorial Airport	
19604	Q35307158	Stones River Airport	
19605	Q35307171	Stonewall Airpark	
19606	Q35307184	Stonewall County Airport	
19607	Q35307198	Stonington Airpark	
19608	Q35307212	Stony Acres Airport	
19609	Q35307226	Stony Branch Airport	
19610	Q35307240	Storey Real Estate Airport	
19611	Q35307254	Stormont-Vail Hospital Airport	
19612	Q35307268	Stottlemyer Airport	
19613	Q35307282	Stoune RLA Airport	
19614	Q35307297	Stout Airport	
19615	Q35307311	Stovall Ranch Nr 4 Airport	
19616	Q35307324	Stovall Ranch Number 1 Airport	
19617	Q35307338	Strader Ranch Airport	
19618	Q35307352	Strafuss Airport	
19619	Q35307366	Strait Ranch Airport	
19620	Q35307380	Strang Airpark	
19621	Q35307407	Strayhorn Ranch Airport	
19622	Q35307421	Streams Airpark	
19623	Q35307435	Strebig Airport	
19624	Q35307448	Stringer Airport	
19625	Q35307461	Strip Airport	
19626	Q35307476	Stromsburg Municipal Airport	
19627	Q35307490	Stuart Airstrip	
19628	Q35307504	Stuart Ranch Airport	
19629	Q35307518	Stuart-Atkinson Municipal Airport	
19630	Q35307532	Stubbs Strip Airport	
19631	Q35307547	Stuber Flying Ranch Airport	
19632	Q35287841	Paynesville	
19633	Q35287852	Paynesville Municipal Airport	
19634	Q35288116	Pella Municipal Airport	
19635	Q35317401	Washington Municipal Airport	
19636	Q35317428	Washington Regional Airport	
19637	Q35317442	Washington-Wilkes County Airport	
19638	Q35317457	Waskish Municipal Airport	
19639	Q35317517	Wasu	WSU
19640	Q35317635	Watson Airport	
19641	Q35287830	Paynes Airport	
19642	Q35287863	Payson Ranch Airport	
19643	Q35287874	Pbeaaye Airport	
19644	Q35287884	Pea Patch Aerodrome	
19645	Q35287894	Pea Patch Airport	
19646	Q35287905	Peach Orchard Airport	
19647	Q35287916	Peachtree Landings Airport	
19648	Q35287927	Peacock Airport	
19649	Q35287937	Pear Grove Airport	
19650	Q35287959	Pearson Ranch Private Airport	
19651	Q35287970	Pearson's Farm Airport	
19652	Q35287981	Peaslees Airstrip	
19653	Q35287991	Peavy Farms Airport	
19654	Q35288002	Pecan Patch Airstrip	
19655	Q35288013	Pecan Plantation Airport	
19656	Q35288023	Peck Air Park	
19657	Q35288032	Peck Landing Strip	
19658	Q35288053	Pegasus Ranch Aerodrome	
19659	Q35288064	Pegasus Ranch Airport	
19660	Q35288074	Pegasus Run Airport	
19661	Q35288127	Pellar Farm Airport	
19662	Q35288150	Pemble Landing Strip	
19663	Q35288161	Pembroke Farm Airport	
19664	Q35288171	Pender Municipal Airport	
19665	Q35288182	Penman Airport	
19666	Q35288194	Penrose Airport	
19667	Q35288205	Pensinger Airport	
19668	Q35317254	Warren County Airport	
19669	Q35317268	Warren Grove Range Airport	
19670	Q35317284	Warren Landing Strip	
19671	Q35317299	Warrensburg Airport	
19672	Q35317314	Warsaw Airport	
19673	Q35317329	Warschun Ranch Airport	
19674	Q35317357	Washburn Farm Airport	
19675	Q35317414	Washington Municipal Airport	
19676	Q35317473	Wasseman Farms Airport	
19677	Q35317487	Wassmer Landing Strip	
19678	Q35317502	Wasson Landing Strip	
19679	Q35317532	Water Valley Municipal Airport	
19680	Q35317547	Watercolor Airport	
19681	Q35317561	Waterfront Floating Helistop	
19682	Q35317576	Watermeier Airport	
19683	Q35317591	Watervliet Municipal Airport	
19684	Q35317606	Watkins Private Airport	
19685	Q35317649	Watson Farm Airport	
19686	Q35317664	Watson Flight Strip	
19687	Q35317694	Watson Landing Strip	
19688	Q35317709	Watters Airport	
19689	Q35317724	Wattle Landing Strip	
19690	Q35317737	Watts-Smith Airport	
19691	Q35317767	Waukon Municipal Airport	
19692	Q35317781	Waverly Landing Airport	
19693	Q35317795	Waverly Municipal Airport	
19694	Q35271324	Knapp Pecan Orchard Airpark	
19695	Q35271332	Knievel Airport	
19696	Q35271342	Knoeber Landing Strip	
19697	Q35271353	Knolle Ranch Airport	
19698	Q35271364	Knollwood Farm Airport	
19699	Q35271375	Knoop Airport	
19700	Q35271386	Knot 2 Shabby Airport	
19701	Q35271396	Knott Airport	
19702	Q35271409	Knowlesville Airport	
19703	Q35271421	Knox Bay Seaplane Base	
19704	Q35271455	Knoxville News-Sentinel Airport	
19705	Q35271465	Ko-Kee Airport	
19706	Q35271489	Koch Airport	
19707	Q35271500	Koch Airport	
19708	Q35271512	Koch Airport	
19709	Q35271523	Koenig Airpark	
19710	Q35271533	Koenig Airport	
19711	Q35271543	Kogatenge Airport	
19712	Q35271550	Kohlhaas Airport	
19713	Q35271555	Kohlmeyer Airport	
19714	Q35271565	Kohn Airport	
19715	Q35271586	Koinzan Airport	
19716	Q35271596	Koke Airport	
19717	Q35271614	Kolb Landing Strip	
19718	Q35271622	Kolibri Airport	
19719	Q35271631	Koll Airport	
19720	Q35287079	Palm Beach West County Jail Helistop	
19721	Q35287111	Palmer Village-Napier Lake Airport	
19722	Q35287122	Palmetto Air Plantation Airport	
19723	Q35287132	Palms West Hospital Helistop	
19724	Q35287143	Palo Duro Airport	
19725	Q35287176	Pamlico Airport	
19726	Q35287208	Panacea Airport	
19727	Q35287218	Pangerl Airport	
19728	Q35287228	Panhandle-Carson County Airport	
19729	Q35287239	Paniola Air Ranch	
19730	Q35287250	Pannier Flying Club Airport	
19731	Q35287272	Panola County Airport	
19732	Q35287282	Panther Creek Airport	
19733	Q35287327	Paradise Air Haven Airport	
19734	Q35287338	Paradise Airpark	
19735	Q35287372	Paramount Air Airport	
19736	Q35287394	Paris Landing Airpark	
19737	Q35287405	Parish Aerodrome Airport	
19738	Q35287416	Park Airport	
19739	Q35287427	Parker Airport	
19740	Q35287438	Parker Airport	
19741	Q35287449	Parker Airport	
19742	Q35287471	Parker Landing Strip	
19743	Q35287482	Parker Place Airport	
19744	Q35305302	Spicewood Airport	
19745	Q35305315	Spickard-Marshall Airport	
19746	Q35305330	Spiering Airport	
19747	Q35305344	Spillers Club Airport	
19748	Q35305359	Spirit Airpark	
19749	Q35305372	Split B Ranch Airport	
19750	Q35305386	Sport Flyers Airport	
19751	Q35305400	Sportsman's World Airport	
19752	Q35305414	Spring Airport	
19753	Q35305427	Spring Brook Airport	
19754	Q35305441	Spring Brook Airport	
19755	Q35305456	Spring Hill Airport	
19756	Q35305483	Spring Lake Airport	
19757	Q35305497	Spring Lake Airport	
19758	Q35305508	Spring Landing Airport	
19759	Q35305520	Spring Paths Airport	
19760	Q35305532	Spring Ranch Airport	
19761	Q35305583	Springview Municipal Airport	
19762	Q35305597	Spruce Airport	
19763	Q35305611	Sprungers South Adams County Airstrip	
19764	Q35305624	Square Air Airport	
19765	Q35305637	Square K Airport	
19766	Q35305650	Square Pond Seaplane Base	
19767	Q35305661	Squier Landing Airport	
19768	Q35305678	Squires Airport	
19769	Q35305684	Squires Aviation Ranch	
19770	Q21924155	Beverley Springs Airport	BVZ
19771	Q35287187	Pamol Airport	PAY
19772	Q35271647	Kompiam Airport	KPM
19773	Q21924171	Amata Airport	AMT
19774	Q35287460	Parker County Airport	WEA
19775	Q21924141	Cattle Creek Airport	
19776	Q35305941	Stafford Municipal Airport	
19777	Q35305954	Stag Air Park	
19778	Q35305968	Stage Coach Hills Airport	
19779	Q35305982	Stallone Airport	
19780	Q35305995	Stambaugh Airport	
19781	Q35306009	Stampede Valley Airport	
19782	Q35306022	Stamper Ranch Airport	
19783	Q35306036	Stan Nowiki Airport	
19784	Q35306048	Stand Fast Airport	
19785	Q35306057	Standish Industrial Airport	
19786	Q35306071	Stangl Airport	
19787	Q35306084	Stangland Airport	
19788	Q35306125	Stanton Municipal Airport	
19789	Q35306139	Stanwix Heights Airport	
19790	Q35308033	Sunbelt Strip Airport	
19791	Q35308048	Sunburst Ranch Airport	
19792	Q35308062	Sundance Farms Airport	
19793	Q35308078	Sundbeck Ranch Airport	
19794	Q35308092	Sunderland Airport	
19795	Q35308107	Sunflower Aerodrome	
19796	Q35308135	Sunniland Ranch Airport	
19797	Q35308149	Sunny Hill Airport	
19798	Q35308163	Sunnybreeze Airport	
19799	Q35308177	Sunray Airport	
19800	Q35308191	Sunrise Beach Airport	
19801	Q35308206	Sunrise Farms Airport	
19802	Q35308219	Sunset Acres Airport	
19803	Q35308233	Sunset Airport	
19804	Q35308247	Sunset Landing Strip	
19805	Q35308259	Sunset Strip Airpark	
19806	Q35308273	Sunset Strip Airpark	
19807	Q35308287	Sunset Strip Airport	
19808	Q35308301	Sunset Strip Airport	
19809	Q35308315	Sunshine Farms Airport	
19810	Q35308329	Sunshine Ranch Airport	
19811	Q35308343	Sunshine Ranchettes Airport	
19812	Q35308357	Suntime Airport	
19813	Q35308371	Superior Airport	
19814	Q35308399	Supplejack Airport	
19815	Q35308413	Surfside Airport	
19816	Q35317892	Wayne Municipal Airport	
19817	Q35317824	Wawoi Falls	WAJ
19818	Q35317810	Wawasee Airport	
19819	Q35317839	Waxwing Airport	
19820	Q35317852	Way West Airport	
19821	Q35317867	Wayne Brown Airport	
19822	Q35317881	Wayne Delp Airport	
19823	Q35317907	Wayne Office Helistop	
19824	Q35317921	Wayne Ziller Jr Airport	
19825	Q35317936	Wayne'S World Airport	
19826	Q35317951	Waynesboro Municipal Airport	
19827	Q35317966	Waynoka Municipal Airport	
19828	Q35317981	Wayside Airport	
19829	Q35317996	WBTV Airport	
19830	Q35318013	WD Flyers Airport	
19831	Q35318029	Wealing Airport	
19832	Q35318045	Weaver Airport	
19833	Q35318060	Weaver Airport	
19834	Q35318074	Weaver Ranch Airport	
19835	Q35318088	Webb Lake Airport	
19836	Q35318103	Webber Jones Airport	
19837	Q35318118	Weber Ranch Airport	
19838	Q35318132	Webster Airport	
19839	Q35318148	Webster Nolf Airport	
19840	Q35318177	Wedington Woods Airport	
19841	Q35318192	Weed Airport	
19842	Q35318203	Weedfalls Airport	
19843	Q35318228	Weeks Airport	
19844	Q35306834	Steward	
19845	Q35306696	Stephenville Clark Regional Airport	SEP
19846	Q35306848	Stewart Airport	
19847	Q35306862	Stewart Airport	
19848	Q35306972	Still Pond	
19849	Q35306671	Stephens and Akeman Airport	
19850	Q35306709	Stepp Airport	
19851	Q35306723	Sterling Airport	
19852	Q35306736	Sterling Airport	
19853	Q35306750	Steuart Office Pad	
19854	Q35306779	Stevens Farms Airport	
19855	Q35306793	Stevens Strip Airport	
19856	Q35306807	Stevenson Airport	
19857	Q35306820	Stevenson Private Airport	
19858	Q35306876	Stewart Farms Airport	
19859	Q35306890	Stewarts Green Acres Airport	
19860	Q35306904	Stickel Landing Strip	
19861	Q35306917	Stickle Cattle Farms Airport	
19862	Q35306931	Stier Airstrip	
19863	Q35306945	Stierley Airport	
19864	Q35307000	Stilwell Airport	
19865	Q35307014	Stinking Water Creek Airport	
19866	Q35307029	Stocker Airport	
19867	Q35307044	Stocker Private Airport	
19868	Q35307058	Stockton Airport	
19869	Q35307074	Stoe Creek Farm Airport	
19870	Q35307088	Stolcrest Airport	
19871	Q35307102	Stonebridge Farm Helistop	
19872	Q35307117	Stonecipher Airport	
19873	Q35307131	Stonehenge Airport	
19874	Q35307145	Stoneriver Airport	
19875	Q35273805	Lawrence Smith Memorial Airport	
19876	Q35275272	Little River Landing Strip	
19877	Q35275293	Little Texas Airport	
19878	Q35275302	Little Tobesofkee Creek Ranch Airport	
19879	Q35275313	Little York Airport	
19880	Q35275334	Littlefork Municipal/Hanover Airport	
19881	Q35275376	Live Oak Ranch Airport	
19882	Q35275386	Liverman Airport	
19883	Q35275396	LM Ranch Airport	
19884	Q35275405	Locke Lake Airport	
19885	Q35275408	Locker Brothers Airport	
19886	Q35275413	Lockett Airport	
19887	Q35275431	Lockhart Municipal Airport	
19888	Q35275440	Lockport Cambria Airport	
19889	Q35275450	Lockyear Airport	
19890	Q35275460	Loeppert CPL Aero	
19891	Q35275470	Loerke-Fox Run Aerodrome	
19892	Q35275480	Loes Highport Landing Strip	
19893	Q35275491	Loesch Ranch Airport	
19894	Q35275501	Log Cabin Airport	
19895	Q35275533	Loghouse	
19896	Q35275555	Logsdon Ranch Airport	
19897	Q35275567	Lola Landing Airport	
19898	Q35275579	Lollars Creek Farm Airport	
19899	Q35275589	Loma De Cometa Airport	
19900	Q35275599	Lometa Air Strip	
19901	Q35275610	Lone Hickory Airport	
19902	Q35275620	Lone Star Flying Service Airport	
19903	Q35275631	Lonesome Pines Airport	
19904	Q35275640	Lonesome Sky Airport	
19905	Q35275651	Long Acre Farms Airport	
19906	Q35275663	Long Island Airport	
19907	Q35275700	Long Land Farm Landing Strip	
19908	Q35275710	Long Meadow Airstrip	
19909	Q35275731	Long RLA Airport	
19910	Q35275742	Long View Landing	
19911	Q35275751	Longbird Airport	
19912	Q35275771	Longhorn Auxiliary Landing Strip	
19913	Q35275782	Longs Airport North	
19914	Q35275793	Longs Farm Airport	
19915	Q35275815	Longview Airport	
19916	Q35275826	Longwell Airport	
19917	Q35275840	Lookout Mountain Airport	
19918	Q35275851	Lookout Mountain Airport	
19919	Q35275862	Lookout Point Airport	
19920	Q35275873	Loon Lane Seaplane Base	
19921	Q35275892	Lopez Ranch Airport	
19922	Q35275924	Lorenz Airport	
19923	Q35275934	Los Cuernos Ranch Airport	
19924	Q35275945	Los Ebanos Ranch Airport	
19925	Q35275955	Los Muertos Airport	
19926	Q35275966	Loseke Airstrip	
19927	Q35275976	Lost Bridge Village Airport	
19928	Q35275987	Lost Creek Farms Airport	
19929	Q35288216	Pentecost Airport	
19930	Q35288227	Percival Springs Airport	
19931	Q35288238	Perdido Winds Airpark	
19932	Q35288249	Perkins Landing Strip	
19933	Q35288279	Perkins Lazy Meadows Airport	
19934	Q35288290	Perkins Memorial Airpark	
19935	Q35288300	Perkins-Prothro Cimarron Ranch Airport	
19936	Q35288310	Perl Acres Airport	
19937	Q35288321	Perry Aero Park Airport	
19938	Q35288365	Perry Ranch Airport	
19939	Q35288376	Perry-Fort Valley Airport	
19940	Q35288387	Perrys Airport	
19941	Q35288418	Persimmon Gap Ranch Airport	
19942	Q35288439	Pester Airport	
19943	Q35288461	Peterman Airport	
19944	Q35288472	Petermen Landing Strip	
19945	Q35288483	Peters Airport	
19946	Q35288493	Petersburg Airport	
19947	Q35288502	Petersen Landing Strip	
19948	Q35288517	Peterson Airport	
19949	Q35288527	Peterson Airport	
19950	Q35288538	Peterson Airport	
19951	Q35288548	Peterson Farm Airport	
19952	Q35288558	Peterson Farms Airport	
19953	Q35288609	Petes Airpark	
19954	Q35288620	Petes Airport	
19955	Q35288630	Petes Patch Airport	
19956	Q35288641	Pettigrew Moore Aerodrome	
19957	Q35288652	Petty Farms Airport	
19958	Q35287154	Pambwa	PAW
19959	Q35271655	Konge	KGB
19960	Q35287315	Papondetta Airport	EIA
19961	Q21924150	Croydon Airport	CDQ
19962	Q21924156	Batavia Downs Airport	BVW
19963	Q35287198	Pampa	
19964	Q35287360	Param	PPX
19965	Q35271432	Knox Landing	
19966	Q35271605	Kokoro	KOR
19967	Q35305558	Springhill Airport	
19968	Q35287261	Panola County Airport	
19969	Q35287088	Palmer Airport	
19970	Q35287099	Palmer Airport	
19971	Q21957686	St Pauls	SVM
19972	Q35305571	Springhill Airport	
19973	Q35305545	Spring Valley Farm Airport	
19974	Q35271308	Knape Airport	
19975	Q35271317	Knapp Airport	
19976	Q21957770	Mystery Flight Airport	ZZF
19977	Q21974283	Esquipulas Airport	
19978	Q21974286	Kala Airport	
19979	Q21974288	Kampene Airport	
19980	Q21974291	Kasaji Airport	
19981	Q21974292	Kasese Airport	
19982	Q21957705	Mount Swan Airport	MSF
19983	Q21957753	Ouyen	OYN
19984	Q21957696	Lissadell	
19985	Q21960950	West Angelas Airport	WLP
19986	Q21974276	Costa Esmeralda Airport	ECI
19987	Q21957726	Roy Hill Station Airport	RHL
19988	Q21957702	Alton Downs	AWN
19989	Q21957715	Wondoola Airport	WON
19990	Q21957768	Gascoyne Junction Airport	GSC
19991	Q21972998	Graeme Rowley Aerodrome	CKW
19992	Q35271715	Kosciusko-Attala County Airport	OSX
19993	Q35272034	Kungim Airstrip	KGM
19994	Q35271671	Kopiago	KPA
19995	Q21957756	Narrogin Airport	NRG
19996	Q35287721	Paulsboro Refinery	
19997	Q35271938	Krzewica	
19998	Q35305790	St. James Municipal Airport	
19999	Q21960952	Ginbata Airport	GBW
20000	Q21974275	Chobe Safari Lodge Airport	
20001	Q21974285	Ishasha River Camp Airport	
20002	Q35271663	Konitz Airport	
20003	Q35271679	Koppie Airport	
20004	Q35271688	Kornegay Private Airport	
20005	Q35271704	Korver Airport	
20006	Q35271726	Koskovich Airport	
20007	Q35271737	Kottwitz Landing Strip	
20008	Q35271748	Kough Landing Strip	
20009	Q35271770	Kramer Airport	
20010	Q35271781	Kraschenbern Airport	
20011	Q35271806	Krastel Farms Airport	
20012	Q35271818	Krause Airport	
20013	Q35271830	Kreilings Airport	
20014	Q35271841	Krenzers Airport	
20015	Q35271851	Kriewall Strip Airport	
20016	Q35271861	Krittenbrink Landing Strip	
20017	Q35271872	Krohe Airport	
20018	Q35271883	Kropf Airport	
20019	Q35271905	Krueger Loon Lake Seaplane Base	
20020	Q35271916	Krutmeier Airport	
20021	Q35271927	Krutz Airport	
20022	Q35271949	KSA Orchards Airport	
20023	Q35271959	Ksayian	
20024	Q35271970	Kubecka Aviation Airport	
20025	Q35271981	Kubecka Flying Service Inc. Airport	
20026	Q35271992	Kuebler RLA Airport	
20027	Q35272002	Kuiper Landing Strip	
20028	Q35272013	Kumor Airport	
20029	Q35287493	Parking Garage Helistop	
20030	Q35287503	Parks Airport	
20031	Q35287513	Parks College Airport	
20032	Q35287522	Parrish Airport	
20033	Q35287533	Parrish Airstrip	
20034	Q35287543	Parrish Brothers Private Airport	
20035	Q35287553	Parrish RLA Airport	
20036	Q35287563	Pasley Airport	
20037	Q35287585	Passer Landing Strip	
20038	Q35287595	Pata Skyhaven Airport	
20039	Q35287604	Pate Lake Seaplane Base	
20040	Q35287615	Patterson Farms Airport	
20041	Q35287626	Patterson Island Airport	
20042	Q35287636	Patterson Ranch Airport	
20043	Q35287647	Patton Valley Airport	
20044	Q35287658	Paul E. Kroenlein Airport	
20045	Q35287668	Paul Landing Strip	
20046	Q35287677	Paul Pittman Memorial Airport	
20047	Q35287688	Paul Ridder Ranch Airport	
20048	Q35287698	Paullina Municipal Airport	
20049	Q35287732	Pavek Airport	
20050	Q35287743	Pavlat Airport	
20051	Q35287754	Pawhuska Municipal Airport	
20052	Q35287765	Pawlet Ranch Airport	
20053	Q35287776	Pawnee City Municipal Airport	
20054	Q35287787	Pawnee Municipal Airport	
20055	Q35287797	Paxton Airport	
20056	Q35287808	Paxton Airport	
20057	Q35287819	Payne Airport	
20058	Q35305694	Squirrel Creek Ranch Airport	
20059	Q35305706	Sroda Maczniki	
20060	Q35305744	St Clair Regional Airport	
20061	Q35305772	St George Island Airport	
20062	Q35305779	St Helen Airport	
20063	Q35305804	St John Airport	
20064	Q21957732	Orientos Airport	OXO
20065	Q21957757	Yandicoogina Airport	YNN
20066	Q21974296	Kempile Airport	
20067	Q21974280	Dos Lagunas Airport	DON
20068	Q35271696	Koroba Airport	KDE
20069	Q21957746	Cherrabun	CBC
20070	Q21974269	Beyla Airport	
20071	Q21957766	Moroak Landing Ground	MRT
20072	Q21974297	Kenge Airport	
20073	Q21957752	Robinson River Aerodrome	
20074	Q21974290	Karawa Airport	
20075	Q21974287	Kamituga Airport	
20076	Q35319149	Westford Airstrip	
20077	Q35319163	Westmoreland Airport	
20078	Q35319193	Westport Auxiliary Airport	
20079	Q35319207	Westrick Airport	
20080	Q35319222	Westwind Farm Airport	
20081	Q35319236	Westwind Helicopters Airport	
20082	Q35319251	Westwind Ranch Airport	
20083	Q35309805	Tawa	TWY
20084	Q35310138	Tekadu	TKB
20085	Q35310224	Temple	
20086	Q35309815	Taylor Airport	
20087	Q35309828	Taylor Airport	
20088	Q35309840	Taylor Airport	
20089	Q35310004	Taylorville Municipal Airport	
20090	Q35310151	Tekamah Municipal Airport	
20091	Q35310072	FOREVER FLORIDA	
20092	Q35309766	Taus River Ranch Airport	
20093	Q35309779	Tautz Airport	
20094	Q35309793	Tavernaero Park Airport	
20095	Q35309877	Taylor Airstrip	
20096	Q35309889	Taylor Johnson Airport	
20097	Q35309902	Taylor Ranch Airport	
20098	Q35309915	Taylor's Air Park	
20099	Q35309928	Taylor's Air Strip Airport	
20100	Q35309941	Taylorport Landing Strip	
20101	Q35309954	Taylors Falls Airport	
20102	Q35309967	Taylors Flight Park	
20103	Q35309979	Taylors Saddle Mountain Ranch Airport	
20104	Q35309991	Taylorsville Airport	
20105	Q35310040	Teague Municipal Airport	
20106	Q35310052	Tecumseh Municipal Airport	
20107	Q35310063	Tecumseh Products Airport	
20108	Q35310084	Teds Place Airport	
20109	Q35310097	Tee Brad's Airport	
20110	Q35310111	Tee Pee Creek Airport	
20111	Q35310124	Tejas Stone Ranch Airport	
20112	Q35310193	Tellico Plains Municipal Airport	
20113	Q35310237	Temple Airport Inc	
20114	Q35310204	Telsiai	
20115	Q35320709	Williams Ranch Airport	
20116	Q35320664	Williams Flying Service Airport	
20117	Q35320590	Sky Manor Airpark	
20118	Q35320239	Wilder Airport	
20119	Q35320253	Wilderness Airpark	
20120	Q35320269	Wilderness Point Airport	
20121	Q35320284	Wildwood Airport	
20122	Q35320299	Wiley Updike Airport	
20123	Q35320314	Wileys Air Strip	
20124	Q35320329	Wilhelm Airport	
20125	Q35320344	Wilken Airport	
20126	Q35320359	Wilkens Airport	
20127	Q35320374	Wilkens Airport	
20128	Q35320389	Wilkerson's Airport	
20129	Q35320404	Wilkins Airport	
20130	Q35320419	Wilkins Landing Strip	
20131	Q35320432	Will A Hildreth Farm Airport	
20132	Q35320447	Will and Wileys Aerodrome	
20133	Q35320463	Willadae Farms Airport	
20134	Q35320478	Willaview Airport	
20135	Q35320492	Willcox Airport	
20136	Q35320509	Willhite Airport	
20137	Q35320522	William E. Koenig Airport	
20138	Q35320537	William Engle Landing Strip	
20139	Q35320551	William Irving Lewis Airport	
20140	Q35320565	William L Rutherford Airport	
20141	Q35320578	William P Gwinn Airport	
20142	Q35320605	Williams Airpark	
20143	Q35320620	Williams Airport	
20144	Q35320635	Williams Airport	
20145	Q35320650	Williams Airport	
20146	Q35320679	Williams Landing Strip	
20147	Q35320694	Williams Landing Strip	
20148	Q35289000	Piedmont Municipal Airport	
20149	Q35289173	Pimaga Airport	PMP
20150	Q35289248	Pine Island Airport	
20151	Q35289184	Pinckneyville-Du Quoin Airport	
20152	Q35289086	Pikes Point Airport	
20153	Q35289290	Pine River Regional Airport	
20154	Q35289226	Pine Hill Airport	
20155	Q35289010	Pierce Aero Landing Strip	
20156	Q35289020	Pierce Airport	
20157	Q35289031	Pierson Municipal Airport	
20158	Q35289043	Pigeon Airport	
20159	Q35289055	Piggott Municipal Airport	
20160	Q35289066	Pike River Landing Airport	
20161	Q35289076	Pikes Airport	
20162	Q35289097	Pilkinton Airstrip	
20163	Q35289109	Pillow Hill Airport	
20164	Q35289119	Pilot Country Airport	
20165	Q35289130	Pilot Pointe Estates Airport	
20166	Q35289141	Pilots Cove Airport	
20167	Q35289152	Pilots Cove Airport	
20168	Q35289162	Pilots Ridge Airport	
20169	Q35289195	Pine Acres	
20170	Q35289215	Pine City Municipal Airport	
20171	Q35289260	Pine Island Helistop	
20172	Q35289271	Pine Mountain Airpark	
20173	Q35289281	Pine Ridge Helistop	
20174	Q35289301	Pine Shadows Airpark	
20175	Q35289312	Pine Sod Ranch Airport	
20176	Q35289321	Pine Village Airport	
20177	Q21974300	Kipushia Airport	
20178	Q21974306	Lukala Airport	
20179	Q21974307	Lulingu Tshionka Airport	
20180	Q21974309	Malebo Airport	
20181	Q21974308	Malacatán Airport	
20182	Q21974310	Manzalele Airport	
20183	Q21974311	Mboie Airport	
20184	Q21974312	Moma Airport	
20185	Q21974313	Mongo Wa Kenda Airport	
20186	Q21974314	Mukedi Airport	
20187	Q21974315	Mulungu Airport	
20188	Q21974316	Munkamba Airport	
20189	Q21974319	Mweka Airport	MEW
20190	Q21974317	Mutena Airport	
20191	Q21974303	La Libertad Airport	
20192	Q21974305	Lugushwa Airport	
20193	Q35310451	Tetabedi	TDB
20194	Q35310400	Terry County Airport	
20195	Q35310318	Terapo	TEO
20196	Q35310385	Terrace Bay	
20197	Q35310250	Temple Ranch Airport	
20198	Q35310264	Ten Oaks Airport	
20199	Q35310277	Tenkiller Lake Airpark	
20200	Q35310291	Tensas Flying Service Airport	
20201	Q35310305	Tensas Parish Airport	
20202	Q35310332	Terlingua Ranch Airport	
20203	Q35310345	Terminal D Ranch Airport	
20204	Q35310360	Terminal Ocean County	
20205	Q35310373	Terra B & B Airport	
20206	Q35310412	Terry Farm Airport	
20207	Q35310425	Terry's Airport	
20208	Q35310438	Testoni Farms Airport	
20209	Q35310465	Tevis Airport	
20210	Q35310479	Tex Landing Strip	
20211	Q35310493	Tex Merritt Private Airstrip	
20212	Q35310507	Texas A and M Flight Test Station Airport	
20213	Q35310521	Texas Utilities Company Airport	
20214	Q35310536	Textor Airport	
20215	Q35310549	Thacker Airport	
20216	Q35310564	Tharpe Airport	
20217	Q35310590	Thayer Memorial Airport	
20218	Q35310603	The 88 Airport	
20219	Q35310617	The Adwell Corporation Airport	
20220	Q35310630	The Adwell Corporation Airport	
20221	Q35310643	The Aviation Valley Airport	
20222	Q35310658	The Bluffs Airport	
20223	Q35310670	The Carter Memorial Airport	
20224	Q35319178	Westport Airport	
20225	Q35318755	Wesserunsett and Ice Seaplane Base	
20226	Q35318769	Wesson Landing Strip	
20227	Q35318784	West Aero Ranch Airport	
20228	Q35318798	West Airport	
20229	Q35318826	West Black Bay Seaplane Base	
20230	Q35318840	West Bolivar Flying Service	
20231	Q35318854	West Branch Community Airport	
20232	Q35318868	West Delta Brock 30 Terminal Seaplane Base	
20233	Q35318882	West Fork Landing Strip	
20234	Q35318899	West Grove Airport	
20235	Q35318932	West Kerr Ranch Airport	
20236	Q35318945	West Liberty Airport	
20237	Q35318974	West Plains Municipal Airport	
20238	Q35318987	West Private Airport	
20239	Q35319002	West Salem Airport	
20240	Q35319017	West St Mary's Airport	
20241	Q35319031	West Township Airport	
20242	Q35319059	West Wind Airpark	
20243	Q35319073	West Wind Airport	
20244	Q35319089	Westbrook Airport	
20245	Q35319104	Westbrook Valley Airport	
20246	Q35319119	Westerlo Airport	
20247	Q35319134	Western Nebraska Community College Airport	
20248	Q49745754	Crawford Airport	
20249	Q49745755	Crawford Airport	
20250	Q49745756	Crawford Airport	
20251	Q49745748	Craik Airport	
20252	Q49745761	Creekside Airport	
20253	Q49745763	Creekside Airport	
20254	Q35276349	Lubec Municipal Airport	
20255	Q35276360	Lubien	
20256	Q35276378	Lucky G Airport	
20257	Q35276388	Lucky Lairds Landing Airport	
20258	Q49745724	Coulee Dam Seaplane Base	
20259	Q49745725	Council Municipal Airport	
20260	Q49745730	Courtney Plummer Airport	
20261	Q49745731	Cove Valley Airport	
20262	Q49745733	Covington Airport	
20263	Q49745734	Cow Creek Airport	
20264	Q49745738	Coyner Airstrip	
20265	Q49745739	Coyote Creek Ranch Airport	
20266	Q49745740	Coyote Ridge Airport	
20267	Q49745742	Coyote Run Airport	
20268	Q49745743	CPTPA Headquarters Airport	
20269	Q49745745	Crag Mountain Airport	
20270	Q49745746	Craig Private Airport	
20271	Q49745747	Craigmont Municipal Airport	
20272	Q49745749	Crakes Airport	
20273	Q49745752	Cranmoor Airstrip	
20274	Q49745753	Craw Daddy Landing	
20275	Q49745757	Crazy Bob's Airport	
20276	Q49745760	Creek Side Landing	
20277	Q49745766	Crevice Creek Airport	
20278	Q49745767	Crewe Municipal Airport	
20279	Q49745768	Crippen Creek Farm Airport	
20280	Q49745769	Crispy Cedars Airport	
20281	Q49745874	Deck Airport	
20282	Q49745888	Deer Run Airport	
20283	Q49745866	Daybreak Airport	
20284	Q49745868	Dayton Valley Airpark	
20285	Q49745873	Decatur Shores Airport	
20286	Q49745878	Deer Creek Ranch Airport	
20287	Q49745879	Deer Flat Airport	
20288	Q49745880	Deer Haven Ranch Airport	
20289	Q49745882	Deer Lodge-City-County Airport	
20290	Q49745884	Deer Meadows Airstrip	
20291	Q49745887	Deer Run Airpark	
20292	Q49745889	Deer Springs Ranch Airport	
20293	Q49745891	Deitch Airport	
20294	Q49745893	Del Monte Airport	
20295	Q49745901	Delta Daves Airport	
20296	Q49745905	Denali Airport	
20297	Q49745906	Denio Junction Airport	
20298	Q49745907	Denver Federal Center Helistop	
20299	Q49745909	Depue Airport	
20300	Q49745910	Der Schwarzwald Airport	
20301	Q49745911	Derecsky Airport	
20302	Q49745912	Desert Air Sky Ranch	
20303	Q49745913	Desert Aire Airport	
20304	Q49745914	Desert Aviation Airport	
20305	Q49745915	Desert Creek Airport	
20306	Q49745916	Deshler Municipal Landing Strip	
20307	Q49745920	Devils Garden Airport	
20308	Q49745922	Di Giorgio Ranch Landing Strip	
20309	Q49745923	Diamond A Ranch Airport	
20310	Q49745924	Diamond M Ranch Airport	
20311	Q35274119	Lebegue LSA Landing Airport	
20312	Q35274141	LeClere Landing Strip	
20313	Q35274162	Lee Creek Airport	
20314	Q35274172	Lee Creek Airport	
20315	Q35274183	Lee Farms Airport	
20316	Q35274194	Lee Massey Airport	
20317	Q35274205	Lee's Airport	
20318	Q35274227	Leefers Landing Strip	
20319	Q35274239	Leesburg Spraying Airport	
20320	Q35274250	Leesville Airport	
20321	Q35274261	Leeward Air Ranch Airport	
20322	Q35274272	Leffler Airport	
20323	Q35274283	Leflore Landing Strip	
20324	Q35274289	Leger Airport	
20325	Q35274296	Leger Landing Strip	
20326	Q35274307	Lehman Airport	
20327	Q35274326	Leigh Farm Airport	
20328	Q35274334	Leila Hospital Helistop	
20329	Q35274342	Leise Landing Strip	
20330	Q35274354	Lejeune Airport	
20331	Q35274376	Lemert Airport	
20332	Q35274387	Lemons Airport	
20333	Q35274398	Lemont Industrial Park Airport	
20334	Q35275097	Linga Linga	LGN
20335	Q35274969	Lincoln	
20336	Q35275003	Lindbergh's Landing Airport	
20337	Q35274841	Liberty Landing	
20338	Q35274852	Liddieville Airport	
20339	Q35274873	Liebau Ranch Airport	
20340	Q35274884	Lierley Farms Airport	
20341	Q35274895	Ligonier Airport	
20342	Q35274906	Lil Bird Airport	
20343	Q35274917	Liles Airport	
20344	Q35274928	Lilienthal Airport	
20345	Q35274949	Limington-Harmon Airport	
20346	Q35274958	Linch Landing Strip	
20347	Q35274988	Lindauer Airport	
20348	Q35274994	Lindbergh Airport	
20349	Q35275015	Lindell Loveless Airport	
20350	Q35275026	Linden Air Airport	
20351	Q35275038	Linders Cow-Chip Airport	
20352	Q35275049	Lindey's Landing Airport	
20353	Q35275060	Lindquist Airport	
20354	Q35275075	Lindsay Airport	
20355	Q35275086	Lindsay Municipal Airport	
20356	Q35275109	Links Landing Seaplane Base	
20357	Q35275121	Linn County Airport	
20358	Q35275132	Linn State Technical College Airport	
20359	Q35275142	Lino Air Park	
20360	Q35275153	Linwood Airport	
20361	Q35275164	Lisa Landing Strip	
20362	Q35275175	Little 'L' Ranch Airport	
20363	Q35289706	Plantation Airpark	
20364	Q35289771	Plattsmouth Municipal Airport	
20365	Q35289804	Pleasanton Municipal Airport	
20366	Q35289674	Plainsview Ranch Airport	
20367	Q35289685	Plainwell Municipal Airport	
20368	Q35289696	Plane Haven Airport	
20369	Q35289716	Plantation Key Seaplane Base	
20370	Q35289727	Plastics Park Airport	
20371	Q35289749	Platte Valley Airport	
20372	Q35289760	Plattsburg Airpark	
20373	Q35289782	Pleasant Grove Airpark	
20374	Q35289793	Pleasant Valley Airport	
20375	Q35289819	Pleasure Valley Landing Area	
20376	Q35289828	Plew Airport	
20377	Q35289856	Plugger Airport	
20378	Q35289867	Plum Creek Farm Airport	
20379	Q35289878	Plummer Airport	
20380	Q35289888	Pocahontas Municipal Airport	
20381	Q35289902	Pocotaligo Airport	
20382	Q35289913	Poe's Airport	
20383	Q35289924	Pokety Airport	
20384	Q35289935	Polaks Sky Ranch	
20385	Q35289947	Polanowice	
20386	Q35289957	Police Airport	
20387	Q35289968	Police Prison Farm Airport	
20388	Q35289975	Polk Ranch Airport	
20389	Q35289985	Polk Ranch Airport	
20390	Q35290003	Polly Ranch Airport	
20391	Q35290028	Pomme Aero Airport	
20392	Q35290038	Pomona Lake Airport	
20393	Q49746002	Drummond Airport	DRU
20394	Q49745989	Drake Airport	
20395	Q49746020	Dunn Airport	
20396	Q49746017	Duncan Airport	
20397	Q49745977	Double V Ranch Airport	
20398	Q49745978	Dougherty Airport	
20399	Q49745981	Downes Airport	
20400	Q49745986	Doyle Estates Airport	
20401	Q49745988	Draco Airport	
20402	Q49745990	Drake Farm Airport	
20403	Q49745991	Drayton Municipal Airport	
20404	Q49745993	Dream Catcher Ranch Airport	
20405	Q49745994	Dresser Hill Airport	
20406	Q49745997	Drift River Airport	
20407	Q49746001	Drillmore Acres Airport	
20408	Q49746003	Dry Bay Airport	
20409	Q49746004	Dry Pen Airport	
20410	Q49746011	Duff Airport	
20411	Q49746019	Dunlea Airpark	
20412	Q49746023	Dunton Ranch Airport	
20413	Q49746024	Durand Municipal Airport	
20414	Q49746025	Dutch Country Egg Farms Airport	
20415	Q49746026	Dutch Gap Airstrip	
20416	Q49746027	Dutch John Airport	
20417	Q49746029	Dutton Airport	
20418	Q49746031	Dwight's Delight Airport	
20419	Q49746006	MILLER'S MOTHER LODE	
20420	Q49746012	Duffy's Tavern Airport	
20421	Q35276115	Louisiana Regional Airport	
20422	Q35275998	Lost Horn Ranch Airport	
20423	Q35276009	Lost Mine Airport	
20424	Q35276020	Lost Mountain Airport	
20425	Q35276031	Lost Umlaut Farm Airport	
20426	Q35276042	Lothert's Farm Strip Airport	
20427	Q35276071	Lou Abbett Farms Airport	
20428	Q35276082	Loucks Airport	
20429	Q35276093	Louisiana Delta Plantation Landing Strip	
20430	Q35276104	Louisiana Delta South End Landing Strip	
20431	Q35276126	Louisville AHP Airport	
20432	Q35276137	Louisville Municipal Airport	
20433	Q35276158	Loup City Municipal Airport	
20434	Q35276168	Low Pass Airport	
20435	Q35276189	Lowe Landing Strip	
20436	Q35276200	Lowell Smith Jr Airport	
20437	Q35276211	Lowells Landing Airport	
20438	Q35276222	Lower Creek Airport	
20439	Q35276232	Lower Marlboro Airport	
20440	Q35276243	Lower Range Seaplane Base	
20441	Q35276254	Lowers Airport	
20442	Q35276265	Lowes Airport	
20443	Q35276275	Lowes Landing Strip	
20444	Q35276286	Lowndes Airport	
20445	Q35276297	Lowrance Airport	
20446	Q35276308	Lowrance Ranch Airport	
20447	Q35276319	Loxahatchee Airport	
20448	Q35276329	Lt Landing	
20449	Q35276339	LT World Airport	
20450	Q35276148	Louisville Winston County Airport	LMS
20451	Q35288990	Piedmont Airport	PYP
20452	Q35288882	Phillipsburg Municipal Airport	
20453	Q35288806	Phillips Airport	
20454	Q35288817	Phillips Airport	
20455	Q35288828	Phillips Airport	
20456	Q35288838	Phillips Airport	
20457	Q35288663	Pevey Airport	
20458	Q35288674	Pewanogowink-Banks Airport	
20459	Q35288685	Pfeffer & Son Farms Airport	
20460	Q35288696	Pfister Helistop	
20461	Q35288706	Phalanx Airport	
20462	Q35288729	Pheasant Wings Airport	
20463	Q35288740	Phelps Airport	
20464	Q35288751	Pherigo Airport	
20465	Q35288762	Philbrick Mountain Airport	
20466	Q35288773	Philip R Bunn Airport	
20467	Q35288784	Philip Ranch Airport	
20468	Q35288795	Philippi/Barbour County Regional Airport	
20469	Q35288850	Phillips Airstrip	
20470	Q35288861	Phillips Corporation Airport	
20471	Q35288871	Phillips Farm Airport	
20472	Q35288893	Phipps Airport	
20473	Q35288904	Phoenix Airport	
20474	Q35288915	Piano Ranch Airport	
20475	Q35288925	Piatt County Airport	
20476	Q35288935	Picayune Airport	
20477	Q35288946	Pick Landing Strip	
20478	Q35288957	Pickens Airport	
20479	Q35288968	Pickle Plantation Airport	
20480	Q35288979	Picosa Ranch Airport	
20481	Q21974330	Seronga Airport	
20482	Q21974336	Vanga Airport	
20483	Q21974344	Yemo Airport	
20484	Q21974345	Zacapa Airport	
20485	Q22072050	Ankokoambo Airport	
20486	Q22072054	Santa Fe Do Sul	
20487	Q22072055	Serra Pelada	
20488	Q21974335	Tshimpumpu Airport	
20489	Q22022069	Cincinnati West Airport	
20490	Q21974328	Río Dulce Airport	LCF
20491	Q21974321	Nzamba Airport	
20492	Q21974342	Wembo Airport	
20493	Q21974322	Nzovu Airport	
20494	Q21974332	Tandala Airport	
20495	Q49745636	Clearwater Airport	
20496	Q49745615	Circle T Airport	
20497	Q35319266	Wetenkamp Airport	
20498	Q35319281	Wetherbee Farm Airport	
20499	Q35319296	Wexford Landing Airport	
20500	Q35319310	Whatley Flying Service Airport	
20501	Q35319321	Wheatley Farms Airport	
20502	Q35319332	Wheatley Landing Strip	
20503	Q35319346	Wheeler Landing Strip	
20504	Q35319358	Wheeler Municipal Airport	
20505	Q35319371	Wheelless Airport	
20506	Q35319383	Whelan Farms Airport	
20507	Q35319397	Whelen Airport	
20508	Q35319423	Whifferdill Airport	
20509	Q35319435	Whip-Poor-Will Landing Strip	
20510	Q35319444	Whirlwind Aviation	
20511	Q35319452	Whispering Pines Airport	
20512	Q35319466	Whitaker Airport	
20513	Q35319495	White Airport	
20514	Q35319509	White Airport	
20515	Q35319539	White Farms Airport	
20516	Q35319554	White House Farm Airport	
20517	Q35319569	White Landing Strip	
20518	Q35319583	White Mountain Gateway Airport	
20519	Q35319596	White Oak Airport	
20520	Q35319612	White Pigeon Airport	
20521	Q35319627	White Wing Ranch Airport	
20522	Q35319642	White Wings Airport	
20523	Q35319657	Whited Brothers Landing Strip	
20524	Q35319670	Whitehall Airport	
20525	Q35319701	Whiteheart Farm Airport	
20526	Q49745606	Circle A Ranch Airport	
20527	Q49745607	Circle B Airport	
20528	Q49745609	Circle C Airport	
20529	Q49745610	Circle H Ranch Airport	
20530	Q49745611	Circle K Airport	
20531	Q49745612	Circle L Ranch Airport	
20532	Q49745614	Circle P Farm Airport	
20533	Q49745616	Circle Town County Airport	
20534	Q49745619	City of Las Animas - Bent County Airport	
20535	Q49745621	Cizek North Airport	
20536	Q49745623	Clam Harbor Airport	
20537	Q49745627	Clark Ranch Airport	
20538	Q49745629	Clavel Ranch Airport	
20539	Q49745630	Clay's RV Airport	
20540	Q49745631	Cle Elum Municipal Airport	
20541	Q49745632	Clear Creek Airport	
20542	Q49745634	Clear Lake Municipal Airport	
20543	Q49745635	Clearwater Aero Estates Airport	
20544	Q49745639	Clinesmith Ranch Airport	
20545	Q49745640	Clinton-Hickman County Airport	
20546	Q49745641	Cloud Dancer Private Airport	
20547	Q49745642	Cloudbound Airport	
20548	Q49745644	Clover Valley Airport	
20549	Q49745652	Cokeville Municipal Airport	
20550	Q49745643	Mueller-Harkins Field	
20551	Q35289589	Pitman	
20552	Q35289331	Pinebloom Plantation Airport	
20553	Q35289342	Pinebrook Estates Airport	
20554	Q35289352	Pineland Municipal Airport	
20555	Q35289363	Pineridge Stolport	
20556	Q35289374	Pineville Municipal Airport	
20557	Q35289385	Pinewood Airport	
20558	Q35289396	Piney Bend Airport	
20559	Q35289407	Piney Creek Airport	
20560	Q35289417	Piney Point Airport	
20561	Q35289428	Piney Ridge Airport	
20562	Q35289439	Pingston Aeroworks Airport	
20563	Q35289472	Pinoak Airport	
20564	Q35289483	Pinon Ranch Airport	
20565	Q35289493	Pinsons Cottonpatch Airport	
20566	Q35289504	Piolis Brookside Airport	
20567	Q35289515	Pioneer Ranch Landing Strip	
20568	Q35289526	Piper Airport	
20569	Q35289537	Piper's Landing	
20570	Q35289548	Pippen-York Ranch Airport	
20571	Q35289559	Pippenger Airport	
20572	Q35289568	Pista Mattei	
20573	Q35289579	Pitcock Rosillos Mountain Ranch Airport	
20574	Q35289600	Pitt County Memorial Hospital Airport	
20575	Q35289610	Pittman Oaks Airport	
20576	Q35289625	Pitts Ranch Airport	
20577	Q35289641	Placid Lakes Airport	
20578	Q35289652	Plain Crazy Airport	
20579	Q35289663	Plains Municipal Airport	
20580	Q35318389	Weiss Airport	
20581	Q35318404	Weiss Airport	
20582	Q35318302	Weidel	
20583	Q35318533	Wells Airport	
20584	Q35318542	Wells Airport	
20585	Q35318243	Weems Farm Airport	
20586	Q35318287	Weiblen Airport	
20587	Q35318331	Weidner Airport	
20588	Q35318345	Weihler Airport	
20589	Q35318374	Weishaupt Airport	
20590	Q35318418	Weiss Farm Airport	
20591	Q35318432	Welborn Farm Airport	
20592	Q35318447	Welborn Memorial Baptist Hospital Airport	
20593	Q35318462	Welbourn Airport	
20594	Q35318477	Weldon Landing Strip	
20595	Q35318492	Wellborn Airport	
20596	Q35318506	Weller Airport	
20597	Q35318520	Wellington Aero Club Airport	
20598	Q35318553	Wells Farm Airport	
20599	Q35318584	Wells Seaplane Base	
20600	Q35318614	Welsh Airport	
20601	Q35318628	Wenning Landing Area Airport	
20602	Q35318643	Wentworth Aerodrome	
20603	Q35318656	Werner Airport	
20604	Q35318670	Werner Airport	
20605	Q35318685	Wernsman's Airport	
20606	Q35318698	Werries Airport	
20607	Q35318713	Wertjes Landing Strip	
20608	Q35318727	Wesley Landing Strip	
20609	Q35318741	Wesley Medical Center Airport	
20610	Q35318569	Wells Flying Service Airport	
20611	Q35274316	Lehu	LHP
20612	Q35274130	Lebien	
20613	Q35274014	Le Maire Memorial Airport	
20614	Q35274042	Le Nores Airport	
20615	Q35274053	Lea Lumber Company Airport	
20616	Q35274064	Leaders/Clear Lake Airport	
20617	Q35274075	Leatherbury Landing Strip	
20618	Q35274086	Leavitt Airport	
20619	Q35274097	Lebanon Airport	
20620	Q35274108	Lebeck Landing Strip	
20621	Q22952121	Celaque Airport (Gracias Airstrip)	GAC
20622	Q22929207	Jeddah Airport	
20623	Q23726066	Yaguara Airport	AYG
20624	Q23007185	Pukapuka Island Airport	PZK
20625	Q23726057	La Jagua Airport	GLJ
20626	Q23706704	Candelaria Airfield	
20627	Q23048109	Balesin Airport	BSI
20628	Q23726045	Urrao Airport	URR
20629	Q22700005	Neltume	
20630	Q23646500	El Belloto	
20631	Q23636727	Pigi Airport	
20632	Q23649478	Coique	
20633	Q23701416	Abu Hajar Airport	
20634	Q23727350	Lorica	LRI
20635	Q23726056	Chigorodó Airport	IGO
20636	Q23726067	Amalfi Airport	AFI
20637	Q23727348	Guamal Airport	GAA
20638	Q23726051	Barranco Minas Airport	NBB
20639	Q23726048	Tarapacá Airport	TCD
20640	Q23727351	La Primavera	LPE
20641	Q49751469	Tin Creek Airport	
20642	Q49751457	Tieton State Airport	
20643	Q49751459	Tightcliff Airport	
20644	Q49751463	Timber Lake Municipal Airport	
20645	Q49751464	Timber Ridge Airpark	
20646	Q49751465	Timberdoodle Airport	
20647	Q49751466	Timberline Airport	
20648	Q49751468	Timberon Airport	
20649	Q49751470	Tinnes Airport	
20650	Q49751472	Tioga Municipal Airport	
20651	Q49751477	Toddsbury Farm Airport	
20652	Q49751478	Tolovana Hot Springs Airport	
20653	Q49751480	Tonasket Municipal Airport	
20654	Q49751481	Tong Farm Airport	
20655	Q49751484	Tonopah Airport, Arizona	
20656	Q49751492	Torgerson Airport	
20657	Q49751498	Totatlanika River Airport	
20658	Q49751499	Totem Pole Ranch Airport	
20659	Q49751500	Touchet Valley Airport	
20660	Q49751503	Toussaint Airpark	
20661	Q49751505	Town Line Airport	
20662	Q49751506	Towner Municipal Airport	
20663	Q49751508	Townsend Airport	
20664	Q49751513	Tracy Airport	
20665	Q49751515	Tradewater Airport	
20666	Q49751516	Trading Bay Production Airport	
20667	Q49751518	Tranquila Airport	
20668	Q49745772	Crooked Creek Airport	
20669	Q49745811	Curtis Airport	
20670	Q49745812	Curtis Airport	
20671	Q49745771	Crocker Airport	
20672	Q49745773	Crooked Fence Farm Airport	
20673	Q49745774	Crop Air Inc Airport	
20674	Q49745775	Cross Airport	
20675	Q49745776	Cross Lake Seaplane Base	
20676	Q49745777	Cross Winds Airport	
20677	Q49745781	Crosswind Lake Airport	
20678	Q49745782	Crosswind Meadows Airport	
20679	Q49745783	Crosswinds Airport	
20680	Q49745784	Crow Island Airport	
20681	Q49745787	Crown Creek Ranch Airport	
20682	Q49745790	Crystal Lakes Resort Airport	
20683	Q49745791	Crystal Springs Ranch Airport	
20684	Q49745793	Cuatros Vientos Airport	
20685	Q49745794	Cub Acres Airport	
20686	Q49745795	Cub Bear Airport	
20687	Q49745798	Cubdivision Airport	
20688	Q49745800	Cubero Airport	
20689	Q49745801	Cuchara Ranch Airport	
20690	Q49745803	Cuddy Meadows Airport	
20691	Q49745804	Culmerville Airport	
20692	Q49745805	Cumberland Valley Airstrip	
20693	Q49745807	Cunningham Airport	
20694	Q49745809	Curns Airport	
20695	Q49745810	Currant Ranch Airport	
20696	Q49748652	Golovin Airport	GLV
20697	Q49748701	Nichols Airport	
20698	Q49748630	Nephi Municipal Airport	
20699	Q49748636	Nest of Eagles Airport	
20700	Q49748638	Nesta Airport	
20701	Q49748641	Nett Construction Airport	
20702	Q49748646	New Castle International Airport	
20703	Q49748649	New Fangled Flying Machine Incorporated Airport	
20704	Q49748659	New Kent County Airport	
20705	Q49748668	New Mexico Soaring Ranch Airport	
20706	Q49748672	New Quarter Farm Airport	
20707	Q49748674	New Town Municipal Airport	
20708	Q49748677	Newbury Airport	
20709	Q49748694	Nez Perce Municipal Airport	
20710	Q49748703	Nichols Farms Airport	
20711	Q49748712	Nicolaisen Airport	
20712	Q49748717	Nicolet Airport	
20713	Q49748719	Nielsen Airport	
20714	Q49748722	Nietz Airport	
20715	Q49748726	Nikolai Creek Airport	
20716	Q49748728	Nine Mile Airport	
20717	Q49748731	Nine Quarter Circle Ranch Airport	
20718	Q49748736	Ninilchik Airport	
20719	Q49748742	Nixon Fork Mine Airport	
20720	Q49748744	Noble County Airport	
20721	Q49747873	Martin Airport	
20722	Q49747882	Martins Aerodrome	
20723	Q49747889	Massengill Airport	
20724	Q49747940	Mc Coy Airport	
20725	Q49747865	Marsh Creek Airport	
20726	Q49747866	Marshall's Airport	
20727	Q49747869	Marshdale Airport	
20728	Q49747876	Martin Fierro Airport	
20729	Q49747881	Martindale Executive Airpark	
20730	Q49747887	Marys River Ranch Airport	
20731	Q49747888	Mason Valley Airport	
20732	Q49747893	Massey Farm Airport	
20733	Q49747897	Matovich Airport	
20734	Q49747902	Matson Airport	
20735	Q49747904	Mattawa Air Strip	
20736	Q49747906	Mauldin Airstrip	
20737	Q49747913	Mave's Lakeview Road Airport	
20738	Q49747921	Mayers Airport	
20739	Q49747922	Mazza Airport	
20740	Q49747927	Mazza Airport	
20741	Q49747929	Mc Ardle Airport	
20742	Q49747931	Mc Cabe Ranch Airport	
20743	Q49747932	Mc Cardle Farm Airport	
20744	Q49747933	Mc Cauley's Airport	
20745	Q49747934	Mc Colloch's Airport	
20746	Q49747938	Mc Conville Airstrip	
20747	Q49747942	Mc Cullough Airport	
20748	Q49747943	Mc Donald's Airport	
20749	Q49747945	Mc Gregor Airport	
20750	Q49747949	Mc Grew Airport	
20751	Q49747532	Log Cabin Airport	
20752	Q49747515	Lockeridge Airport	
20753	Q49747521	Lockmiller & Sons Airport	
20754	Q49747525	Lodi Airport	
20755	Q49747526	Lodi Lakeland Airport	
20756	Q49747527	Lofty Redwoods Airport	
20757	Q49747534	Logan Airport	
20758	Q49747535	Logan's Chance Airport	
20759	Q49747536	Loma Madera Ranch Airport	
20760	Q49747542	Lone Hawk Airport	
20761	Q49747544	Lone Pine Aerodrome	
20762	Q49747545	Lone Pine Flying Ranch Airport	
20763	Q49747546	Lone Tree Ranch Airport	
20764	Q49747552	Lonely Pines Airport	
20765	Q49747554	Lonetree Airstrip	
20766	Q49747556	Lonewood Meadows Airport	
20767	Q49747568	Long Lake Airport	
20768	Q49747570	Long Lake Airport	
20769	Q49747579	Longbell Ranch Airport	
20770	Q49747580	Longbranch Airport	
20771	Q49747583	Longs Airport	
20772	Q49747588	Loomis Airport	
20773	Q49747607	Lost Acres Airport	
20774	Q49747609	Lost Bridge Airport	
20775	Q49747620	Lost River Resort Airport	
20776	Q49747624	Lotus International Airport	
20777	Q49747628	Loury Lester Airpark	
20778	Q49747639	Lowe Airport	
20779	Q49747640	Lower Granite State Airport	
20780	Q22072134	Aero Clube de Santa Catarina	
20781	Q22284731	Desiderio Army Airfield	
20782	Q22423260	Liard River Airport	
20783	Q22537302	Lady Franklin Point Airport	
20784	Q22603157	Buchans Airport	
20785	Q22247911	Aratika Airport	RKA
20786	Q22247916	Kauehi aerodrome	KHZ
20787	Q22358094	Nkolo Fuma Airport	NKL
20788	Q22247918	Takume airport	TJN
20789	Q22632230	Mayor Galo de la Torre Airport	TNW
20790	Q22072073	Progresso	
20791	Q22415986	Epena	
20792	Q22631634	Puyehue	
20793	Q22072950	Limeira Airport	QGB
20794	Q22247912	Fakahina Airport	FHZ
20795	Q22072063	Presidente Dutra	PDR
20796	Q22072080	Colorado Do Oeste Airport	
20797	Q22077921	Swansboro Country Airport	
20798	Q22088066	Aero Club Ciudad Termal - Rosario de la Frontera	
20799	Q22484031	Johnson Point Airport	
20800	Q22591947	Nehuin	
20801	Q22612669	Dean River Airport	YRD
20802	Q22100762	Ezhou Huahu Airport	EHU
20803	Q35290102	Pontiac Municipal Airport	
20804	Q35290092	Pontiac	
20805	Q35290204	Port Isabel	
20806	Q35290331	Porter Airport	
20807	Q35290336	Porter Airport	
20808	Q35290059	Pond Creek Municipal Airport	
20809	Q35290068	Pond View Private Airport	
20810	Q35290121	Pontotoc County Airport	
20811	Q35290131	Poole Farm Airport	
20812	Q35290140	Poolsbrook Aerodrome	
20813	Q35290171	Poplarville-Pearl River County Airport	
20814	Q35290224	Port Lavaca	
20815	Q35290235	Port Newark Helistop	
20816	Q35290246	Port O'Connor Base	
20817	Q35290257	Port O'Connor Private Airport	
20818	Q35290268	Port O'Maine Airport	
20819	Q35290279	Port of the Islands Airport	
20820	Q35290290	Port Paradise Farms Airport	
20821	Q35290342	Porter Stolport	
20822	Q35290349	Possum Kingdom Airport	
20823	Q35290360	Post Oak Ranch Airport	
20824	Q35290370	Post-Air Airport	
20825	Q35290381	Post-Garza County Municipal Airport	
20826	Q35290392	Potato Blossom Airport	
20827	Q35321447	Windom Municipal Airport	MWM
20828	Q35323104	Wuvulu Island Airport	WUV
20829	Q35321571	Windy Hill Airport	
20830	Q35322808	Woodstock Airport	
20831	Q35322823	Woodstock Airport	
20832	Q49748042	Melody Ranch Airport	
20833	Q49747975	Sullivan Airport	
20834	Q35321223	Wilson Creek Airport	
20835	Q35321237	Wilson Industrial Air Center Airport	
20836	Q35321266	Wilson Ranch Airport	
20837	Q35321281	Wilson Township Airport	
20838	Q35321297	Wilts Airport	
20839	Q35321312	Wimauma Air Park	
20840	Q35321328	Winchelsea Airport	
20841	Q35321343	Winchester Airport	
20842	Q35321358	Wind Ridge Airport	
20843	Q35321372	Windemere Airport	
20844	Q35321402	Winding Creek Airport	
20845	Q35321418	Winding Creek Airport	
20846	Q35321433	Windmillcreek Airport	
20847	Q35321463	Windsoar Airport	
20848	Q35321479	Windsock Village Airport	
20849	Q35321495	Windsor Farms Airport	
20850	Q35321509	Windswept Airport	
20851	Q35321524	Windwood Farm Airport	
20852	Q35321537	Windwood Fly-In Resort Airport	
20853	Q35321552	Windy Acres Airport	
20854	Q35321586	Windy Knoll Airport	
20855	Q35321602	Windy Tales Airport	
20856	Q35321618	Winebrenner Airport	
20857	Q35321632	Wing South Airpark	
20858	Q35321648	Wings Ago Airstrip	
20859	Q35321664	Wings For Christ International Flight Academy Airport	
20860	Q35321678	Wings n Sunsets LLC Airport	
20861	Q35321694	Wings-n-Wheels Airport	
20862	Q35322731	Woods Airport	
20863	Q35322747	Woods and Lakes Airpark	
20864	Q35322763	Woods Nr 2 Airport	
20865	Q35322777	Woodside Airport	
20866	Q35322791	Woodsland Plantation Airport	
20867	Q35322836	Woodville Airport	
20868	Q35322852	Woodworth Airport	
20869	Q35322866	Woody Mc Clellan Ranch Airport	
20870	Q35322881	Woolf Brothers Airport	
20871	Q35322896	Woolsey Memorial Airport	
20872	Q35322911	Workman Landing Strip	
20873	Q35322926	World 600 Airport	
20874	Q35322943	Worrell Airport	
20875	Q35322957	Worth Airport	
20876	Q35322989	WPEC Helistop	
20877	Q35323003	Wrens Memorial Airport	
20878	Q35323017	Wright Airpark	
20879	Q35323045	Wright Ranch Airport	
20880	Q49746456	George Airport	
20881	Q49746429	Gap View Airport	
20882	Q49746433	Garner Airport	
20883	Q49746436	Garrison Dam Recreational Airpark	
20884	Q49746437	Gary Myers Airport	
20885	Q49746439	Gateway Airport	
20886	Q49746443	Gay Airport	
20887	Q49746446	Geary Ranch Airport	
20888	Q49746448	Gebauer Airport	
20889	Q49746449	Gehris Airport	
20890	Q49746451	Gene Snyder Airport	
20891	Q49746452	Gene Wash Reservoir Airport	
20892	Q49746454	Gensrich Airport	
20893	Q49746459	Geraldine Airport	
20894	Q49746461	Germack Airport	
20895	Q49746463	Gettysburg Municipal Airport	
20896	Q49746467	Gienger/Box Bar Ranch Airport	
20897	Q49746468	Giffin Airport	
20898	Q49746469	Gig Harbor Seaplane Base	
20899	Q49746471	Gila Compressor Station Airport	
20900	Q49746472	Gilbert Airport	
20901	Q49746477	Gilfert Airport	
20902	Q49746478	Gilley's Airport	
20903	Q49746484	Giovannone Airport	
20904	Q49746487	Glacierview Strip	
20905	Q49746488	Glascock Airport	
20906	Q49746489	Glen Ullin Regional Airport	
20907	Q49746490	Glen-Aspen Airport	
20908	Q49746492	Glenmar Ranch Airport	
20909	Q35323059	WSM Airport	
20910	Q35323120	Wyandotte Airport	
20911	Q35323134	Wyatt 3-Rivers Airport	
20912	Q35323149	Wyatt Airport	
20913	Q35323164	Wyatt Airport	
20914	Q35323194	Wynn Airport	
20915	Q35323209	Wynne Municipal Airport	
20916	Q49747951	Mc Kinley Country Airport	
20917	Q49747953	Mc Knight Airport	
20918	Q49747955	Mc Laughlin Municipal Airport	
20919	Q49747957	Mc Manus Hoonch-Na-Shee-Kaw Airport	
20920	Q49747961	Mc Millan Airport	
20921	Q49747965	Mc Whorter Ranch Airport	
20922	Q49747982	McFaul Airport	
20923	Q49747993	McMillin Landing Strip	
20924	Q49747996	Me-Own Airport	
20925	Q49747998	Mead Flying Service	
20926	Q49748006	Meadow Creek USFS Airport	
20927	Q49748011	Meadow Mist Airport	
20928	Q49748012	Meadowbrook Airport	
20929	Q49748019	Medicine Bow Airport	
20930	Q49748024	Medos Lake Delton Seaplane Base	
20931	Q49748035	Melby Ranch Airstrip	
20932	Q49748037	Melin Farms Airport	
20933	Q49748046	Mels Airport	
20934	Q49748049	Melville Airstrip	
20935	Q49748051	Memmi Airport	
20936	Q49748052	Memorial General Hospital Helistop	
20937	Q49748054	Memory Lake Airport	
20938	Q49748055	Menard Airport	
20939	Q49748056	Menard County Airport	
20940	Q49748060	Mendenhall Airstrip	
20941	Q49748066	Menno Airport	
20942	Q35322972	Worthington Municipal Airport	OTG
20943	Q49748016	Mecklenburg-Brunswick Regional Airport	
20944	Q49745690	Conklin Airport	
20945	Q49745653	Colberg Airport	
20946	Q49745658	Coleman Airport	
20947	Q49745663	Colorado Creek Airport	
20948	Q49745664	Colstrip Airport	
20949	Q49745665	Columbia Ag 2 Airport	
20950	Q49745666	Columbia Ag Airport	
20951	Q49745667	Columbia Crest Winery Airport	
20952	Q49745669	Columbia-Adair County Airport	
20953	Q49745673	Columbus Stockyards Airport	
20954	Q49745674	Colville Municipal Airport	
20955	Q49745677	Comanche Creek Airport	
20956	Q49745678	Comanche Springs Ranch Airport	
20957	Q49745691	Connell City Airport	
20958	Q49745693	Connor's Lake Landing	
20959	Q49745694	Conover Air Lodge Airport	
20960	Q49745695	Conrad Airport	
20961	Q49745696	Conrads Airport	
20962	Q49745698	Cooks Airport	
20963	Q49745699	Cool Water Airport	
20964	Q49745700	Coonrod Ranch Airport	
20965	Q49745705	Coopers Landing	
20966	Q49745708	Copter-Barness Airport	
20967	Q49745715	Corsica Municipal Airport	
20968	Q49745717	Cosklos Elkview Airport	
20969	Q49745721	Cottonwood Farm Airport	
20970	Q49745722	Cottonwood Municipal Airport	
20971	Q49745723	Coulee City Airport	
20972	Q35319867	Wichita	
20973	Q35319927	Wicko Morskie	
20974	Q35319716	Whitehorn Cove Airport	
20975	Q35319732	Whitehurst Airport	
20976	Q35319746	Whitehurst Airport	
20977	Q35319761	Whiteplains Airport	
20978	Q35319777	Whites Airport	
20979	Q35319791	Whites Airport	
20980	Q35319806	Whiteville Airport	
20981	Q35319821	Whitfield Farms Airport	
20982	Q35319852	Whittington Ranch Airport	
20983	Q35319883	Wichita Valley Airport	
20984	Q35319899	Wichman Airport	
20985	Q35319942	Widdon Airstrip	
20986	Q35319956	Wide Sky Airpark	
20987	Q35319970	Widmark Airport	
20988	Q35319985	Widner Landing Strip	
20989	Q35320015	Wietbrock Airport	
20990	Q35320030	Wigent Airport	
20991	Q35320045	Wightman Airport	
20992	Q35320060	Wilbanks Airport	
20993	Q35320075	Wilber Farms Airport	
20994	Q35320091	Wilber Municipal Airport	
20995	Q35320106	Wilbert Airport	
20996	Q35320121	Wilbourn Ranch Airport	
20997	Q35320136	Wilburton Municipal Airport	
20998	Q35320151	Wilcox Airstrip	
20999	Q35320167	Wilcoxon Airport	
21000	Q35320182	Wild Irish Rose Airport	
21001	Q35320210	Wildcat Air Landing Area	
21002	Q35320224	Wildcat Canyon Airport	
21003	Q35314369	Unzicker Airport	
21004	Q35314383	Up Yonder Airport	
21005	Q35315044	Vandalia Municipal Airport	VLA
21006	Q35315480	Vicksburg Municipal Airport	VKS
21007	Q49745858	Davis Airport	
21008	Q49745859	Davis Airport	
21009	Q49745862	Davis Airstrip	
21010	Q35315230	Vaughn Airport	
21011	Q49745833	Dahlgren Naval Surface Warfare Center Airport	DGN
21012	Q35315003	Van Strien Company Airport	
21013	Q35315017	Van Zandt County Regional Airport	
21014	Q35315031	Vandahl Airport	
21015	Q35315058	Vander Waal Airport	
21016	Q35315072	Vandersnick Airport	
21017	Q35315086	Vankirk Airport	
21018	Q35315101	Vans Airport	
21019	Q35315115	Var-Sky Airport	
21020	Q35315144	Varese / Venegono Airport	
21021	Q35315158	Varisco Airport	
21022	Q35315200	Vaughan Landing Strip	
21023	Q35315215	Vaughan Ranch Airport	
21024	Q35315245	Vaughn Farm Airport	
21025	Q35315259	Velo Airstrip	
21026	Q35315273	Venable Airpark	
21027	Q35315286	Venissat Airstrip	
21028	Q35315299	Ventosa Plantation Airport	
21029	Q35315327	Venus Airport	
21030	Q35315340	Verhalen Airport	
21031	Q35315366	Versailles Aerodrome	
21032	Q35315380	Versailles Airport	
21033	Q35315394	Verser's Landing Airport	
21034	Q35315410	Vertiflite Airport	
21035	Q35315438	Viall Homestead Airport	
21036	Q35315453	Viburnum Airport	
21037	Q35315467	Vici Municipal Airport	
21038	Q49745813	Curtis and Curtis Airport	
21039	Q49745817	Custer State Park Airport	
21040	Q49745821	Cyr Aviation Airport	
21041	Q49745822	D and B Airpark	
21042	Q49745823	D Bar D Airport	
21043	Q49745829	D. A. Chandler Airport	
21044	Q49745831	Dahl Private Airport	
21045	Q49745832	Dahler Homestead Airport	
21046	Q49745835	Dakota Airport	
21047	Q49745836	Dalonia Airport	
21048	Q49745837	Dalrymple's Airport	
21049	Q49745838	Dan France Airport	
21050	Q49745839	Danby Airstrip	
21051	Q49745840	Dane Airport	
21052	Q49745843	Dangel Airport	
21053	Q49745845	Darby Airport	
21054	Q49745846	Darcy's Air Strip	
21055	Q49745848	Darrington Municipal Airport	
21056	Q49745849	Daulton Airport	
21057	Q49745850	Dave Rice Airport	
21058	Q49745851	Dave's Airport	
21059	Q49745854	Daves Landing Seaplane Base	
21060	Q49745855	David Lowe Airport	
21061	Q49745857	Davidson Strip	
21062	Q49745864	Davis Private Airport	
21063	Q49751696	Wainwright Airport	AIN
21064	Q35322431	Wonenara Airport	WOA
21065	Q35322594	Woodlake Airport	
21066	Q49745971	Double Creek Ranch Airport	
21067	Q35312513	Tragesser Airport	
21068	Q35312527	Tranquility Bay Strip	
21069	Q35312541	Traverse Air Airport	
21070	Q35312554	Travis Airport	
21071	Q35312568	Travis Airport	
21072	Q35312582	Traylor Tick Farm Airport	
21073	Q35312595	Traynor Ranch Airport	
21074	Q35312608	Treasure Coast Airpark	
21075	Q35312621	Trego Airport	
21076	Q35312634	Trego Wakeeney Airport	
21077	Q35312648	Treichler Farm Airport	
21078	Q35312676	Tres Ninos Ranch Airport	
21079	Q35312689	Trettin-Cole Airport	
21080	Q35312701	Treutlen County Airport	
21081	Q35312715	Tri Cities Airport	
21082	Q35312729	Tri County Airways Airport	
21083	Q35322287	Wolf Ridge Airport	
21084	Q35322302	Wolf River Airport	
21085	Q35322316	Wolf River Ranch Airport	
21086	Q35322332	Wolf's Den Airport	
21087	Q35322346	Wolfe Air Park	
21088	Q35322360	Wolford's Airport	
21089	Q35322374	Womack Airport	
21090	Q35322388	Womack Airport	
21091	Q35322403	Womack Farm Airport	
21092	Q35322418	Womack Ranch Airport	
21093	Q35322447	Wood Acres Airport	
21094	Q35322461	Wood Airport	
21095	Q35322477	Wood Airport	
21096	Q35322491	Wood Crest Ranch Airport	
21097	Q35322506	Wood Triple D Airport	
21098	Q35322522	Woodbine Airport	
21099	Q35322536	Woodbridge Airport	
21100	Q35322550	Woodcock Airport	
21101	Q35322565	Woodcreek Resort Airport	
21102	Q35322579	Woodcrest Farms Airstrip	
21103	Q49748343	Moronis Airport	
21104	Q49748350	Morrisonville International Airport	
21105	Q49748354	Mort's Landing	
21106	Q49748358	Morten Airport	
21107	Q49748374	Motown Airport	
21108	Q49748376	Mott Municipal Airport	
21109	Q49748378	Mount Aero Lake Farm Airport	
21110	Q49748395	Mount St Helen's Aero Ranch	
21111	Q49748411	Mountain Crest Airport	
21112	Q49748412	Mountain Hide-Away Airport	
21113	Q49748415	Mountain Home Municipal Airport	
21114	Q49748428	Mountain View Ranch Airport	
21115	Q49748431	Mountainair Municipal Airport	
21116	Q49748455	Mueller Farm Airport	
21117	Q49748461	Muhlenberg County Airport	
21118	Q49748469	Mulholland Airport	
21119	Q49748483	Mundale Airport	
21120	Q49747806	Manila Airport	
21121	Q49747777	Majors Airport	
21122	Q49747746	Magdalena Airport	
21123	Q49747812	Mann Airport	
21124	Q49747786	Malad City Airport	MLD
21125	Q49747739	Madison Aviation Airport	
21126	Q49747741	Madsen Airport	
21127	Q49747750	Magee Creek Aerodrome	
21128	Q49747753	Magee-Womens Hospital Airport	
21129	Q49747755	Magic Reservoir Airport	
21130	Q49747765	Mahoning County Joint Vocational School Airport	
21131	Q49747770	Maine Prairie Airport	
21132	Q49747775	Major W Guth Airport	
21133	Q49747781	Makeeff Airport	
21134	Q49747791	Malinchak Private Airport	
21135	Q49747795	Mallard Creek Ranch Airport	
21136	Q49747800	Mammoth-June Lake Airport	
21137	Q49747802	Mandan Municipal Airport	
21138	Q49747809	Mankomen Lake Airport	
21139	Q49747815	Mann Ranch Airport	
21140	Q49747819	Manning Personal Airstrip	
21141	Q49747824	Manti-Ephraim Airport	
21142	Q49747832	Mapes Ranch Airport	
21143	Q49747833	Maplewood Orchard Airport	
21144	Q49747839	Margos Sky Ranch Airport	
21145	Q49747847	Marion Center Speedway Airport	
21146	Q49747850	Market Garden Airport	
21147	Q49747862	Marsh Brothers Airstrip	
21148	Q49747805	Parsons Airport	
21149	Q49746262	Flying B Airport	
21150	Q49746263	Flying B Ranch Airport	
21151	Q49746245	Floathaven Airstrip	
21152	Q49746250	Florida North Airport	
21153	Q49746251	Floydada Municipal Airport	
21154	Q49746254	Fly-A-Way Farm Airport	
21155	Q49746257	Flying 'O' Airport	
21156	Q49746265	Flying Bucket Ranch Airport	
21157	Q35322609	Woodlake Landing	
21158	Q35322624	Woodland Airstrip	
21159	Q35322639	Woodleaf Aero Estates Airport	
21160	Q35322653	Woodley 2 Airport	
21161	Q35322669	Woodley Aerial Spray Airport	
21162	Q35322685	Woodliff Airpark	
21163	Q35322699	Woodring Airport	
21164	Q35322715	Woodruff Lake Airport	
21165	Q49745958	Doña Ana County International Jetport	
21166	Q49745961	Donlin Creek Airport	
21167	Q49745927	Diamond Star Ranch Airport	
21168	Q49745928	Dick Dale Skyranch	
21169	Q49745931	Diebleys Airport	
21170	Q49745936	Digger Dougs Airport	
21171	Q49745937	Dillen Personal Airport	
21172	Q49745938	Dillenburg's Airport	
21173	Q49745939	Dilse Private Airstrip	
21174	Q49745940	Dilts Ranch Airport	
21175	Q49745941	Dinnerbell Airport	
21176	Q49745944	Dittmer Airport	
21177	Q49745946	Dixie Valley Airport	
21178	Q49745950	Doctors Mesa Airport	
21179	Q49745952	Dog Fish Bay Airport	
21180	Q49745953	Dogwood Airpark	
21181	Q49745954	Dolata Airport	
21182	Q49745957	Don's Place Airpark	
21183	Q49745959	Donegal Springs Airpark	
21184	Q49745966	Dorlon Airpark	
21185	Q49745968	Dorsey Creek Ranch Airport	
21186	Q49745969	Dorsey Ranch Airport	
21187	Q49745970	Dos Palos Airport	
21188	Q49745972	Double D Skyranch Airport	
21189	Q49745973	Double L Ranch Airport	
21190	Q49745975	Double S Farms Airport	
21191	Q49745976	Double Tree Farm Airport	
21192	Q49751700	Ortner Airport	
21193	Q49751657	Vig Limousin Airport	
21194	Q49751658	Vincent Airport	
21195	Q49751659	Vine Airport	
21196	Q49751660	Vine Grove Airport	
21197	Q49751662	Vineyard Oaks Farm Airport	
21198	Q49751664	Vining Airport	
21199	Q49751665	Vinton County Airport	
21200	Q49751672	Voc Tech Airport	
21201	Q49751674	Voller Airport	
21202	Q49751677	Vowers Ranch Airport	
21203	Q49751678	Voyager Village Airstrip	
21204	Q49751680	Vredenberg Airstrip	
21205	Q49751682	W L Thompson Airport	
21206	Q49751685	W P H S Airport	
21207	Q49751687	Wadsworth Municipal Airport	
21208	Q49751688	Wag-Aero Airport	
21209	Q49751689	Wagner Airport	
21210	Q49751690	Wagner International Airport	
21211	Q49751692	Wagonhound Airport	
21212	Q49751698	Waisley Airport	
21213	Q49751702	Waldie Farms Airport	
21214	Q49745949	Dixon Airport	
21215	Q49751691	Wagner Municipal Airport	
21216	Q49751699	Wakefield Municipal Airport	
21217	Q49751571	Turner Airport	
21218	Q49751530	Travis Airport	
21219	Q49751579	Twin County Airport	
21220	Q49751543	Ethnos Air Airport	
21221	Q49751519	Transportation Research Center of Ohio Airport	
21222	Q49751531	Treasure Gulch Airport	
21223	Q49751533	Tree Heart Ranch Airport	
21224	Q49751535	Trent Farm Airstrip	
21225	Q49751541	Triangle Airpark	
21226	Q49751544	Tribitt Airport	
21227	Q49751546	Trinchera Ranch Airstrip	
21228	Q49751547	Trio Estates Airport	
21229	Q49751548	Triple R Ranch Airport	
21230	Q49751549	Triple S Ranch Airport	
21231	Q49751551	Tripod Airport	
21232	Q49751553	Trojan Airstrip	
21233	Q49751557	Trump Airport	
21234	Q49751558	Trussmark Airport	
21235	Q49751562	Tucker-Guthrie Memorial Airport	
21236	Q49751563	Tuka Airport	
21237	Q49751564	Tulakes Airport	
21238	Q49751567	Turinsky Airstrip	
21239	Q49751568	Turkey Bluff Airport	
21240	Q49751569	Turkey Ridge Airport	
21241	Q49751570	Turlock Airpark	
21242	Q49751573	Turtle Airport	
21243	Q49751576	Tuschen Airport	
21244	Q49751580	Twin Hawks Airpark	
21245	Q49751581	Twin Lake Airport	
21246	Q49751582	Twin River Airport	
21247	Q49747675	Lusk Municipal Airport	LSK
21248	Q35314479	Uroubi	URU
21249	Q35311831	Tingwon	TIG
21250	Q35312034	Tol Airport	TLO
21251	Q49747720	Mackay Airport	
21252	Q35310705	The Farm Airport	
21253	Q49747679	Lutz Airport	
21254	Q35310679	The Duchy Airport	
21255	Q35310719	The Grove/Ranch Airport	
21256	Q35310733	The Highlands Airport	
21257	Q49746605	Hacklander Airport	
21258	Q49746611	Hagen Private Airport	
21259	Q49746612	Hager Strip	
21260	Q49746614	Haggerty Airport	
21261	Q49746615	Hahn Sky Ranch Airport	
21262	Q49746620	Hallett's Airport	
21263	Q49746626	Hamilton Hill Airport	
21264	Q49746627	Hammond Airport	
21265	Q49746628	Hammond Airport	
21266	Q49746634	Handy Strip	
21267	Q49746635	Hanes Airport	
21268	Q49746638	Hanford Community Medical Center Helistop	
21269	Q49746639	Hangar Haciendas Airport	
21270	Q49746641	Hanksville Airport	HVE
21271	Q49748593	Nelson Airport	
21272	Q49748597	Nelson Airport	
21273	Q49748612	Nelson Ranch Airport	
21274	Q49748485	Murdo Municipal Airport	
21275	Q49748487	Murdock's Holly Bu Airport	
21276	Q49748491	Murmuring Springs Airport	
21277	Q49748494	Murphy Airport	
21278	Q49748506	Music Mountain Air Ranch Airport	
21279	Q49748508	Mustang Airport	
21280	Q49748513	My Airport	
21281	Q49748515	Myer Airport	
21282	Q49748520	Mystery Well Ranch Airport	
21283	Q49748524	N Bar Ranch Airport	
21284	Q49748533	Nakeen Airport	
21285	Q49748538	Nalda Ranch Airport	
21286	Q49748542	Napodano Airport	
21287	Q49748544	Napoleon Municipal Airport	
21288	Q49748548	Nardo Airport	
21289	Q49748554	Nashs Airport	
21290	Q49748558	Nassau Bay Airport	
21291	Q49748559	Natchez Trace Farm Airport	
21292	Q49748567	Navajo Mountain Airport	
21293	Q49748582	Neals Airport	
21294	Q49748589	Negrito Airstrip	
21295	Q49748617	Nelson's Run Airport	
21296	Q49748615	Nelsons Nitch Airport	
21297	Q49748621	Nemacolin Airport	
21298	Q49748623	Nenana Municipal Airport	ENN
21299	Q35313383	Tumolbil	TLP
21300	Q35313276	Tsewi	TSW
21301	Q35311123	Thomaston	
21302	Q35311030	Thomas County Airport	
21303	Q35310893	Thedford	
21304	Q49746167	Fairview Airport	
21305	Q49746203	Ferrell Airport	
21306	Q35310974	Thomas Airport	
21307	Q35310988	Thomas Airport	
21308	Q35311002	Thomas Airport	
21309	Q49746159	Everitt Airport	
21310	Q49746200	Ferguson Airport	
21311	Q49746224	Fisher Airport	
21312	Q49746226	Fisher Airport	
21313	Q49746227	Fisher Ranch Airport	
21314	Q49746234	Flaglor Airport	
21315	Q35310847	The Peninsula Airport	
21316	Q35310860	The Trails Airport	
21317	Q35310867	The Valley Airport	
21318	Q35310880	The Wright Place Airport	
21319	Q35310906	Theodosia Hills Landing strip	
21320	Q35310920	Thibodaux Municipal Airport	
21321	Q35310934	Thielen Airport	
21322	Q35310948	Thies Airport	
21323	Q35311016	Thomas Browne Airpark	
21324	Q35311088	Thomas Landing Airport	
21325	Q35311099	Thomas Municipal Airport	
21326	Q35311110	Thomas Ranch Airport	
21327	Q35311135	Thompson Farms Airport	
21328	Q35312985	Triple R Airport	
21329	Q35312999	Triple R Airport	
21330	Q35313013	Triple S Airport	
21331	Q35313027	Triple Snap Ranch Airport	
21332	Q35313040	Triple Tree Airport	
21333	Q35313054	Triple W Airport	
21334	Q35313068	Tripp Creek Airport	
21335	Q35313082	Tripp Strip Airport	
21336	Q35313096	Trisler Airport	
21337	Q35313110	Troll Farm Airport	
21338	Q35313138	Tropria Airport	
21339	Q35313151	Troy Airpark	
21340	Q35313171	Trudeau Airport	
21341	Q35313176	True Airport	
21342	Q35313185	Trull Airport	
21343	Q35313196	Trumbull Ranch Airport	
21344	Q35313210	Trygstad Airport	
21345	Q35313237	Trzebien	
21346	Q35313263	Tschirhart Ranch Airport	
21347	Q35313302	TTT Air Airport	
21348	Q35313330	Tucker Farm Airport	
21349	Q35313356	Tularosa Airport	
21350	Q35313369	Tuma Private Airport	
21351	Q35313398	Turbeville Airport	
21352	Q35313419	Turkey Bayou Airpark	
21353	Q35313433	Turkey Creek Airport	
21354	Q35313447	Turkey Creek Lake Airport	
21355	Q49746147	Estancia Municipal Airport	
21356	Q49746148	Estes Airport	
21357	Q49747012	Inter County Airport	
21358	Q49747017	Ione Municipal Airport	
21359	Q49747018	Iowa Canyon Ranches Landing Strip	
21360	Q49747020	Ipy Ranch Airport	
21361	Q49747021	Irlbeck Airport	
21362	Q49747022	Iron Mountain Pumping Plant Airport	
21363	Q49747023	Irvington Marina Seaplane Base	
21364	Q49747024	Isaacson Airport	
21365	Q49747025	Isabel Municipal Airport	
21366	Q49747029	Island View Airport	
21367	Q49747030	Israel's Farm Airport	
21368	Q49747034	J & J Airport	
21369	Q49747039	J & M Farms Airport	
21370	Q49747036	J & S Airport	
21371	Q49747037	J and B Sky Ranch Airport	
21372	Q49747042	J F T Airport	
21373	Q49747041	JC's Airport	
21374	Q35310748	The Homestead Airport	
21375	Q35310762	The Landing Airport	
21376	Q35310777	The Landing Airport	
21377	Q35310792	The Landings Airport	
21378	Q35310806	The Last Resort Airport	
21379	Q35310820	The Last Resort Airport	
21380	Q35310834	The Lazy K Airport	
21381	Q35311569	Tiger Lake Airport	
21382	Q35311583	Tiger Landing Strip	
21383	Q35311597	Tiger Paw Aerodrome	
21384	Q35311611	Tightwaad Air Ranch Airport	
21385	Q35311625	Tilden Airport	
21386	Q35311639	Tilden Groves Airport	
21387	Q35311653	Tilghman Airport	
21388	Q35311667	Tilghman Whipp Airport	
21389	Q35311681	Tillar Airport	
21390	Q35311695	Tim Bullard Memorial Airport	
21391	Q35311708	Tim's Airport	
21392	Q35311723	Timbalier Bay Camp Seaplane Base	
21393	Q35311736	Timbalier Bay Seaplane Base	
21394	Q35311750	Timber House Airport	
21395	Q35311764	Timber Line Airpark	
21396	Q35311778	Timbers Sky Camp Airport	
21397	Q35311805	Tims Angus Farm Airport	
21398	Q35311818	Tin Top Ranch Airport	
21399	Q35311844	Tinsley Airstrip	
21400	Q35311857	Tioga Airport	
21401	Q35311870	Tipton Municipal Airport	
21402	Q35311884	Tishomingo Airpark	
21403	Q35311898	Tishomingo County Airport	
21404	Q35311911	Tivydale Ranch Airport	
21405	Q35311925	Tobacco Road Airport	
21406	Q35311968	Tocoi Airport	
21407	Q35312005	Tofte Airport	
21408	Q35312011	Toggenburg Farms Airport	
21409	Q35312020	Toho Seaplane Base	
21410	Q35314397	Updike Landing Strip	
21411	Q35314424	Upshur County Regional Airport	
21412	Q35314437	Upton County Airport	
21413	Q35314493	Urschel Ranch Airport	
21414	Q35314533	Utley Airport	
21415	Q35314546	UTMB	
21416	Q35314560	Utopia on the River Airport	
21417	Q35314601	Uzbiciai	
21418	Q35314614	Vada Airport	
21419	Q35314644	Vaiden Landing Airport	
21420	Q35314658	Valhalla Airport	
21421	Q35314671	Valines Landing Seaplane Base	
21422	Q35314710	Valley Airport	
21423	Q35314723	Valley Airport	
21424	Q35314750	Valley Farms Airport	
21425	Q35314764	Valley Mills Municipal Airport	
21426	Q35314778	Valley News County-Lake Washington Seaplane Base	
21427	Q35314795	Valley of the Moon Airport	
21428	Q35314810	Valley Plant Airport	
21429	Q35314823	Valley Point Airport	
21430	Q35314851	Valverda Strip Airport	
21431	Q35314879	Van Boening Airport	
21432	Q35314906	Van Camp Airport	
21433	Q35314920	Van de Mark Airport	
21434	Q35314934	Van Es Ranch Airport	
21435	Q35314948	Van Gorder Airport	
21436	Q35314962	Van Norman's Airport	
21437	Q35314976	Van Pak Airport	
21438	Q35314990	Van Rankin Landing Strip	
21439	Q49747642	Lower Loon Creek Airport	
21440	Q49747645	Lower Monumental State Airport	
21441	Q49747647	Lucas Airport	
21442	Q49747648	Lucas Airport	
21443	Q49747652	Lucchetti Ranch Airport	
21444	Q49747655	Lucin Airport	
21445	Q49747657	Luckinbill Airstrip	
21446	Q49747658	Lucky L Ranch Airport	
21447	Q49747662	Ludlow Airport	
21448	Q49747667	Lumberton Airport	
21449	Q49747668	Luna Landing Airport	
21450	Q49747670	Lundin Airport	
21451	Q49747673	Lunenburg County Airport	
21452	Q49747681	Lyall Airport	
21453	Q49747689	LZ Ranch Airport	
21454	Q49747691	M & M Land Company Airport	
21455	Q49747700	M S Hershey Medical Center Helistop	
21456	Q49747704	M.C.R. Airport	
21457	Q49747711	Mach Personal Strip	
21458	Q49747714	Machado Dusters Airport	
21459	Q49747715	Machipongo International Airport	
21460	Q49747717	Mack Mesa Airport	
21461	Q49747721	Mackay Bar Airport	
21462	Q49747728	Mackie's Airport	
21463	Q49747736	Maddock Municipal Airport	
21464	Q49746426	Galloway Airport	
21465	Q49746381	Franwood Farms Inc Airport	
21466	Q49746385	Frederick Airpark	
21467	Q49746386	Fredericks Ranch Airport	
21468	Q49746387	Freedom Air Ranch Airport	
21469	Q49746388	Freeman Creek Airport	
21470	Q49746390	Frei Private Airport	
21471	Q49746394	Friday West Airport	
21472	Q49746397	Frievalt Airport	
21473	Q49746399	Frogs End Airport	
21474	Q49746150	Eureka Airport	
21475	Q49746152	Eureka Airport	
21476	Q49746153	Eureka Creek Airport	
21477	Q49746155	Eva Creek Airport	
21478	Q49746158	Evergreen Sky Ranch Airport	
21479	Q49746160	Exton Airport	
21480	Q49746161	Faber Airport	
21481	Q49746162	Faber Vineyards Airport	
21482	Q49746165	Fairgrounds Airpark	
21483	Q49746168	Fairview Evergreen Airport	
21484	Q49746170	Fairview West Airport	
21485	Q49746173	Faith Municipal Airport	
21486	Q49746174	Faken Airport	
21487	Q49746177	Fallon Southwest Airpark	
21488	Q49746188	Farnsworth Ranch Airstrip	
21489	Q49746189	Farrars Landing	
21490	Q49746190	Fat Chance Airport	
21491	Q49746191	Father's Love Airport	
21492	Q49746192	Faulkton Municipal Airport	
21493	Q49746194	Feather River Airport	
21494	Q49746195	Federhart-Ophelia Airport	
21495	Q49746199	Ferdun Ranch Airport	
21496	Q49746201	Ferguson Landing Strip	
21497	Q49746202	Ferguson Landing Strip	
21498	Q49746204	Ferry County Airport	
21499	Q49746205	Fessenden-Streibel Municipal Airport	
21500	Q49746206	Fetters Construction Airport	
21501	Q49746208	Fincastle Airport	
21502	Q49746210	Finkhaven Airport	
21503	Q49746214	Finleyville Airpark	
21504	Q49746215	Fino Airport	
21505	Q49746217	Fire Island Airport	
21506	Q49746218	First Aero Squadron Airpark	
21507	Q49746220	Fischer Private Airport	
21508	Q49746223	Fish Ranch Airport	
21509	Q49746230	Five Points Helistop	
21510	Q49746233	Flagler Aerial Spraying Inc	
21511	Q49746235	Flandreau Municipal Airport	
21512	Q49746239	Flathead Lake Sky Ranch Airport	
21513	Q49746242	Flaxman Island Airport	
21514	Q49746243	Fletcher Airport	
21515	Q49746244	Fletcher Airport	
21516	Q49746647	Hanover Airport	
21517	Q49746693	Harris Airport	
21518	Q49746678	Harman Airport	
21519	Q49746649	Hansen Airport	
21520	Q49746652	Hanshell Flying Apple Airport	
21521	Q49746653	Hanson Airport	
21522	Q49746654	Happy Butt Airport	
21523	Q49746657	Happy Canyon Airport	
21524	Q49746659	Happy Jacks Air Strip	
21525	Q49746660	Happy Mountain Airport	
21526	Q49746670	Harding County Airport	
21527	Q49746671	Hardy Ranch Airport	
21528	Q49746673	Harju Airport	
21529	Q49746676	Harlequin Lake Airport	
21530	Q49746677	Harley Airport	
21531	Q49746682	Harold Reynolds Airport	
21532	Q49746685	Harper Ridge Airport	
21533	Q49746686	Harrah Airport	
21534	Q49746687	Harrington Airport	
21535	Q49746689	Harrington Ranch Airport	
21536	Q49746695	Harris River Ranch Airport	
21537	Q49746699	Hart Mine Airport	
21538	Q49746700	Hart Ranch Airport	
21539	Q49746703	Hart Ranch Airport	
21540	Q49746704	Hartley Airport	
21541	Q49746705	Harvard Airport	
21542	Q49746706	Harvey Municipal Airport	
21543	Q49746707	Hashbarger Farm Airstrip	
21544	Q49746709	Hassayampa Airport	
21545	Q49746710	Hasskamp Airport	
21546	Q49746284	Flying H Airport	
21547	Q49746290	Flying J Ranch Airport	
21548	Q49746300	Flying M Ranch Airport	
21549	Q49746301	Flying M Ranch Airport	
21550	Q49746271	Flying Crown Airport	
21551	Q49746286	Flying H Ranch Airport	
21552	Q49746287	Flying H Ranch Airport	
21553	Q49746299	Flying M Airport	
21554	Q49746289	Flying J Airport	
21555	Q49746298	Flying M Aerodrome	
21556	Q49746304	Flying N Ranch Airport	
21557	Q49746308	Flying R Ranch Airport	
21558	Q49746312	Flying S Ranch Airport	
21559	Q49746315	Flying T Airport	
21560	Q49746316	Flying T Ranch Airport	
21561	Q49746317	Flying W Airport	
21562	Q49746266	Flying Bull Airport	
21563	Q49746267	Flying C Farms Airport	
21564	Q49746268	Flying Cal Ute Rancheros Airport	
21565	Q49746270	Flying Circus Aerodrome	
21566	Q49746272	Flying Dare's Ranch Airport	
21567	Q49746273	Flying Diamond Airport	
21568	Q49746274	Flying Dog Ranch Airstrip	
21569	Q49746276	Flying Dollar Ranch Airport	
21570	Q49746279	Flying Eagle Airport	
21571	Q49746280	Flying Feathers Airport	
21572	Q49746283	Flying G Air Ranch	
21573	Q49746285	Flying H Farms Airport	
21574	Q49748135	Midway Airport	
21575	Q49748150	Miles Airport	
21576	Q49748122	Middle Peninsula Regional Airport	
21577	Q49748071	Mercer Ranch Airport	
21578	Q49748073	Mercy Hospital Helistop	
21579	Q49748074	Merlin Aerodrome	
21580	Q49748077	Merrys Pymatuning Airport	
21581	Q49748078	Mertens Airport	
21582	Q49748079	Mertinkes Airport	
21583	Q49748084	Mesa 1 Airport	
21584	Q49748086	Mesa View Ranch Airport	
21585	Q49748087	Mesawood Airpark	
21586	Q49748088	Methow Valley State Airport	
21587	Q49748089	Metrogro Farm Airport	
21588	Q49748096	Metz Airport	
21589	Q49748098	Metzel Creek Airport	
21590	Q49748106	Michair Airport	
21591	Q49748111	Micro Airport	
21592	Q49748113	Mid Atlantic Soaring Center Airport	
21593	Q49748116	Mid Valley Airpark	
21594	Q49748127	Middlebury Airport	
21595	Q49748130	Middlesboro-Bell County Airport	
21596	Q49748139	Mifflintown Airport	
21597	Q49748140	Milbank Municipal Airport	
21598	Q49748143	Milburn Airport	
21599	Q49748145	Mile Hi Airport	
21600	Q49748155	Milhous Ranch Airport	
21601	Q49748157	Millar Airport	
21602	Q49748154	Milford Municipal Airport	MLF
21603	Q49746090	El Rancho Airport	
21604	Q49746084	Ekuk Airport	KKU
21605	Q49746134	Erickson Airport	
21606	Q49746082	Ekalaka Airport	
21607	Q49746088	El Paso Natural Gas Company Airport	
21608	Q49746089	El Peco Ranch Airport	
21609	Q49746093	El Vado State Park Airport	
21610	Q49746094	Elbel Airport	
21611	Q49746095	Elephant Path Airport	
21612	Q49746096	Elert Airport	
21613	Q49746097	Elgin Municipal Airport	
21614	Q49746098	Eliza Island Airport	
21615	Q49746101	Elk Meadows Ranch Airport	
21616	Q49746102	Elk Park Ranch Airport	
21617	Q49746107	Ellendale Municipal Airport	
21618	Q49746110	Elliotts Landing	
21619	Q49746113	Elma Municipal Airport	
21620	Q49746115	Elroy Municipal Airport	
21621	Q49746117	Elyria Airport	
21622	Q49746118	Emmett Municipal Airport	
21623	Q49746119	Emory Ranch Airport	
21624	Q49746120	Empire Farms Landing Strip	
21625	Q49746129	Enumclaw Airport	
21626	Q49746132	Erdy Farm Airport	
21627	Q49746137	Erin Aero Airport	
21628	Q49746139	Ermis-Ridgeview Airport	
21629	Q49746142	Erwinna Private Airport	
21630	Q49746143	Escalante Municipal Airport	
21631	Q49746146	Esenada Airport	
21632	Q49748891	Ohio County Airport	
21633	Q49748894	Ohio Dusting Company Inc Airport	
21634	Q49748898	Ohman Ranch Airport	
21635	Q49748901	Olafson Brothers Airport	
21636	Q49748903	Old Aerodrome	
21637	Q49748907	Old Dairy Airport	
21638	Q49748910	Old Orchard Airport	
21639	Q49748912	Old Plains Airport	
21640	Q49748916	Old South Aerodrome	
21641	Q49748922	Olfert Airport	
21642	Q49748933	Oller Airport	
21643	Q49748944	Olson's Airport	
21644	Q49748952	Omega 1 Airport	
21645	Q49748953	On the Rocks Airport	
21646	Q49748955	One Hospital Trust Airport	
21647	Q49748962	One Oak Airport	
21648	Q49748964	Onida Municipal Airport	
21649	Q49748972	Onley Airport	
21650	Q49748974	Onyon Airport	
21651	Q49748979	Opheim Airport	
21652	Q49748989	Orchard Ranch Airport	
21653	Q49748998	Oregon City Airpark	
21654	Q49749013	Osborne Airport	
21655	Q49749025	Otero Mill Airport	
21656	Q49749028	Othello Municipal Airport	
21657	Q49749051	Ousel Falls Airport	
21658	Q49749053	Outback Ranch Airstrip	
21659	Q49749060	Owen Air Park	
21660	Q49749065	Owen Bros Airport	
21661	Q49746999	Independence Airport	
21662	Q49746988	Iberlin Ranch Airport Nr 3	
21663	Q49746987	Iberlin Ranch Number 2 Airport	
21664	Q49746989	Iberlin Strip	
21665	Q49746990	Ickes Airport	
21666	Q49746994	Idler Brother's Airport	
21667	Q49747000	Independence Creek Airport	
21668	Q49747002	Indian Hills Airpark	
21669	Q49747005	Industrial Airpark	
21670	Q49747006	Ingebretson Airspray Airport	
21671	Q49747007	Ingle Airport	
21672	Q49747009	Inigok Airport	
21673	Q49747010	Inkster Airport	
21674	Q49751634	Van Wert County Airport	
21675	Q49751632	Van Vleck Airport	
21676	Q49751635	Vander Wal Private Airport	
21677	Q49751636	Vanderford Ranch Company Airport	
21678	Q49751640	Varns Farms Airport	
21679	Q49751642	Vaughn Municipal Airport	
21680	Q49751650	Vernon Miller Private Airport	
21681	Q49751651	Vetterkind Strip	
21682	Q49751652	Vetters Sky Ranch	
21683	Q49751653	Vicars Private Airport	
21684	Q49751654	Victor's Landing	
21685	Q49751656	Vietmeier Airport	
21686	Q49751655	Victory Airport	
21687	Q35324119	Zhengzhou Shangjie Airport	HSJ
21688	Q35323701	York Airport	
21689	Q35323931	Zapata County Airport	
21690	Q35323746	Young Airport	
21691	Q35323716	Yorktown Airport	
21692	Q35323732	Yost Airstrip	
21693	Q35323755	Young's Airport	
21694	Q35323769	Youngs Landing Strip	
21695	Q35323783	Youvan Airport	
21696	Q35323826	Z Ranch Airport	
21697	Q35323840	Zack Airport	
21698	Q35323854	Zadow Air Airport	
21699	Q35323884	Zangger Vintage Airpark	
21700	Q35323945	Zarn Airport	
21701	Q35323960	Zaunbrecher Strip Airport	
21702	Q35323975	Zeitler Airport	
21703	Q35323991	Zelazny Airport	
21704	Q35324030	Zelmer Memorial Airpark Inc	
21705	Q35324044	Zeman Airport	
21706	Q35324059	Zemurray Airport	
21707	Q35324089	Zenith Landing	
21708	Q35324104	Zevely Climbing ZZ Ranch Airport	
21709	Q35324136	Ziermann Airport	
21710	Q35324151	Zig Landing Strip	
21711	Q35324165	Ziggy Carline Airport	
21712	Q35324180	Zim Airport	
21713	Q35324194	Zimmerman Airport	
21714	Q35324209	Zinck Airport	
21715	Q35313730	Twin Lakes Airport	
21716	Q35313744	Twin Lakes Airport	
21717	Q49748252	Mobile Airport	
21718	Q49748165	Miller Airport	
21719	Q49748238	Mitchell Airport	
21720	Q35313461	Turkey Mountain Estates Airport	
21721	Q35313475	Turkey Run Airport	
21722	Q35313489	Turkey Scratch Plantation Airport	
21723	Q35313503	Turkey Track Airport	
21724	Q35313517	Turner County Airport	
21725	Q35313531	Turner Farms Airport	
21726	Q35313557	Turrell Flying Service Airport	
21727	Q35313572	Turtle Lake Club Airport	
21728	Q35313602	Tusquitee Airport	
21729	Q35313615	Tusquittee Landing Airport	
21730	Q35313629	Tustin Airport	
21731	Q35313650	Twelve Oaks Airport	
21732	Q35313659	Twelve Oaks Airport	
21733	Q35313673	Twin City Airport	
21734	Q35313687	Twin Eagles Airport	
21735	Q35313702	Twin Falls Ranch Airport	
21736	Q35313717	Twin Gardens Airport	
21737	Q35313757	Twin Lakes Ranch Airport	
21738	Q35313770	Twin Mountain Airport	
21739	Q35313783	Twin Oak Airport	
21740	Q35313797	Twin Oaks Airport	
21741	Q35313812	Twin-Oaks Airport	
21742	Q35313827	Two Falls Airport	
21743	Q35313840	Two J's Flying Ranch Airport	
21744	Q35313854	Two Leggs Airport	
21745	Q35313867	Two Rocks Airport	
21746	Q49748168	Millers Airstrip	
21747	Q49748169	Millertime Airport	
21748	Q49748176	Mills Airport	
21749	Q49748178	Mills Brothers Airport	
21750	Q49748190	Milnor Municipal Airport	
21751	Q49748192	Mineral Canyon Strip	
21752	Q49748201	Minerva Airport	
21753	Q49748206	Minnesuing Airport	
21754	Q49748207	Minto Municipal Airport	
21755	Q49748220	Mirth Airport	
21756	Q49748226	Mission Hospital Helistop	
21757	Q49748227	Mission Viejo Company Helistop	
21758	Q49748231	Missler-Bellevue Airport	
21759	Q49748245	Mite Airport	
21760	Q49748256	Moellenkamp Airport	
21761	Q49748258	Moen's Ranch Airport	
21762	Q49748261	Moffet Airstrip	
21763	Q49748263	Mogollon Airpark	
21764	Q49748267	Mohican Airpark	
21765	Q49748270	Mole Airport	
21766	Q49748273	Moller Airport	
21767	Q49748275	Montana Creek Airport	
21768	Q49748277	Monte Prieto Ranch Airport	
21769	Q49748280	Montemadeira II Airport	
21770	Q49748281	Montezuma Airport	
21771	Q49748291	Moore Creek Airport	
21772	Q49748265	Mohall Municipal Airport	
21773	Q49748813	Norwood Junction Helistop	OWD
21774	Q49748803	Northport Airport	
21775	Q49748753	Norrie Brook Airport	
21776	Q49748755	Nort's Resort Airport	
21777	Q49748764	North Big Horn County Airport	
21778	Q49748774	North Fork Valley Airport	
21779	Q49748779	North Kingstown Emergency Operations Pad	
21780	Q49748787	North Valley Airport	
21781	Q49748792	North Windham Airport	
21782	Q49748795	Northern Lights Airport	
21783	Q49748799	Northern Lite Airport	
21784	Q49748811	Norwalk-Huron County Airport	
21785	Q49748817	Nugget Bench Airport	
21786	Q49748821	Number 18 Airport	
21787	Q49748827	Numidia Airport	
21788	Q49748829	O K Dies Airport	
21789	Q49748836	Oak Country Ranch Airport	
21790	Q49748842	Oakbrook Airport	
21791	Q49748852	Oakesdale Airport	
21792	Q49748855	Oakleaf Airport	
21793	Q49748864	Oakridge Ranch Airport	
21794	Q49748865	Oberlander Airport	
21795	Q49748870	Obi One Airport	
21796	Q49748877	Oconomowoc Airport	
21797	Q49748880	Odegaard Airport	
21798	Q49748883	Odessa Municipal Airport	
21799	Q49748888	Oglesby Farms Inc Airport	
21800	Q49746608	Hadley Airport	
21801	Q49746589	Gunnison River Farms Airport	
21802	Q49746591	Gus Landing Airport	
21803	Q49746592	Gusler Airport	
21804	Q49746593	Gutzmer's Twin Oaks Airport	
21805	Q49746594	Gypsum Creek Ranch Airport	
21806	Q49746595	H Bar H Airport	
21807	Q49746596	H&H Personal Use Airport	
21808	Q49746597	H&H Ranch Airstrip	
21809	Q49746598	Ha-Rail Airport	
21810	Q49746599	Haar Airport	
21811	Q49746600	Haas Airport	
21812	Q49746601	Haas Airport	
21813	Q49746603	Hacienda Sur Luna Airport	
21814	Q49746604	Hackenburg-Penny Hill Airport	
21815	Q49749225	Parma Airport	
21816	Q49749273	Payne Airport	
21817	Q49749337	Pester Airport	
21818	Q49749348	Petersburg Airport	
21819	Q49749353	Peterson Airport	
21820	Q49749355	Peterson Airport	
21821	Q49749223	Parkway Farm Strip	
21822	Q49749231	Parowan Airport	
21823	Q49749233	Parr Airport	
21824	Q49749237	Pasport Airport	
21825	Q49749240	Pat-Mar Strip	
21826	Q49749256	Paul Airstrip	
21827	Q49749260	Paul Personal Use Airport	
21828	Q49749263	Paulding Airport Inc	
21829	Q49749265	Pauma Valley Air Park	
21830	Q49749269	Payette Municipal Airport	
21831	Q49749278	Peace and Plenty Farm Airport	
21832	Q49749287	Pegasus Air Park	
21833	Q49749296	Penderosa Airport	
21834	Q49749308	Penns Cave Airport	
21835	Q49749313	Peoria Airport	
21836	Q49749318	Pepperell Airport	
21837	Q49749322	Perkey Airport	
21838	Q49749333	Perry Park Airport	
21839	Q49749336	Perryman Airport	
21840	Q49749341	Pete's Airport	
21841	Q49749342	Pete's Port Airport	
21842	Q49749344	Pete's Tractor Salvage Airport	
21843	Q49749358	Peterson Airstrip	
21844	Q49749362	Peterson Ranch Airport	
21845	Q49749367	Petit Cache Airport	
21846	Q35321164	Wilson Airport	
21847	Q35321179	Wilson Airport	
21848	Q35321194	Wilson Airport	
21849	Q35321208	Wilson Airport	
21850	Q35320724	Williams Road Helistop	
21851	Q35320755	Williamson Airport	
21852	Q35320769	Williamson Airport	
21853	Q35320784	Williamson Airport	
21854	Q35320799	Williamson Farm Airport	
21855	Q35320814	Williamsport Airpark	
21856	Q35320830	Williard Nycum RLA Airport	
21857	Q35320845	Willie Run Airport	
21858	Q35320861	Willies Bomber Patch Airport	
21859	Q35320875	Willis Airport	
21860	Q35320890	Willis Airport	
21861	Q35320905	Willis Airport	
21862	Q35320920	Willis Airport	
21863	Q35320936	Willis Airport Site No. 2	
21864	Q35320951	Willis Gliderport	
21865	Q35320965	Willis N Clark Airport	
21866	Q35320981	Willmeth Airport	
21867	Q35320996	Willow Bend Airport	
21868	Q35321012	Willow Creek Airport	
21869	Q35321026	Willow Grove Landing Strip	
21870	Q35321039	Willow Point Airport	
21871	Q35321054	Willow Pond Aviation Inc Airport	
21872	Q35321070	Willow Ridge Airport	
21873	Q35321084	Willow Springs Memorial Airport	
21874	Q35321098	Willow Wind Landing Strip	
21875	Q35321110	Willowood Airport	
21876	Q35321127	Wills Landing Strip	
21877	Q35321150	Wilmington Country Club Airport	
21878	Q49746949	Hughes Airport	
21879	Q49746950	Hughes Airport	
21880	Q49746960	Hunt Airport	
21881	Q49746935	Howell Airport	
21882	Q49746954	Hull Airport	
21883	Q49751788	Wells Airport	
21884	Q49751627	Valley Vista Airport	
21885	Q49746939	Hubbard Airport	
21886	Q49751589	Tyler Airport	
21887	Q49751616	Valhalla Airport	
21888	Q49751622	Valley Farms Airport	
21889	Q49751769	Weaver Airport	
21890	Q49751786	Weller Airport	
21891	Q49751807	West Liberty Airport	
21892	Q49746924	Hought Airstrip	
21893	Q49746925	Hoven Municipal Airport	
21894	Q49746926	Hoverhawk Ranch Airport	
21895	Q49746930	Howard Municipal Airport	
21896	Q49746931	Howards Airport	
21897	Q49746936	Howensting Airport	
21898	Q49746937	Hoy Airstrip	
21899	Q49746938	Hoytsville Airport	
21900	Q49746942	Hudson Airport	
21901	Q49746943	Huerfano Ag Airport	
21902	Q49746947	Huffman Farm Airport	
21903	Q49746952	Hulett Landing Strip	
21904	Q49746953	Hulett Municipal Airport	
21905	Q49746957	Humann Private Airstrip	
21906	Q49746958	Humbert Airport	
21907	Q49746959	Hungry Ridge Ranch Airport	
21908	Q49746961	Hunt Farms Airport	
21909	Q49746964	Hunter Creek Airport	
21910	Q49746972	Hurst Airport	
21911	Q49746973	Huskey Airport	
21912	Q49746975	Hutchinson Airport	
21913	Q49746979	Hydebrook Airport	
21914	Q49746982	Hysham Airport	
21915	Q35321862	Winters Airport	
21916	Q35321753	Winnsboro Municipal Airport	
21917	Q35321723	Winnabow Airport	
21918	Q35321799	Winstead '76' Airport	
21919	Q35321815	Winstead Plantation Airport	
21920	Q35321832	Winsted Municipal Airport	
21921	Q35321846	Winter Strip Airport	
21922	Q35321878	Winters Municipal Airport	
21923	Q35321893	Winterton Airport	
21924	Q35321907	Winterwood Airport	
21925	Q35321921	Wipline Airport	
21926	Q35321953	Wiregrass Hospital Airport	
21927	Q35321968	Wirth Airport	
21928	Q35321985	Wiskey Ranch Airport	
21929	Q35322000	Wisner-Gilbert Airport	
21930	Q35322015	Witbeck Aerodrome Airport	
21931	Q35322032	Witherspoons Landing Strip	
21932	Q35322047	Wits End Ranch Airport	
21933	Q35322082	Wittenberg Airport	
21934	Q35322110	Witthuhn Airport	
21935	Q35322170	Wix Airport	
21936	Q35322185	Wixted Airport	
21937	Q35322215	Wolcott Community Airport	
21938	Q35322229	Wolf Creek Airport	
21939	Q35322244	Wolf Creek Airport	
21940	Q35322259	Wolf Lake Airport	
21941	Q35322272	Wolf Mountain Airport	
21942	Q35322150	Witu	WIU
21943	Q49746288	Flying Horse Farm Balloonport	
21944	Q49746292	Flying Joseph Ranch Airport	
21945	Q49746293	Flying K Ranch Airport	
21946	Q49746297	Flying M & M Ranch Airport	
21947	Q49746307	Flying R Airport	
21948	Q38250525	Šoštanj Airport	
21949	Q42319199	Sochi Airport	
21950	Q47542529	Heze Airport	HZA
21951	Q39060573	Lishui Airport	LIJ
21952	Q35324223	Zips Airport	
21953	Q35324238	Zischke Airport	
21954	Q35324252	Zollinger Strip Airport	
21955	Q35324266	Zuehl Airport	
21956	Q37774946	Punxsutawney Municipal Airport	
21957	Q38058643	Three Lakes Municipal Airport	
21958	Q38251434	Dame-Marie Airport	
21959	Q38251480	Kolana Airport	
21960	Q38251824	Northumberland County Airport	
21961	Q38251825	Wellsboro Johnston Airport	
21962	Q43080914	Conejo Valley Airport	
21963	Q43081673	Lake Lawn Airport	
21964	Q45360586	Grasmere Airport	
21965	Q46559415	Beloit Airport	
21966	Q46998789	Písek-Krašovice Airport	
21967	Q47507586	Port of Whitman Business Air Center Airport	
21968	Q39075302	Santa Bárbara Airport	
21969	Q49751754	Watson Airport	
21970	Q49751706	Walker Airport	
21971	Q49751768	Weaver Airport	
21972	Q49751704	Waldronaire Airport	
21973	Q49751705	Walhalla Municipal Airport	
21974	Q49751707	Walkinshaw Airport	
21975	Q49751708	Wall Municipal Airport	
21976	Q49751717	Walser Strip	
21977	Q49751720	Walter Ranch Airport	
21978	Q49751721	Walter Sutton's Private Strip	
21979	Q49751722	Walter's Agri-Center Airport	
21980	Q49751723	Walter's Camp Airport	
21981	Q49751725	Waltman Airport	
21982	Q49751726	Waltner & Richards Airport	
21983	Q49751731	Ward Ranch Airport	
21984	Q49751732	Warden Airport	
21985	Q49751737	Warner Airstrip	
21986	Q49751738	Warner Airstrip	
21987	Q49751739	Warner Hospital Airport	
21988	Q49751742	Warren Airpark	
21989	Q49751744	Warren Pietsch Airport	
21990	Q49751747	Warwick Airport	
21991	Q49751748	Wasilla Creek Airpark	
21992	Q49751750	Waters Airport	
21993	Q49751752	Watford City Municipal Airport	
21994	Q49751757	Watts-Woodland Airport	
21995	Q49751760	Waupun Airport	
21996	Q49751763	Wax Orchards Airport	
21997	Q49751764	Wayne Wonderland Airport	
21998	Q49751767	Weatherly & Son Airport	
21999	Q35323512	Yellow River	XYR
22000	Q35323442	Yasuru	KSX
22001	Q35323341	Yalumet	KYX
22002	Q35323672	Yongai Airport	KGH
22003	Q35323570	Yeva	YVD
22004	Q35323499	Yegepa	PGE
22005	Q35323542	Yenkis	YEQ
22006	Q35323412	Yapsiei	KPE
22007	Q35323223	Wyrill Farming Airport	
22008	Q35323239	X1 Ranch Airport	
22009	Q35323252	XL Ranch Airport	
22010	Q35323266	XWind Farm Airport	
22011	Q35323283	Y O Ranch Airport	
22012	Q35323298	Y Ranch-R B Masterson III Estate Airport	
22013	Q35323312	Yadkin County Airport	
22014	Q35323327	Yaggie Private Airport	
22015	Q35323356	Yancopin Airport	
22016	Q35323371	Yankee Airstrip	
22017	Q35323427	Yarbrough Brothers Airstrip	
22018	Q35323456	Yates Airport	
22019	Q35323485	Yeamans Fox Nest Airport	
22020	Q35323527	Yellow River Airstrip	
22021	Q35323556	Yerger Landing Strip	
22022	Q35323585	Yoakum County Airport	
22023	Q35323599	Yoakum Municipal Airport	
22024	Q35323614	Yoder Airpark	
22025	Q35323629	Yoder Airport	
22026	Q35323659	Yonder Airport	
22027	Q35323687	Yonges Island Airport	
22028	Q49746400	Frokjer Airport	
22029	Q49746405	Fry Airport	
22030	Q49746408	Fugleberg Farm Airport	
22031	Q49746409	Fulcher Family Farms Airport	
22032	Q49746410	Fun-Air Airport	
22033	Q49746411	Funk Aerodrome	
22034	Q49746412	Funny Farm Airport	
22035	Q49746413	Furey Airport	
22036	Q49746415	G & N Airport	
22037	Q49746416	G Bar F Ranch Airport	
22038	Q49746417	G W Flanders Ranch Strip Airport	
22039	Q49746419	G3 Ranch Airport	
22040	Q49746420	Gackle Municipal Airport	
22041	Q49746421	Gaede Airport	
22042	Q49746422	Gage Flying Farmer Airport	
22043	Q49746425	Gallinger Airport	
22044	Q49746395	White Pine Flats Ranch LLC Airport	
22045	Q35311361	Three Rivers Municipal Dr Haines Airport	HAI
22046	Q35312836	Tri-Township Airport	
22047	Q35311554	Tifalmin Airport	TFB
22048	Q35311236	Thomson-McDuffie County Airport	
22049	Q35314163	Umba Airport	UMC
22050	Q35314245	Union County	
22051	Q35314150	Ulysses Airport	
22052	Q49748344	Morris Airport	
22053	Q35311151	Thompson Landing Strip	
22054	Q35311165	Thompson Private Airport	
22055	Q35311180	Thompson Ranch Airport	
22056	Q35311194	Thompson's Goinbroke Aero Ranch	
22057	Q35311208	Thompsonville Airport	
22058	Q35311222	Thomsen Airport	
22059	Q35311249	Thorn Airport	
22060	Q35311263	Thorny Woods Airport	
22061	Q35311277	Thorp Airport	
22062	Q35311291	Thorp Airport	
22063	Q35311319	Thrall Lake Airport	
22064	Q35311332	Three Acres Airport	
22065	Q35311347	Three J Airport	
22066	Q35311375	Threshing Bee Airport	
22067	Q35311389	Thrifts Airport	
22068	Q35311402	Thrifty Acres Airport	
22069	Q35311415	Throckmorton Municipal Airport	
22070	Q35311431	Thrust Industries Airport	
22071	Q35311445	Thudwhomp Airport	
22072	Q35311459	Thunder Creek Airport	
22073	Q35311473	Thunder Ridge Ranch Airport	
22074	Q35311487	Thunderbird Air Park	
22075	Q35311501	Thunderbird Southwest Airport	
22076	Q35311514	Thurber Lake Airport	
22077	Q35311528	Ticantiki Airport	
22078	Q35311542	Tietjes Airport	
22079	Q35312744	Tri Village Airport	
22080	Q35312758	Tri-county Aerodrome	
22081	Q35312772	Tri-County Air Service Airport	
22082	Q35312810	Tri-L Acres Airpark	
22083	Q35312822	Tri-modal Air Park	
22084	Q35312850	Triangle Ranch Private Airport	
22085	Q35312878	Tribune Municipal Airport	
22086	Q35312892	Triple B Airpark	
22087	Q35312906	Triple Creek Airport	
22088	Q35312920	Triple F Airpark	
22089	Q35312934	Triple H Airport	
22090	Q35312948	Triple J Airport	
22091	Q35312959	Triple M Airport	
22092	Q35313880	TXAerosport Aerodrome	
22093	Q35313894	Ty-Ti-To Airport	
22094	Q35313908	Tyler Airport	
22095	Q35313923	Tyler County Airport	
22096	Q35313937	Tyler Farms Airport	
22097	Q35313951	Tyler Municipal Airport	
22098	Q35313965	Tyra Ranch Airport	
22099	Q35313979	Tyrone Airport	
22100	Q35313993	U U Ranch Airport	
22101	Q35314021	Udine / Campoformido	
22102	Q35314049	Ueding Airport	
22103	Q35314078	Ullrich Airport	
22104	Q35314094	Ultraflyte Incorporated Airport	
22105	Q35314177	Uncle Chuck's Airport	
22106	Q35314190	Underland Airstrip	
22107	Q35314204	Unicorn Airport	
22108	Q35314216	Unicorn Place Airport	
22109	Q35314230	Union Carbide Plant Airstrip	
22110	Q35314260	Union County Landing Strip	
22111	Q35314274	Union Municipal Airport	
22112	Q35314288	Union Planters Airport	
22113	Q35314315	Unity Aerodrome	
22114	Q35314328	University of Alabama Birmingham Airport	
22115	Q35314344	Uno Mas Ranch Airport	
22116	Q35314355	Unsicker Airport	
22117	Q49748449	Muddy Creek Airport	
22118	Q49748299	Moorhead Airpark LLC	
22119	Q49748301	Moose City Airport	
22120	Q49748305	Moose Run Airstrip	
22121	Q49748309	Mooseberry Airport	
22122	Q49748314	Morehaven Airport	
22123	Q49748320	Moreton Airpark	
22124	Q49748332	Morgantown Airport	
22125	Q49748333	Moriarty Airport	
22126	Q49748336	Morning Shadows Ranch Airport	
22127	Q49748340	Morningstar North Airport	
22128	Q23727479	Timbiqui	TBD
22129	Q23747038	Ycatica Airport	
22130	Q23747058	Paso Canoas Airport	
22131	Q23727356	Bahia Cupica	BHF
22132	Q23727481	El Charco	ECR
22133	Q23747064	Rio Frio / Progreso Airport	RFR
22134	Q49746047	Eagles Nest Airport	
22135	Q49746036	Eagle Airport	EAA
22136	Q49746037	Eagle Nest Airport	
22137	Q49746068	Eden Ranch Airport	
22138	Q49746035	Eads Municipal Airport	
22139	Q49746039	Eagle Ridge Gliderport	
22140	Q49746040	Eagle Ridge Ranch Airport	
22141	Q49746041	Eagle Roost Airpark	
22142	Q49746042	Eagle Soaring Airport	
22143	Q49746043	Eagle's Nest Airport	
22144	Q49746044	Eagle's Nest Airport	
22145	Q49746048	Eagletail Ranch Airport	
22146	Q49746050	Eakin Airport	
22147	Q49746053	Earth Airport	
22148	Q49746054	East Alsek River Airport	
22149	Q49746056	East Penn Airport	
22150	Q49746058	Eastland Airport	
22151	Q49746060	Eastside Airport	
22152	Q49746061	Eau Claire Lakes Airport	
22153	Q49746062	Eberle Ranch Airport	
22154	Q49746064	Echols Airport	
22155	Q49746065	Eckhart International Airport	
22156	Q49746070	Edgar G Obie Airport	
22157	Q49746071	Edgemont Municipal Airport	
22158	Q49746072	Edgemont US Army Reserve Center Airport	
22159	Q49746077	Egolf Airport	
22160	Q49746078	Eibling Circle E Airport	
22161	Q49751952	Windy Hill Airport	
22162	Q49751951	Windswept Airport	
22163	Q49752000	Wood Airport	
22164	Q49751950	Windsong Farm Airport	
22165	Q49751955	Wine Glass International Airport	
22166	Q49751957	Wing-Over Farm Airport	
22167	Q49751959	Wingfoot Lake Test Operations Balloonport	
22168	Q49751962	Wings N Things Airpark & Museum	
22169	Q49751963	Wingsong Estates Airport	
22170	Q49751964	Winifred Airport	
22171	Q49751968	Winter Park Highlands Airport	
22172	Q49751971	Wirkkala Airport	
22173	Q49751973	Wisdom Airport	
22174	Q49751974	Wise River Airport	
22175	Q49751975	Wiseman Airport	
22176	Q49751976	Wisersky Airport	
22177	Q49751978	Wishek Municipal Airport	
22178	Q49751979	Wishkah River Ranch Airport	
22179	Q49751980	Wisky Ranch/Chevlon Airport	
22180	Q49751981	Wissler's Airport	
22181	Q49751984	Wissota Airport	
22182	Q49751985	With Wings and a Halo Airport	
22183	Q49751986	WKR Airport	
22184	Q49751987	Wolberg's Private Airport	
22185	Q49751991	Wolf Track Airport	
22186	Q49752007	Wood Strip Airport	
22187	Q49752012	Woodhawk Airport	
22188	Q49752013	Woodland State Airport	
22189	Q49746984	I-L Ranch Airport	
22190	Q49746986	Iberlin Ranch Airport Nr 1	
22191	Q49751583	Twin Towers Airport	
22192	Q49751584	Two Bar Ranch Airport	
22193	Q49751585	Two Tails Airport	
22194	Q49751586	Tye River Airport	
22195	Q49751590	U of A Maricopa Ag Center Airport	
22196	Q49751594	Umphlett Airstrip	
22197	Q49751597	Underwood Airport	
22198	Q49751598	Undlin Airstrip	
22199	Q49751601	University of Mississippi Medical Center Airport	
22200	Q49751602	University of Tennessee Hospital Airport	
22201	Q49751603	Uphill Airport	
22202	Q49751604	Upper Hannum Creek Airport	
22203	Q49751606	Upper Paauau Airport	
22204	Q49751607	Upper Paauilo Airstrip	
22205	Q49751608	Upperville Airport	
22206	Q49751609	Upton Municipal Airport	
22207	Q49751610	Urban Airport	
22208	Q49751613	Val Air Airport	
22209	Q49751614	Valburg Ranch Airport	
22210	Q49751618	Valier Airport	
22211	Q49751620	Valley City Flying Club	
22212	Q49751623	Valley Flying Crown Airport	
22213	Q49751628	Van de Plasch Airport	
22214	Q49751629	Van Der Vaart Airport	
22215	Q49751630	Van Dyke Strip	
22216	Q49751631	Van Treese Airport	
22217	Q49751770	Weavers Run Airport	
22218	Q49751773	Wecker Farms Airport	
22219	Q49751776	Weelborg Airport	
22220	Q49751781	Weiser Municipal Airport	
22221	Q49751787	Weller Canyon Airport	
22222	Q49751791	Welstad Farms Airstrip	
22223	Q49751792	Weltzien Skypark Airport	
22224	Q49751794	Wes-Port Equipment Park Airport	
22225	Q49751795	Wesinger Ranch Airport	
22226	Q49751796	Wessington Springs Airport	
22227	Q49751797	West Beaver Airport	
22228	Q49751800	West Burke Aerodrome	
22229	Q49751801	West Desert Airpark	
22230	Q49751803	West Fargo Municipal Airport	
22231	Q49751804	West Fork Lodge Airport	
22232	Q49751808	West Middlesex Airport	
22233	Q49751810	West Papoose Lake Airpark	
22234	Q49751811	West Penn Township Airport	
22235	Q49751812	West Pueblo Airport	
22236	Q49751814	West Valley Airport	
22237	Q49751816	Westberg-Rosling Farms Airport	
22238	Q49751817	Westerlind Airport	
22239	Q49751818	Western Airpark	
22240	Q49751819	Western Sky Airpark	
22241	Q49751820	Westhope Municipal Airport	
22242	Q49746565	Green Mountain Airport	
22243	Q49746568	Greene County Parachute Center Airport	
22244	Q49746569	Greg'n Sage Airport	
22245	Q49746570	Gregg Airport	
22246	Q49746571	Greggs Number 1 Airport	
22247	Q49746573	Grieve Airport	
22248	Q49746577	Groton Municipal Airport	
22249	Q49746578	Groundhog Mountain Airport	
22250	Q49746579	Grouse Ridge Airport	
22251	Q49746582	Grover Airport	
22252	Q49746583	Grover Airport	
22253	Q49746585	Grupe Ranch Airport	
22254	Q49746586	GSA Laguna Niguel G/L Helistop	
22255	Q49746587	Gunden Airport	
22256	Q35312256	Torokina Airport	TOK
22257	Q35312339	Lubbock Executive Airpark	
22258	Q35312048	Toland Airport	
22259	Q35312061	Tom Danaher Airport	
22260	Q35312075	Tom J Moore Farm Airport	
22261	Q35312089	Tom N' Jerry Airport	
22262	Q35312103	Tomahawk Hills Airport	
22263	Q35312117	Tommy's Airpark	
22264	Q35312131	Tommy's Flying Service Inc Airport	
22265	Q35312145	Tonnar Airport	
22266	Q35312173	Too Goo Doo Farms Airport	
22267	Q35312186	Tootle Airport	
22268	Q35312200	Topsail Airpark	
22269	Q35312214	Topton Air Estates Airport	
22270	Q35312228	Torchport Airport	
22271	Q35312242	Tornillo Feed Yards Airport	
22272	Q35312269	Tortuga Ranch Airport	
22273	Q35312325	Town & Country Airpark	
22274	Q35312353	Towner Farm Airport	
22275	Q35312367	Townley Farms Airport	
22276	Q35312381	Townsend A Airport	
22277	Q35312395	Townsend Air Strip	
22278	Q35312409	Toy Airpark	
22279	Q35312423	Toy Box Airport	
22280	Q35312437	Trabue Airport	
22281	Q35312448	Tradewind Ag Airport	
22282	Q35312472	Tradewinds Aerodrome	
22283	Q35312485	Tradinghouse Creek Airstrip	
22284	Q35312499	Traer Municipal Airport	
22285	Q35312159	Tonu	TON
22286	Q49747131	Johnsons Landing	
22287	Q49747120	Johnson Airport	
22288	Q49747123	Johnson Airport	
22289	Q49747130	Johnson Ranch Airport	
22290	Q49747090	Jensen Airport	
22291	Q49747091	Jenson Airport	
22292	Q49747092	Jer-Mar Airpark	
22293	Q49747095	Jersey Shore Airport	
22294	Q49747096	Jett Airpark	
22295	Q49747097	Jetway Airport	
22296	Q49747098	Jewell Airport	
22297	Q49747099	Jewett Mesa Airport	
22298	Q49747102	Jim & Julie's Airport	
22299	Q49747104	Jims Airport	
22300	Q49747105	JJ & PK Airport	
22301	Q49747106	JJS Airport	
22302	Q49747107	Joe Cimprich Airport	
22303	Q49747112	John C Lincoln Helistop	
22304	Q49747117	John M Foree Airport	
22305	Q49747118	Johns Landing	
22306	Q49747119	Johnsen Airport	
22307	Q49747124	Johnson Airstrip	
22308	Q49747128	Johnson Private Airport	
22309	Q49747129	Johnson Private Airstrip	
22310	Q49747135	Johnstown Center Airport	
22311	Q49747127	Johnson County Airport	BYG
22312	Q49747093	Jerome County Airport	
22313	Q49747134	Johnstone Point Airport	
22314	Q49749153	Palmer Municipal Airport	PAQ
22315	Q49749211	Parkland Airport	
22316	Q49749093	Bootleggers Cove Airport	
22317	Q49749069	Owen Ranches Inc Airport	
22318	Q49749070	Owen-Withee Airport	
22319	Q49749073	Owl Canyon Gliderport	
22320	Q49749079	Ox Meadows Airport	
22321	Q49749095	Oz Airport	
22322	Q49749104	P D Helisport	
22323	Q49749107	Pabst Blue Ribbon Airport	
22324	Q49749108	Pace Airport	
22325	Q49749116	Packer Airport	
22326	Q49749124	Pahala Airstrip	
22327	Q49749133	Paine's Airport	
22328	Q49749140	Pale Morning Dun Ranch Airport	
22329	Q49749146	Palisades Ranch Airport	
22330	Q49749150	Palm Valley Tucson Airport	
22331	Q49749157	Paloma Ranch Airport	
22332	Q49749159	Palomino Airport	
22333	Q49749163	Panda Airport	
22334	Q49749176	Paradise Lakes Airport	
22335	Q49749186	Paradise Valley Airport	
22336	Q49749191	Park Springs Airport	
22337	Q49749198	Parker Lake Airport	
22338	Q49749207	Parker-Cramer Airport	
22339	Q49749214	Parknavy Airport	
22340	Q49749217	Parkside Airpark	
22341	Q49749219	Parkston Municipal Airport	
22342	Q49746564	Green Acres Airport	
22343	Q49746547	Grassy Meadows/Sky Ranch Landowners Assocation Airport	
22344	Q49746548	Gravel Run Airport	
22345	Q49746549	Gravelly Valley Airport	
22346	Q49746550	Gravely Airport	
22347	Q49746551	Gravity Zero Airport	
22348	Q49746552	Gray Ranch Airport	
22349	Q49746553	Gray Ranch Airport	
22350	Q49746554	Grayce Farms Airport	
22351	Q49746556	Grayland Intergalactic Airport	
22352	Q49746557	Grayson Airport	
22353	Q49746559	Graystrip Airport	
22354	Q49746560	Graywood Ranch Airport	
22355	Q49746563	Greeley Airport	
22356	Q49744809	Adams Airport	
22357	Q49744815	Aero Estates Airport	
22358	Q49744802	Abilene Airport	
22359	Q49744797	7R Ranch Airport	
22360	Q49744800	A Bar A Ranch Airport	
22361	Q49744798	A G A Farms Airport	
22362	Q49744799	A Z Minerals Corporation Airport	
22363	Q49744801	Abbott airport	
22364	Q49744803	Abraham Ranch Airport	
22365	Q49744804	Accurate Airport	
22366	Q49744807	Adair Airport	
22367	Q49744811	Adams Strip	
22368	Q49744812	Adelanto Airport	
22369	Q49744813	Adobe Ranch Private Airport	
22370	Q49744814	Aerequus Airport	
22371	Q49744816	Aero Flight Center	
22372	Q49744817	Aero Tech Inc Airport	
22373	Q49744818	Aerodrome Les Noyers	
22374	Q49744820	Aerostone Ranch Airport	
22375	Q49744821	Agner Airport	
22376	Q49744822	Agro-West Airport	
22377	Q49744824	Ahlem Farms Airport	
22378	Q49744825	Air Castle Airport	
22379	Q49744826	Air Dusters Inc Airport	
22380	Q49744827	Air Harbor Seaplane Base	
22381	Q49744828	Air Haven Airport	
22382	Q49744830	Air Jordan Airport	
22383	Q49744831	Air Sailing Gliderport	
22384	Q49744832	Air Troy Estates - Restricted Airport	
22385	Q49746344	Fort Bridger Airport	FBR
22386	Q49746318	Flying W Airport	
22387	Q49746320	Flying W Ranch Airport	
22388	Q49746321	Flying W Ranch Airport	
22389	Q49746366	Fox Airport	
22390	Q49746367	Fox Creek Airport	
22391	Q49746323	Flying Y Ranch Airport	
22392	Q49746326	Flyplassen Airport	
22393	Q49746327	Flyway Farm Airstrip	
22394	Q49746328	Folmar Airport	
22395	Q49746333	Fordville Airport	
22396	Q49746335	Forest Airport	
22397	Q49746340	Fort Belknap Agency Airport	
22398	Q49746341	Fort Benton Airport	
22399	Q49746342	Fort Bidwell Airport	
22400	Q49746345	Fort Jensen Airport	
22401	Q49746346	Fort Peck Airport	
22402	Q49746347	Fort Ranch Airport	
22403	Q49746349	Fort Smith Landing Strip	
22404	Q49746356	Fountain Prairie Airport	
22405	Q49746357	Fountains Airport	
22406	Q49746359	Four Pillars Airport	
22407	Q49746363	Fowler's Airport	
22408	Q49746368	Fox Fire Airport	
22409	Q49746369	Fox Hollow Airport	
22410	Q49746373	Foxx Valley Airport	
22411	Q49746374	Francis Davis Airport	
22412	Q49746377	Franklin Hospital Airport	
22413	Q49747276	Koenig Airport	
22414	Q49747289	Kramer Airport	
22415	Q49747268	Knight Aire Airport	
22416	Q49747269	Knight Hawk Helicopter Service	
22417	Q49747270	Knight Sky Airport	
22418	Q49747274	Knutson Airport	
22419	Q49747275	Knutson Farms Airport	
22420	Q49747278	Kolb Airport	
22421	Q49747282	Kornkven Airstrip	
22422	Q49747283	Kosik Private Airport	
22423	Q49747287	Kraft Airport	
22424	Q49747292	Krause Private Airport	
22425	Q49747293	Kreikemeier Airport	
22426	Q49747294	Krens Farm Airport	
22427	Q49747295	Krill Personal Use Airport	
22428	Q49747301	Kruggel Airport	
22429	Q49747302	Krumenacker Airport	
22430	Q49747303	Kucera Residence Airport	
22431	Q49747305	Kugel-Strong Airport	
22432	Q49747309	Kunda Airport	
22433	Q49747312	Kusa Helistop	
22434	Q49747313	Kvichak /Diamond J/ Airport	
22435	Q49747315	Kyles Airport	
22436	Q49747316	Kyllo Airport	
22437	Q49747319	L Seckerson Airstrip	
22438	Q49747320	La Center View-Air Airport	
22439	Q49747321	La Moure Rott Municipal Airport	
22440	Q49747322	La Sal Junction Airport	
22441	Q49751826	Westport Airport	
22442	Q49751822	Westlake Farms Airport	
22443	Q49751825	Westosha Airport	
22444	Q49751828	Westport Seaplane Base	
22445	Q49751829	Westwater Airport	
22446	Q49751831	Westwinds Airport	
22447	Q49751833	Wetzl Airport	
22448	Q49751835	Wheatland Airport	
22449	Q49751836	Whetstone Airport	
22450	Q49751839	Whidbey Air Park	
22451	Q49751840	Whipple Ranch Airport	
22452	Q49751842	White Mountain Lake Airport	
22453	Q49751844	White Oak Stand Airport	
22454	Q49751851	White River Municipal Airport	
22455	Q49751852	White Sulphur Springs Airport	
22456	Q49751853	White's Airport	
22457	Q49751854	Whitefish Airport	
22458	Q49751856	Whitewater Mesa Ranch Airport	
22459	Q49751857	Whithall Farm Airport	
22460	Q49751860	Whittlesey Cranberry Co Airport	
22461	Q49751861	Whomble Airport	
22462	Q49751862	Whoopy Hollow Aerodrome	
22463	Q49751865	Wicker & Wings Aerodrome	
22464	Q49751866	Wicker Airport	
22465	Q49751867	Widner Airport	
22466	Q49751869	Wiita Farms Airport	
22467	Q49751870	Wilbur Airport	
22468	Q49751872	Wilcox Airport	
22469	Q49751874	Wilcox Farm Airport	
22470	Q49744970	Auburn Airport	
22471	Q49744957	Aspen Airport	
22472	Q49744973	Augusta Airport	
22473	Q49744927	Apple Airport	
22474	Q49744935	Archies Seaplane Base	
22475	Q49744937	Arctic Angel Airport	
22476	Q49744938	Arend Airport	
22477	Q49744939	Armington Airport	
22478	Q49744943	Arnemann Farms Airport	
22479	Q49744944	Arnolds Airport	
22480	Q49744949	Art Z Airport	
22481	Q49744953	Ash Creek Airport	
22482	Q49744956	Ashlawn Airport	
22483	Q49744960	Ass-Pirin Acres Airport	
22484	Q49744963	Athanasiou Valley Airport	
22485	Q49744965	Atkins Ridge Airport	
22486	Q49744969	Auburn Academy Airport	
22487	Q49744971	August Acres Airport	
22488	Q49744976	Ausk Strip	
22489	Q49744977	Av Ranch Airport	
22490	Q49744978	Avenal Airport	
22491	Q49744980	Aviacres Airport	
22492	Q49744981	Aviation Acres Airport	
22493	Q49744983	Axinn Airport	
22494	Q49744986	Ayres-Aicp Airport	
22495	Q49744991	B & B Boys Ranch Airport	
22496	Q49744992	B & E Ranch Airport	
22497	Q49744993	B & G Farms Airport	
22498	Q49746772	Heritage Acres Airport	
22499	Q49746782	Hess Airport	
22500	Q49746801	Hidden River Airport	
22501	Q49746766	Hensarling Airport	
22502	Q49746768	Henshaw Airport	
22503	Q49746769	Hepner Airport	
22504	Q49746771	Herendeen Bay Airport	
22505	Q49746773	Heritage Airport	
22506	Q49746774	Herlong Airport	
22507	Q49746776	Hermitage Airport	
22508	Q49746777	Hermitage Airport	
22509	Q49746779	Herreid Municipal Airport	
22510	Q49746785	Hexum Flight Park	
22511	Q49746786	Heyde Airport	
22512	Q49746787	HGF Airport	
22513	Q49746788	HI 23 Airstrip	
22514	Q49746790	Hi-Vu Airport	
22515	Q49746791	Hiawatha Airport	
22516	Q49746792	Hibbetts Airport	
22517	Q49746796	Hickory Tree Farm Airport	
22518	Q49746800	Hidden Quarry Airport	
22519	Q49746803	Hide-A-Way Hills Resort Airport	
22520	Q49746804	Higgins Airport	
22521	Q49746806	High Desert Ranch Airport	
22522	Q49746807	High Hopes Airport	
22523	Q49746809	High Mesa Airpark	
22524	Q49746810	High Mesa Airport	
22525	Q49746812	High Ridge Association Airport	
22526	Q49746816	Highland Airport	
22527	Q49745009	Baker Airport	
22528	Q49745017	Baldwin Airport	
22529	Q49745016	Bald Mountain Airport	
22530	Q49745030	Barber Airport	
22531	Q49745020	Area 52 Airport	
22532	Q49744995	B and M Ranch Airport	
22533	Q49744996	B&B Farm Airport	
22534	Q49744998	Bacchi Valley Industries Airport	
22535	Q49745003	Bahl Helistop	
22536	Q49745006	Baines Airport	
22537	Q49745007	Bair Airport	
22538	Q49745008	Baker & Hall Airport	
22539	Q49745011	Baker-Sell Airport	
22540	Q49745013	Bakke Airport	
22541	Q49745014	Bakko Airstrip	
22542	Q49745019	Balloon Port at Dingley Dell	
22543	Q49745022	Bancroft East Airport	
22544	Q49745024	Bancroft Municipal Airport	
22545	Q49745025	Bandel Airport	
22546	Q49745027	Bar E Airport	
22547	Q49745033	Bark River Airport	
22548	Q49745034	Barker Airport	
22549	Q49745036	Barker Creek Ranch Airstrip	
22550	Q49745039	Barnes Farm Airport	
22551	Q49745042	Barnhart Airport	
22552	Q49745045	Barrows Airport	
22553	Q49745046	Bartell Strip	
22554	Q49745047	Barten Airport	
22555	Q49745038	Barnes County Municipal Airport	
22556	Q48816792	Nuevo Chaitén Airport	WCH
22557	Q48730693	Mundra Airport	
22558	Q48816385	Fernando Eleta Airport	
22559	Q48816526	Pattaya Airpark	PYX
22560	Q48816085	Achibueno Airport	
22561	Q48929178	Wuhu Xuanzhou Airport	WHA
22562	Q48723875	Otumlo Airport	
22563	Q48733569	Dumka Airport	
22564	Q48784126	Punta Patiño Airport	
22565	Q48837737	Barron Municipal Airport	
22566	Q48836734	Wild Rose Idlewild Airport	
22567	Q48976938	Hatch Municipal Airport	
22568	Q48977199	Seligman Airport	
22569	Q48989315	Abu Dhabi Airfield	
22570	Q49349666	Elmendorf Air Force  Base	
22571	Q49615916	Dug Bar USFS Airport	
22572	Q49744789	2 X 4 Ranch Airport	
22573	Q49744791	3-I Rocker Ranch Airport	
22574	Q49744792	33 Strip Airport	
22575	Q49744793	4 R Ranch Landing Strip	
22576	Q49744794	5 Lakes Airport	
22577	Q49744795	59 Ranch Airport	
22578	Q49744796	7 Bays Airport	
22579	Q48784106	Miraflores Airport, Darién	
22580	Q48727412	Letung Airport	LMU
22581	Q48797442	Zhaosu Airport	ZFL
22582	Q49747410	Lawrenceville/Brunswick Municipal Airport	LVL
22583	Q49747424	Lee Airport	
22584	Q49747399	Las Trancas Airport	
22585	Q49747381	Langton Airstrip	
22586	Q49747382	Lanker Airport	
22587	Q49747383	Lanning Ranch Airport	
22588	Q49747386	Larimore Municipal Airport	
22589	Q49747388	Larkins Farm Airport	
22590	Q49747389	Lars/Private Airport	
22591	Q49747390	Larson Airport	
22592	Q49747391	Larson Airport	
22593	Q49747394	Larson Studio Airport	
22594	Q49747397	Las Arenas Earth and Sky Observatory Airport	
22595	Q49747398	Las Serpientes Airport	
22596	Q49747400	Las Vegas City Garage Helispot	
22597	Q49747402	Laub Airport	
22598	Q49747405	Lauppes Strip	
22599	Q49747407	Lava Hot Springs Airport	
22600	Q49747409	Lawrence Airstrip	
22601	Q49747412	Layne Farm Airstrip	
22602	Q49747413	Lazy B Ranch Airport	
22603	Q49747415	Lazy F Ranch Airport	
22604	Q49747417	Lazy River Airport	
22605	Q49747418	Lazy W Airport	
22606	Q49747422	Leavelle Airstrip	
22607	Q49747425	Lee Metcalf National Wildlife Refuge Airport	
22608	Q49747428	Lee's Airpark	
22609	Q49747429	Lee's Dogpatch Airport	
22610	Q49747432	Leeds Municipal Airport	
22611	Q49747433	Leeward Farm Airport	
22612	Q49747434	Lefko Airport	
22613	Q49744848	Albany Airport	
22614	Q49744870	Allen Airport	
22615	Q49744871	Allen Airport	
22616	Q49744877	Alliance Airport	
22617	Q49744841	Akin Airport	
22618	Q49744833	Air Village Strip	
22619	Q49744834	Air-Sprayers Number 2 Airport	
22620	Q49744835	Airc Helistop	
22621	Q49744836	Airlie Airport	
22622	Q49744838	Airway Airport	
22623	Q49744839	Airwolfe Airport	
22624	Q49744842	Akin and Akin Airport	
22625	Q49744843	Al Divine Airport	
22626	Q49744846	Alaska Airpark	
22627	Q49744849	Albert Airport	
22628	Q49744851	Albert Farms Airport	
22629	Q49744853	Alberter Farms Airport	
22630	Q49744855	Albritton Airport	
22631	Q49744856	Alderman Airport	
22632	Q49744859	Aleknagik Mission Strip	
22633	Q49744862	Alexander Municipal Airport	
22634	Q49744863	Alexandria Hospital Helistop	
22635	Q49744864	Aliquippa Hospital Airport	
22636	Q49744865	All West Airport	
22637	Q49744872	Allen H Tigert Airport	
22638	Q49744874	Allenholm Airport	
22639	Q49744875	Allentown and Sacred Heart Hospital Center Airport	
22640	Q49744878	Allied Airstrip	
22641	Q49744880	Alpha Hotel Airport	
22642	Q49744882	Alpine Airport	
22643	Q49746735	Haiku Airstrip	
22644	Q49746713	Haugen Farm Airstrip	
22645	Q49746714	Haunstein Airport	
22646	Q49746721	Hawk's Nest Airport	
22647	Q49746722	Hawk's Nest Airport	
22648	Q49746723	Hawks Run Airport	
22649	Q49746725	Haxtun Municipal Airport	
22650	Q49746726	Hay Fever Farm Airport	
22651	Q49746728	Hayes Emergency Airstrip	
22652	Q49746730	Hayes Road Airport	
22653	Q49746731	Haymeadow Airport	
22654	Q49746732	Hazelswart Airport	
22655	Q49746733	Hazelton Municipal Airport	
22656	Q49746734	Hazelton Municipal Airport	
22657	Q49746739	Heaven's Landing	
22658	Q49746740	Hebbelman Airport	
22659	Q49746742	Heberlig Airport	
22660	Q49746745	Hecklers' Strip	
22661	Q49746747	Hedditch Airport	
22662	Q49746748	Heilman Airport	
22663	Q49746750	Heineck Farm Airport	
22664	Q49746754	Hell'er High Water Airport	
22665	Q49746756	Hellinger Airport	
22666	Q49746757	Helmericks Airport	
22667	Q49746758	Hemet Valley Hospital Helistop	
22668	Q49746762	Henley Airport	
22669	Q49746729	Hayes River Airport	
22670	Q49747194	Kelly Airport	
22671	Q49747136	Jones Airport	
22672	Q49747156	Juniper Airport	
22673	Q49747138	Jones Farms Airport	
22674	Q49747141	Jordan Hill Farm Airport	
22675	Q49747143	Jorgensen - Stoller Airport	
22676	Q49747144	Josephine Ranch Airport	
22677	Q49747146	Judy Strip	
22678	Q49747147	Juergensen Airpark and Maritime Facility	
22679	Q49747148	Julesburg Municipal Airport	
22680	Q49747150	Julian Hinds Pump Plant Airstrip	
22681	Q49747153	June Lake Airpark	
22682	Q49747157	Juniper Hills Airport	
22683	Q49747160	Kaalaiki Airstrip	
22684	Q49747162	Kadoka Municipal Airport	
22685	Q49747165	Kaiser Helispot	
22686	Q49747166	Kako Airport	
22687	Q49747167	Kalainov Private Airport	
22688	Q49747170	Kalmbach Airport	
22689	Q49747179	Karmy's Airport	
22690	Q49747181	Kasilof Airport	
22691	Q49747182	Kasitsna Airport	
22692	Q49747188	Kelgun Airport	
22693	Q49747189	Kellachows Airport	
22694	Q49747192	Kellogg Airstrip	
22695	Q49747193	Kelly Air Park	
22696	Q49747196	Kelso Valley Airport	
22697	Q49747198	Kenai River Airpark	
22698	Q49747200	Kendall Airstrip	
22699	Q49747201	Kendalls Landing Area	
22700	Q49747149	Julian Carroll Airport	
22701	Q49752024	Woodworth Airport	
22702	Q49752065	Yoder Airport	
22703	Q49752069	York Aerodrome	
22704	Q49752016	Woodledge Farm Airport	
22705	Q49752019	Woods Farm Airstrip	
22706	Q49752021	Woods Hole Oceanographic Institute Seaplane Base	
22707	Q49752025	Woosley Airport	
22708	Q49752029	Wormid Airport	
22709	Q49752031	Wounded Buck Ranch Airport	
22710	Q49752036	Wray Municipal Airport	
22711	Q49752041	Wynkoop Airport	
22712	Q49752045	X Bar 1 Ranch (Lower) Airport	
22713	Q49752046	X-1 Ranch Upper Headquarters Airport	
22714	Q49752047	Xingu Airstrip	
22715	Q49752052	Yandell Ranch Airport	
22716	Q49752053	Yankee Kingdom Airport	
22717	Q49752058	Yav'Pe Ma'Ta Airport	
22718	Q49752059	Yellowbird Farm Airport	
22719	Q49752060	Yentna Bend Strip Airport	
22720	Q49752067	Yoder Airstrip	
22721	Q49752068	Yolo Ranch Airport	
22722	Q49752070	Yosemite Hidden Lake Ranch Airport	
22723	Q49752075	Young Creek Airport	
22724	Q49752077	Young Tactical Landing Site	
22725	Q49752079	Youngberg Ranch Airport	
22726	Q49752080	Youngpeter Airport	
22727	Q49752087	Youtsey Airport	
22728	Q49752089	Yuma Helicopters	
22729	Q49752090	Z X Ranch Airport	
22730	Q49752094	Zanzibar Farm Airport	
22731	Q49752095	Zeigler Landing Strip	
22732	Q53883245	Carmen de Patagones	CPG
22733	Q53869391	Aeródromo de San Cayetano	
22734	Q55623543	Moga Airport (Democratic Republic of the Congo)	
22735	Q55641527	RAF Church Fenton	
22736	Q55714225	Balassagyarmat Airport	
22737	Q56021389	Jerilderie Airport	
22738	Q55074751	Techo International Airport	
22739	Q53883055	Tornquist	
22740	Q53869416	Baradero	
22741	Q53869374	Chacharramendi	
22742	Q53934023	Chivilcoy	
22743	Q53734302	Luján	
22744	Q49746835	Hilltop Airport	
22745	Q49746836	Hilltop Airport	
22746	Q49746830	Hillcrest Airport	
22747	Q35316110	W B Royse Farm Airport	
22748	Q35316126	W C Ranch Airport	
22749	Q35316140	W C Ranch Stolport	
22750	Q35316154	W D Cornelius Ranch Airport	
22751	Q35316169	W Davis Airport	
22752	Q49744895	Ames Airport	
22753	Q49744883	Alta Mesa Airpark	
22754	Q49744884	Alta Sierra Airport	
22755	Q49744886	Alum Ridge Airport	
22756	Q49744887	Amargosa Airport	
22757	Q49744889	Amble - Tiger North Farms Airport	
22758	Q49744890	American Creek Airport	
22759	Q49744891	American Falconry Airport	
22760	Q49744892	American Falls Airport	
22761	Q49745052	Basin Creek Airport	
22762	Q49745053	Basin Harbor Airport	
22763	Q49745054	Bates Airstrip	
22764	Q49745055	Bath Alum Airport	
22765	Q49745056	Battle Creek Airport	
22766	Q49745057	Baublitz Commercial Airport	
22767	Q49745058	Bauer Airport	
22768	Q49745060	Baumann Farm Inc Airport	
22769	Q49745063	Bayview Farms Airport	
22770	Q49745065	Bea-D Airport	
22771	Q49745066	Beach City Airport	
22772	Q49745067	Beachys Airport	
22773	Q49745068	Beaman Airport	
22774	Q49745069	Bear Air Airport	
22775	Q49745070	Bear Cove Farm Airport	
22776	Q49745071	Bear Creek 1 Airport	
22777	Q49745077	Bear Valley Airport	
22778	Q49745078	Bear Valley Skyranch Airport	
22779	Q49745079	Bearden Private Airstrip	
22780	Q49745080	Beaugh Airport	
22781	Q49745082	Beaver Dam Airpark	
22782	Q49745087	Beaverhead Airstrip	
22783	Q49745089	Beer Airport	
22784	Q49745090	Beers Farm Airport	
22785	Q49745091	Behrens Airstrip	
22786	Q49745093	Belcher Regional Airport	
22787	Q49745095	Bell Ranch Headquarters Airport	
22788	Q49745099	Bellmore Farms Airport	
22789	Q49746818	Highline Farm Airstrip	
22790	Q49746819	Highmore Municipal Airport	
22791	Q49746822	Hildebrandt Airport	
22792	Q49746825	Hill Airport	
22793	Q49746828	Hillair Dirt Strip Airport	
22794	Q49746831	Hillcrest Farms Airport	
22795	Q49746832	Hille Airstrip	
22796	Q49746833	Hilling International Airport	
22797	Q49746841	Hillview Airport	
22798	Q49746842	Hillview Airstrip	
22799	Q49746843	Hiltner Airport	
22800	Q49746844	Hinaman Acres Airport	
22801	Q49747331	Lagrange Airport	
22802	Q49747359	Lakeside Airport	
22803	Q49747361	Lakeview Aerodrome	
22804	Q49747326	Lacrosse Municipal Airport	
22805	Q49747333	Laird Ranch Airport	
22806	Q49747334	Lake Air Ranch	
22807	Q49747335	Lake Airport	
22808	Q49747336	Lake Andes Municipal Airport	
22809	Q49747337	Lake Anna Airport	
22810	Q49747338	Lake Arrowhead Airport	
22811	Q49747339	Lake Barkley State Park Airport	
22812	Q49747340	Lake Berryessa Seaplane Base	
22813	Q49747341	Lake California Air Park	
22814	Q49747342	Lake Country Regional Airport	
22815	Q49747343	Lake Creek Ranch Airport	
22816	Q49747349	Lake Oroville Landing Area Seaplane Base	
22817	Q49747350	Lake Park Helistop	
22818	Q49747352	Lake Preston Municipal Airport	
22819	Q49747353	Lake Riverside Estates Airport	
22820	Q49747355	Lake Wohlford Resort Airport	
22821	Q49747357	Lakeside Airpark	
22822	Q49747363	Lakewood Airpark	
22823	Q49747364	Lakewood Airport	
22824	Q49747366	Lakewood Lodge Airport	
22825	Q49747367	Lakloey Air Park	
22826	Q49747368	Lakota Municipal Airport	
22827	Q49747370	Lamberson Airport	
22828	Q49747373	Lance Airport	
22829	Q49747374	Land Airport	
22830	Q49747375	Landeis Airstrip	
22831	Q49747377	Landmark Helispot	
22832	Q138302798	Muli Airport	MUM
22833	Q137841773	Aeródromo de Bahía de Santiago	
22834	Q137908617	Weda Bay Airport	WDB
22835	Q139086455	Great Keppel Airport	GKL
22836	Q136523696	Gateway International Airport	GWI
22837	Q137843732	Aeródromo La Unidad	
22838	Q137843893	Aeródromo de Monterrico	
22839	Q138604216	Tulum International Airport	
22840	Q136047784	Angoram Airport	AGG
22841	Q137296599	Galdogob Airport	
22842	Q137380213	Wodgina Airport	QBW
22843	Q136440325	Malan Air Base	
22844	Q136458321	Yola International Airport (YOL)	
22845	Q136499522	Bukidnon Airport	
22846	Q136702628	Skrunda Airfield	
22847	Q136756634	Aeon Field	
22848	Q137557500	Saldus Airfield	
22849	Q137639758	Taiyuan Qinxian Airport	
22850	Q137823680	General Andrews Airport	
22851	Q137829759	Taiyuan Guangshe Airport	
22852	Q137867873	Nakonde Airport	
22853	Q137877760	Belvedere Airport	
22854	Q138020409	Djanet Aerodrome	
22855	Q138567335	Udupi International Airport	
22856	Q138606420	Villa Airstrip	
22857	Q138717199	Saldanha Airport	
22858	Q139040025	Nagaki Rüzaphema International Airport	
22859	Q139072841	Tourou International Airport	
22860	Q139088062	Ar Rawdah Airport	
22861	Q139500495	Aeropuerto Regional Ingenio San Antonio	
22862	Q139502636	Aeropuerto El Bálsamo	
22863	Q139554679	Rabi Island Airport	
22864	Q139563913	Korolevu Seaplane Base	
22865	Q138592032	Shimanto airport	
22866	Q49747059	Jackson Airport	
22867	Q49747086	Jenkins Airport	
22868	Q49747043	J K D Farms Airport	
22869	Q49747045	J Rock Airport	
22870	Q49747047	J T Willie Airport	
22871	Q49747048	J V Ranch Airport	
22872	Q49747049	J Vining Airport	
22873	Q49747051	J-22 Ranch Airport	
22874	Q49747052	J-B Airport	
22875	Q49747053	J-Bar Ranch Airport	
22876	Q49747054	J-D Ranch Airport	
22877	Q49747050	J&J Airport	
22878	Q49747056	Jack Fish Landing	
22879	Q49747060	Jacob Gust Airport	
22880	Q49747063	Jakes Bar Airport	
22881	Q49747065	Jakolof Bay Airport	
22882	Q49747066	Jalapeno Ranch Airport	
22883	Q49747067	Jamboree Center Helistop	
22884	Q49747069	James Brothers Airport	
22885	Q49747072	Jana Airport	
22886	Q49747075	Jansen Vineyards Airport	
22887	Q49747077	Jarrett Airport	
22888	Q49747080	Jayarz Airport	
22889	Q49747081	Jecan Airport	
22890	Q49747082	Jefco Skypark Airport	
22891	Q49747085	Jeffries Farm Airport	
22892	Q49747088	Jenkins Creek Ranch Airport	
22893	Q49747068	James A. Rhodes Airport	
22894	Q49745148	Big Sky Airport	
22895	Q49745134	Beulah Airport	
22896	Q49745115	Benton Airport	
22897	Q49745100	Belmont Farm Airport	
22898	Q49745102	Belridge Strip	
22899	Q49745103	Beltzville Airport	
22900	Q49745104	Ben Sutherland Airport	
22901	Q49745105	Benchmark Airport	
22902	Q49745107	Bender Airport	
22903	Q49745108	Bender's Airport	
22904	Q49745109	Benedict Airpark	
22905	Q49745119	Berlin Landing Area Airport	
22906	Q49745120	Berlin Station Landing Strip	
22907	Q49745121	Bermudian Valley Airpark	
22908	Q49745127	Bert's Airport	
22909	Q49745130	Berwick Hospital Corporation Airport	
22910	Q49745131	Beryl Junction Airport	
22911	Q49745137	Big Andy Airport	
22912	Q49745140	Big Buffalo Airstrip	
22913	Q49745144	Big Creek Helistop	
22914	Q49745146	Big Hill Airport	
22915	Q49745151	Big Springs Ranch Airport	
22916	Q49745152	Big Timber Airport	
22917	Q49745153	Big View Airport	
22918	Q49745154	Bigger (STOL) Airport	
22919	Q49745155	Bijou Basin Airport	
22920	Q49745157	Bijou Springs Ranch Airport	
22921	Q49745158	Billy Joe Airport	
22922	Q49745159	Biplane Ranch Airport	
22923	Q49745160	Birch Creek Airport	
22924	Q49745123	Workmans Landing	
22925	Q49746845	Hinde Airport	
22926	Q49746848	Hinkle Airport	
22927	Q49746849	Hinsdale Airport	
22928	Q49746853	Hite Airport	
22929	Q49746855	Hite Private Airport	
22930	Q49746858	Hoerner Airport	
22931	Q49746859	Hofer Private Airport	
22932	Q49746862	Hoffman Private Airport	
22933	Q49746863	Hoffman's Farm Airport	
22934	Q49746865	Hogan's Corner Airport	
22935	Q49746867	Hogeland Airport	
22936	Q49746870	Holiday Ranch Airport	
22937	Q49746872	Holland Air Park	
22938	Q49746878	Holly Airport	
22939	Q49752096	Zeller Elevation Company Airport	
22940	Q49752098	Zema Private Airport	
22941	Q49752099	Zerbe Airport	
22942	Q49752100	Zettlemoyer Airport	
22943	Q49752105	Ziggy's Airport	
22944	Q49752107	Zoellner Airport	
22945	Q49752108	Zorn Acres Airport	
22946	Q49752110	Zortman Airport	
22947	Q49752113	Zwainz Farms Airport	
22948	Q53869444	Aeródromo de Balcarce	
22949	Q53886199	Lobería aerodrome	
22950	Q53879836	Pedro Luro	
22951	Q53887043	Saldungaray	
22952	Q53869542	Stroeder Airport	
22953	Q54871237	Four Winds Airport	
22954	Q55628483	Palungtar Airport	
22955	Q55715983	Yongshu Reef Airport	
22956	Q49749572	Pocahontas Municipal Airport	POH
22957	Q49749548	Pleasant Valley Airport	
22958	Q49749504	Piso Airport	
22959	Q49749509	Pitman Valley Helibase	
22960	Q49749519	Plainview Airport	
22961	Q49749522	Plane Country Airport	
22962	Q49749525	Planeacres Airport	
22963	Q49749529	Plantation Pine Airport	
22964	Q49749531	Plath Farms Airport	
22965	Q49749532	Platinum Mine Airport	
22966	Q49749535	Platte Municipal Airport	
22967	Q49749537	Playas Air Strip	
22968	Q49749538	Pleasant Farm Airport	
22969	Q49749541	Pleasant Hill Airport	
22970	Q49749545	Pleasant Home Gliding Club Gliderport	
22971	Q49749555	Pleasant Valley Airstrip	
22972	Q49749557	Plihal Farms Airport	
22973	Q49749561	Plows & Props Airport	
22974	Q49749563	Pluhar Airport	
22975	Q49749573	Poco Loco Airport	
22976	Q49749577	Pocock Airport	
22977	Q49749578	Pocono Raceway Airport	
22978	Q49749583	Podeweltz Airport	
22979	Q49749584	Pogo Mine Airstrip	
22980	Q49749587	Point Mac Airport	
22981	Q49749594	Poleschook Airport	
22982	Q49749599	Polish Paradise Airport	
22983	Q49749601	Ponderosa Airport	
22984	Q49746886	Holyoke Airport	
22985	Q49746912	Horseshoe Bend Airport	
22986	Q49746880	Holly Point Airport	
22987	Q49746884	Holsclaws Stol Strip Stolport	
22988	Q49746885	Holtsmans Airport	
22989	Q49746887	Homan Airport	
22990	Q49746888	Homedale Municipal Airport	
22991	Q49746890	Homeport Airport	
22992	Q49746893	Homewood Seaplane Base	
22993	Q49746894	Honeybee Lake Aero Park	
22994	Q49746895	Honn Farm Airport	
22995	Q49746898	Hooks Strip	
22996	Q49746899	Hoolie Airport	
22997	Q49746903	Horn Airport	
22998	Q49746904	Hornback Airport	
22999	Q49746906	Horner Farms Airport	
23000	Q49746907	Horning Airport	
23001	Q49746909	Horse Fly Airport	
23002	Q49746910	Horse Shoe A Ranch Airport	
23003	Q49746911	Horseneck Seaplane Base	
23004	Q49746914	Horseshoe Landings	
23005	Q49746915	Horsfeld Airport	
23006	Q49746918	Horst Airport	
23007	Q49746921	Hostetler Airport	
23008	Q49746891	Homer Airport	HOM
23009	Q49749453	Pine River Airport	
23010	Q49749460	Pinehurst Ranch Airport	
23011	Q49749464	Pinenut Airport	
23012	Q49749465	Pines Airpark	
23013	Q49749469	Pinewood Air Park	
23014	Q49749480	Pinon Canyon Airport	
23015	Q49749484	Pinyon Airport	
23016	Q49749495	Piper Canyon Airport	
23017	Q49749499	Pirates Cove Airport	
23018	Q49751875	Wild Blue Airport	
23019	Q49751879	Wildcat Airport	
23020	Q49751886	Wilding Farm Airport	
23021	Q49751888	Wiley Creek Airport	
23022	Q49751889	Wilkinson Ranch Airport	
23023	Q49751892	Will-Be-Gone Airport	
23024	Q49751893	Willapa Harbor Airport	
23025	Q49751895	William Leon Schawo Airport	
23026	Q49751899	William M Tuck Airport	
23027	Q49751900	William Penns Landing Site	
23028	Q49751901	Williams Airpatch	
23029	Q49751917	Willie's Airport	
23030	Q49751920	Willow Creek Ranch Airport	
23031	Q49751931	Willow Springs Ranch Airport	
23032	Q49751933	Willows Airport	
23033	Q49751935	Wilsall Airport	
23034	Q49751947	Windhaven Airport	
23035	Q49751949	Windsock Airport	
23036	Q49744913	Angel Fire Airport	AXX
23037	Q49751914	Williamsburg-Whitley County Airport	
23038	Q49749408	Pickaway County Memorial Airport	
23039	Q49751894	Willard Municipal Airport	
23040	Q49746515	Gooding Municipal Airport	GNG
23041	Q49746522	Gordonsville Municipal Airport	GVE
23042	Q49746523	Gorman Airport	
23043	Q49746493	Glenns Ferry Municipal Airport	
23044	Q49746498	Glenwood-Catron County Airport	
23045	Q49746500	Glider Airport	
23046	Q49746501	Gnadenhutten Airport	
23047	Q49746502	Go Helistop	
23048	Q49746503	Goddard Airport	
23049	Q49746505	Goerger Airport	
23050	Q49746506	Gold Creek Airport	
23051	Q49746508	Goldendale Airport	
23052	Q49746510	Gollehon Airport	
23053	Q49746513	Goode Airpark	
23054	Q49746517	Goodyear Blimp Base Airport	
23055	Q49746518	Goose Hunt Farm Airport	
23056	Q49746524	Gorman-Green Airport	
23057	Q49746525	Goshute Airport	
23058	Q49746527	Graham Farm Airport	
23059	Q49746529	Granby Sports Park Airport	
23060	Q49746533	Grand Coulee Dam Airport	
23061	Q49746535	Grand Home Airport	
23062	Q49746536	Grand View International Airport	
23063	Q49746538	Grandview Subdivision Airport	
23064	Q49746540	Granite Airport	
23065	Q49746541	Granite Mountain Lodge Airport	
23066	Q49746546	Grasso Salvage Airport	
23067	Q35315817	Vinton Veterans Memorial Airpark	
23068	Q35315495	Vicksburg Tallulah Regional Airport	
23069	Q35315509	Victoria Pratt Airport	
23070	Q35315524	Vieira Airport	
23071	Q35315551	View Finder Balloonport	
23072	Q35315565	Vigo Park Airport	
23073	Q35315580	Vihler Landing Strip	
23074	Q35315594	Viking Airport	
23075	Q35315609	Villa Char Mar Airport	
23076	Q35315623	Village Airport	
23077	Q35315637	Village Oaks Landing Strip	
23078	Q35315651	Villiger RLA Airport	
23079	Q35315667	Vinalhaven Airport	
23080	Q35315681	Vince's Condominium Association Airport	
23081	Q35315761	Vincennes Executive Inn Airport	
23082	Q35315772	Vinita Municipal Airport	
23083	Q35315787	Vinland Valley Aerodrome	
23084	Q35315831	Viola Farm Airport	
23085	Q35315844	Violas Helistop	
23086	Q35315872	Viru Harbour Airstrip	
23087	Q35315926	Vlachos Acres Airport	
23088	Q35315940	Vlakiai	
23089	Q35315955	Vliet Airport	
23090	Q35315982	Vocational Tech Airstrip	
23091	Q35315993	Vodden Airport	
23092	Q35316007	Vogen RLA Airport	
23093	Q35316022	Voges Airstrip	
23094	Q35316050	Von Alvens Airview Airport	
23095	Q35316065	Von Sloughs Airport	
23096	Q35316080	Vonada Airport	
23097	Q35316095	Vultures Row Airport	
23098	Q49745161	Birch Creek Landing Airport	
23099	Q49745163	Birchwater Airport	
23100	Q49745166	Birdland Airport	
23101	Q49745167	Bison Municipal Airport	
23102	Q49745168	Bixler Ridge Airport	
23103	Q49745169	Black Bridge Airport	
23104	Q49745170	Black Bull Spring Ranch Airport	
23105	Q49745171	Black Butte North Airport	
23106	Q49745172	Black Butte Ranch Airport	
23107	Q49745174	Black Canyon Ranch Airport	
23108	Q49745175	Black Diamond Airport	
23109	Q49745177	Black Dog Farm Airport	
23110	Q49745179	Black Otter Airport	
23111	Q49745180	Black Rapids Airport	
23112	Q49745181	Black Rock Airport	
23113	Q49745182	Black Rock City Municipal Airport	
23114	Q49745183	Blackacre Farm Airport	
23115	Q49745185	Blackburn Airport	
23116	Q49745186	Blackhawk Island Airport	
23117	Q49745187	Blackinton Airport	
23118	Q49745188	Blair Airport	
23119	Q49745189	Blair Lake Airport,  Fairbanks	
23120	Q49745190	Blair Lake Airport, Wisconsin	
23121	Q49745193	BLAKE SKY PARK	
23122	Q49745194	Blakely Island Airport	
23123	Q49745195	Blanca Airport	
23124	Q49745196	Blatter Airport	
23125	Q135156413	Siljansnas Airport	
23126	Q134601913	Dolow Airport	
23127	Q130436293	Cobano Airport	ACO
23128	Q131386133	Zomin Airport	OMN
23129	Q132291817	Zibakenar Airport	---
23130	Q133575293	Siboru Airport	FKQ
23131	Q130693419	Serre-Chevalier Airfield	SEC
23132	Q131364075	Longchuan Guangsong General Airport	LCS
23133	Q127791707	Hořín airport	
23134	Q130223844	Captain Luis F. Gómez Niño Air Base	
23135	Q130223601	Wittenoom Gorge Airport	
23136	Q130266036	Tanrıqulular flygplats	
23137	Q130279755	Shaluffa Air Force Base	
23138	Q130534380	Heliport Rotterdam	
23139	Q130554447	Griffin–Spalding County Airport	
23140	Q130551716	Ovnipuerto de Cachi	
23141	Q130601677	Heliport Maastricht	
23142	Q130603624	Jinan Shanghe Airport	
23143	Q130660987	Patterson Field	
23144	Q130710790	Rafael Hernández Airport	
23145	Q131127047	Stamford Hill Aerodrome	
23146	Q131238804	Wardwell Field	
23147	Q131258115	Old airfield in Halmstad	
23148	Q131293189	Puerto de la Cruz Airfield	
23149	Q131330032	Alat airport	
23150	Q131625912	Wolverhampton (Pendeford) airfield	
23151	Q131831019	Nong Khang Airport	
23152	Q132051850	Mokraď airport	
23153	Q132398260	Kamuela Airport	
23154	Q132745937	Catagupan Airport	
23155	Q134467926	Lantheuil airfield	
23156	Q134895877	Old Palmas Airport	
23157	Q134985526	Tulkarm Airfield	
23158	Q135175656	Colts Neck Airport	
23159	Q135300691	Kens Bore Airport	
23160	Q130755168	Panua Pohuwato Airport	PWX
23161	Q130265374	Burton–Nibbs International Airport	
23162	Q130755644	Iguassú National Park Airport	
23163	Q132644623	Cooranbong Airport	
23164	Q132672856	Aérodrome de Chailley	
23165	Q133812469	Dongyang Hengdian General Airport	HEW
23166	Q135688993	Morris Park Aerodrome	
23167	Q135910459	Dubuque Municipal Airport	
23168	Q134693357	Khun Yuam Airfield	
23169	Q1413700	Geçitkale Air Base	GEC
23170	Q1285822	Cortina Airport	CDF
23171	Q49751936	Wilson Airport	
23172	Q49747231	King Salmon Airport	AKN
23173	Q49751913	Williamsburg-Jamestown Airport	
23174	Q49747220	Kimball Municipal Airport	
23175	Q49747230	King Ranch Airport	
23176	Q49751907	Williams Airport	
23177	Q49751916	Williamson Airport	
23178	Q49751919	Willow Creek Airport	
23179	Q49751942	Wilson Creek Airport	
23180	Q49751943	Wilson Ranch Airport	
23181	Q49744896	Ames Private Airport	
23182	Q49744897	Amigos Del Cielo Airport	
23183	Q49744899	Ammon Airport	
23184	Q49744901	Anchor River Airpark	
23185	Q49744902	Andersen Farms Airport	
23186	Q49744904	Anderson Lake Airport	
23187	Q49744905	Anderson Private Airport	
23188	Q49744907	Anderson Private Airstrip	
23189	Q49744912	Andy Mc Beth Airport	
23190	Q49744914	Angel Park Airport	
23191	Q49744916	Antelope Airpark	
23192	Q49744920	Antelope Valley Airport	
23193	Q49744921	Antelope Valley Ranch Airport	
23194	Q49744922	Antique Acres Airpark	
23195	Q49744923	Antique Aerodrome	
23196	Q49744924	Antone Ranch Airport	
23197	Q49744926	Apex Airpark	
23198	Q49749503	Driftwood Air Ranch Airport	
23199	Q49747203	Kent Airport	
23200	Q49747205	Kentucky Dam State Park Airport	
23201	Q49747211	Ketcham Landing Area	
23202	Q49747214	Kettle Moraine Airport	
23203	Q49747216	Keyhole Airport	
23204	Q49747217	Keystone Airport	
23205	Q49747219	Kiko Farm Airport	
23206	Q49747221	Kimbrel Farm Airport	
23207	Q49747223	Kimp Airport	
23208	Q49747224	Kimshan Ranch Airport	
23209	Q49747225	Kinch Farms Airport	
23210	Q49747226	Kindelberger Landing Strip	
23211	Q49747228	Kindsvater Ranch Airport	
23212	Q49747229	King Knoll Airport	
23213	Q49747236	Kingston Ranch Airport	
23214	Q49747237	Kinky Creek Divide Airport	
23215	Q49747243	Kiski Airport	
23216	Q49747244	Kistler Ranch Airport	
23217	Q49747245	Kitner Airport	
23218	Q49747247	Kitty Hawk Estates Airport	
23219	Q49747248	Kitty Hawk Estates Airport	
23220	Q49747250	Kitty-Wompus Airport	
23221	Q49747252	Kittyhawk Estates Airport	
23222	Q49747260	Klaverack Airport	
23223	Q49749369	Pfau Private Airport	
23224	Q49749373	Pfeiler Ranch Airport	
23225	Q49749376	Pfister's Airport	
23226	Q49749378	Pheasant Run Airport	
23227	Q49749385	Philadelphia Airport	
23228	Q49749389	Philbrick Private Airstrip	
23229	Q49749396	Phillipsburg Airport	
23230	Q49749403	Phylcon Ranch Airport	
23231	Q49749414	Pierces Airport	
23232	Q49749418	Pietschtree Airstrip	
23233	Q49749425	Pilot's Pastures Airport	
23234	Q49749429	Pilots Grove Airport	
23235	Q49749430	Pilots Rest Airport	
23236	Q49749438	Pine Bluff Airport	
23237	Q49749440	Pine Bluffs Municipal Airport	
23238	Q49749442	Pine Grove Airport	
23239	Q49749448	Pine Grove Airport	
23240	Q49745300	Breezy Knoll Airport	
23241	Q49745296	Breckheimer Airport	
23242	Q49745297	Breckinridge County Airport	
23243	Q49745299	Breeden Airport	
23244	Q49745301	Brennan Personal Use Airport	
23245	Q49745304	Brennand Airport	
23246	Q49745308	Brian Ranch Airport	
23247	Q49745309	Briar Creek Airport	
23248	Q49745311	Bridge Bay Resort Seaplane Base	
23249	Q49745312	Bridger Creek Airport	
23250	Q49745313	Bridger Municipal Airport	
23251	Q49745315	Brier Patch Airport	
23252	Q49745317	Brion Memorial Airport	
23253	Q49745318	Bristol Airstrip	
23254	Q49745319	Broadt Personal Use Airport	
23255	Q49745322	Brodhead Airport	
23256	Q49745323	Broken Prop Airport	
23257	Q49745324	Brokenstraw Airport	
23258	Q49745325	Brook Hill Farm Airport	
23259	Q49745326	Brookside Farms Airport	
23260	Q49745327	Brothers Aviation	
23261	Q49745331	Brown's Cape Horn Airport	
23262	Q49745332	Brown's Homestead Airport	
23263	Q49745338	Bruch Ranch Airport	
23264	Q49745339	Brush Municipal Airport	
23265	Q49745316	Van Aire Airport	
23266	Q49745314	Bridgewater Air Park	
23267	Q49749835	Ragged Mountain Airport	
23268	Q49749836	Rahn Airport	
23269	Q49749841	Rainbow Airport	
23270	Q49749845	Rainbow Heights Estates Airstrip	
23271	Q49749851	Rainy Pass Lodge Airport	
23272	Q49749853	Rake's Glen Airport	
23273	Q49749856	Ralph Myers Airport	
23274	Q49749857	Ranch Aero Airport	
23275	Q49749863	Rancho de Aereo	
23276	Q49749864	Rancho Relaxo Airport	
23277	Q49749869	Rancho San Marcos Airport	
23278	Q49749870	Rancho San Simeon Airport	
23279	Q49749874	Rancho Tehama Airport	
23280	Q49749882	Randle-Kiona Airpark	
23281	Q49749885	Rangely Airport	
23282	Q49749889	Ranger Creek Airport	
23283	Q74833135	Healdsburg Muni Airport	
23284	Q74832890	Brownsville Airport	
23285	Q74832908	Mc Millan Airport	
23286	Q74834115	Stone Land Co Airport	
23287	Q74833945	Sunrise Dusters Airport	
23288	Q74833125	Thayer Aviation Airport	
23289	Q74834107	Heritage Field Airport	
23290	Q74833044	Ala Doble Airport	
23291	Q74833122	Balsdon Airport	
23292	Q74832819	Bates Field Airport	
23293	Q74832945	Bodad Airport	
23294	Q74832981	Boswell Airport	
23295	Q74833886	Camatta Ranch Airstrip Airport	
23296	Q74833889	Del Mar Farms Airport	
23297	Q74833188	Desert Wings Sky Ranch Airport	
23298	Q74833015	Edwards Af Aux North Base Airport	
23299	Q74831831	Elkwood Airpark Airport	
23300	Q74833139	Ernst Field Airport	
23301	Q74833007	Fiorini Ranch Airport	
23302	Q74833046	Flying Gluepie Ranch Airport	
23303	Q74833005	Gunnersfield Ranch Airport	
23304	Q74833163	Howard /private/ Airport	
23305	Q74832947	John Nichol's Field Airport	
23306	Q74832870	Jones/ag-viation Airport	
23307	Q74832807	Krey Field Airport	
23308	Q74833226	Little Buttes Antique Airfield Airport	
23309	Q74833235	Lodi Airpark Airport	
23310	Q74831688	Maud Road Strip Airport	
23311	Q74832997	Medlock Field Airport	
23312	Q74833050	Mercey Hot Springs Airport	
23313	Q74834113	Newton Field Airport	
23314	Q74833922	Peg Field Airport	
23315	Q74832999	Pom Wonderful Airstrip Airport	
23316	Q74833113	Quail Lake Sky Park Airport	
23317	Q74833923	Reedley College Airport	
23318	Q74833973	San Ardo Field Airport	
23319	Q74834148	Skydive California Airport	
23320	Q74833210	Skylark Field Airport	
23321	Q74832835	Strain Ranch Airport	
23322	Q74833229	Sutter Butte Dusters Airport	
23323	Q74832840	Table Mountain Field Airport	
23324	Q74833918	Tews Field Airport	
23325	Q74833065	Turner Field Airport	
23326	Q74833083	Vetters Sky Ranch Airport	
23327	Q74832994	Vosburgh Airfield Airport	
23328	Q74833240	Wallom Field Airport	
23329	Q74833085	Ward Field Airport	
23330	Q74832873	Williams Ag Airport	
23331	Q74833809	Wonderful Pistachios & Almonds Airport	
23332	Q49747485	Lindvig Airstrip	
23333	Q49747486	Linrud Airstrip	
23334	Q49747487	Linton Municipal Airport	
23335	Q49747488	Linvill Airport	
23336	Q49747489	Lisbon Municipal Airport	
23337	Q49747490	Lisburg Airport	
23338	Q49747491	Little Buffalo Ranch Airport	
23339	Q49747493	Little Goose Lock and Dam Airport	
23340	Q49747495	Little Hands Stolport	
23341	Q49747497	Little Mount International Airport	
23342	Q49747498	Little Plum Creek Airport	
23343	Q49747500	Little Susitna Airport	
23344	Q49747502	Live Oak County Airport	
23345	Q49747503	Live Oak Landing Strip	
23346	Q49747504	Livengood Camp Airport	
23347	Q49747505	Livingston Airport	
23348	Q49747507	Lizzy Lizard Airport	
23349	Q49747508	Llama Ranch Airport	
23350	Q49747510	Lloyd's Landing	
23351	Q49747511	LMN 120 Airport	
23352	Q49747512	Lobo Mountain Ranch Airport	
23353	Q49747513	Lochridge Ranch Airport	
23354	Q12692186	Champ de Courses Airport	VTL
23355	Q6456919	LA/Palmdale Regional Airport	PMD
23356	Q139737415	Penglai Shahekou Airport	PNJ
23357	Q139737332	Taiyuan Yaocheng Airport	TYC
23358	Q4568758	Marquette Sawyer Regional Airport	MQT
23359	Q139737382	Zhenjiang Dalu Airport	AZJ
23360	Q139621435	Yongchuan Da'an General Airport	YGA
23361	Q12692777	Futaysi Airport	
23362	Q139737240	Las Flores Airport	DZI
23363	Q110311409	B F Goodlife Airstrip (historical)	
23364	Q111472497	Harrington Flying Service Airport	
23365	Q115475549	Bethany Airport	
23366	Q15880612	Pepeekeo Airstrip	
23367	Q7286282	Rajkot Airport	RAJ
23368	Q92430994	Hejlák Airport	
23369	Q107346030	Argos airfield	
23370	Q139582365	Tosontsengel Airport	
23371	Q139713474	Bultfontein Airport	
23372	Q139857951	Gusau International Airport	
23373	Q139886630	Sainte-Madeleine Airport	
23374	Q140067636	Hidden Acres Airpark	
23375	Q140128817	Ambala Domestic Airport	
23376	Q140167959	Munjina Airstrip	
23377	Q49749761	Putnam County Airport	
23378	Q49749701	Preston Airport	
23379	Q49749665	Porter Airport	
23380	Q49749631	The Farm Airport	
23381	Q49749685	Powell Municipal Airport	POY
23382	Q49749605	Ponderosa Sky Ranch Airport	
23383	Q49749606	Pontious Airport	
23384	Q49749611	Pope Valley Airport	
23385	Q49749616	Porch Ranch Airport	
23386	Q49749623	Port Bucyrus-Crawford County Airport	
23387	Q49749645	Port of Ilwaco Airport	
23388	Q49749653	Port Orchard Airport	
23389	Q49749657	Port-O-John Airport	
23390	Q49749669	Porter Ranch Airport	
23391	Q49749671	Potomac Hospital Helistop	
23392	Q49749677	Pottstown Memorial Medical Center Airport	
23393	Q49749679	Poverty Airport	
23394	Q49749692	Powhatan Airport	
23395	Q49749699	Presho Municipal Airport	
23396	Q49749704	Preszler Airstrip	
23397	Q49749716	Priest River Municipal Airport	
23398	Q49749717	Princeton-Caldwell County Airport	
23399	Q49749724	Prosser Airport	
23400	Q49749742	PSK Ranch Airport	
23401	Q49749755	Punton Private Airport	
23402	Q49749759	Purkeypile Airport	
23403	Q49749768	Quail Creek Airport	
23404	Q49749773	Quail Lake Sky Park	
23405	Q49749775	Quail Mesa Airport	
23406	Q49750163	Robbins Airport	
23407	Q49750151	Riverview Airport	
23408	Q49750147	Riverside Airport	
23409	Q49750185	Robinson Airport	
23410	Q49750142	Riverlake Airport	
23411	Q49750156	Riverwood Airport	
23412	Q49750158	Roadcap Airport	
23413	Q49750160	Robbers Roost Ranch Airport	
23414	Q49750165	Robbins Farm Airport	
23415	Q49750168	Robbins Roost Airport	
23416	Q49750173	Robert L Delanoy Airport	
23417	Q49750179	Robin Airport	
23418	Q49750187	Rock Creek Airport	
23419	Q49750189	Rock Creek Airport	
23420	Q49750202	Rockdale Airport	
23421	Q49750207	Rockfish Airpark	
23422	Q49750208	Rockford Municipal Airport	
23423	Q49750209	Rocking T Ranch Airport	
23424	Q49750213	Rocktop Airport	
23425	Q49750214	Rocky Bay Airport	
23426	Q49750219	Rocky Ridge Airpark	
23427	Q49750226	Roesner Ranch Airport	
23428	Q49750229	Rogers Private Airport	
23429	Q49750231	Rogersburg Airport	
23430	Q49750242	Roland Norton Memorial Airstrip	
23431	Q49750243	Rolette Airport	
23432	Q49750246	Rolla Municipal Airport	
23433	Q49750248	Rolling Thunder Airport	
23434	Q49750053	Richards Airport	
23435	Q49750086	Ridgeview Airport	
23436	Q49750023	Rhynalds Ranch Airport	
23437	Q49750029	RI An Anaheim Helistop B/250	
23438	Q49750033	RI An Anaheim Helistop G/l B/201	
23439	Q49750035	RI San Bernardino G/L Helistop	
23440	Q49750037	Ria Airport	
23441	Q49750043	Rice Ranch Airport	
23442	Q49750045	Riceland Aerodrome	
23443	Q49750048	Rices Airpark	
23444	Q49750057	Richardton Airport	
23445	Q49750061	Richey Airport	
23446	Q49750063	Richey Airport	
23447	Q49750065	Richter Airport	
23448	Q49750069	Richtsmeier Airport	
23449	Q49750072	Richvale Airport	
23450	Q49750075	Rick's Airport	
23451	Q49750077	Riconn Airport	
23452	Q49750088	Riego Flight Strip	
23453	Q49750093	Rigby Airport	
23454	Q49750095	Rigdon Private Airport	
23455	Q49750099	Rigrtona Airport	
23456	Q49750101	Rimrock Airport	
23457	Q49750106	Ring Rock Ranch Airport	
23458	Q49750108	Rio Linda Airport	
23459	Q49750112	Rio Vista Hills Airport	
23460	Q49750126	River Bend Airport	
23461	Q49750129	River Bend Airport	
23462	Q49750138	River Valley Airport	
23463	Q49750140	River View Airpark	
23464	Q2247541	Visakhapatnam International Airport	
23465	Q1935007	Militärflugplatz Seyring	
23466	Q49749968	Reed Airport	
23467	Q49749891	Rangeview Airstrip	
23468	Q49749894	Ranta Strip Airport	
23469	Q49749896	Rapoport Ranch Airport	
23470	Q49749898	Rataiczak Airport	
23471	Q49749902	Rattlesnake Island Airport	
23472	Q49749909	Ravendale Airport	
23473	Q49749914	Ray Ranch Airport	
23474	Q49749921	Rayne Airport	
23475	Q49749930	Reader-Botsford Airport	
23476	Q49749934	Red and White Airport	
23477	Q49749937	Red Baron Airpark	
23478	Q49749942	Red Creek Ranch Airport	
23479	Q49749950	Red Reflet Ranch Airport	
23480	Q49749951	Red Rock Ranch Airport	
23481	Q49749954	Red Roof Airport	
23482	Q49749958	Redfern Aerodrome	
23483	Q49749961	Redlands Airport	
23484	Q49749964	Redwood Airport	
23485	Q49749970	Reed Hollow Ranch Airport	
23486	Q49749976	Reeds Airport	
23487	Q49749981	Reedville Airport	
23488	Q49749983	Regan Airstrip	
23489	Q49749985	Regan Ranch Airport	
23490	Q49749988	Regeneration Airport	
23491	Q49749993	Reider Ranch Airport	
23492	Q49750000	Remo Private Airport	
23493	Q49750006	Reno Airport	
23494	Q49750011	Reserve Airport	
23495	Q49745390	Butler Farm Show Airport	
23496	Q49745362	Buehler Airport	
23497	Q49745355	Bucks Airport	
23498	Q49745387	Bush Airport	
23499	Q49745340	Brush Prairie Aerodrome	
23500	Q49745343	Bryce Woodland Estates Landing Strip	
23501	Q49745344	Bryn Airport	
23502	Q49745345	Buchholz Farm Airport	
23503	Q49745346	Buchmiller Airport	
23504	Q49745347	Buck Creek Airport	
23505	Q49745348	Buck Hollar Airport	
23506	Q49745350	Buckhorn Ranch Airport	
23507	Q49745356	Bucky's Airpark	
23508	Q49745361	Buds Landing Airport	
23509	Q49745363	Buena Airport	
23510	Q49745365	Buena Vista Farm Airport	
23511	Q49745367	Bugs Airport	
23512	Q49745368	Buhl Municipal Airport	
23513	Q49745369	Bull Farm Airport	
23514	Q49745373	Bulljump Airport	
23515	Q49745375	Bullwhacker Airport	
23516	Q49745376	Bunch Grass Intergalactic Airport	
23517	Q49745381	Burkes Garden Airport	
23518	Q49745382	Burnett Landing	
23519	Q49745384	Burnt Chimney Airport	
23520	Q49745385	Burnt Ridge Airstrip	
23521	Q49745386	Burris Ranch Number 1 Airport	
23522	Q49745389	Butler Aviation Airport	
23523	Q49745201	Block Ranch Airport	
23524	Q49745216	Blueberry Hill Airport	
23525	Q49745197	Blech Ranch Airport	
23526	Q49745198	Bledsoe Ranch Airport	
23527	Q49745199	Blevins Airport	
23528	Q49745205	Blowout Bench Airport	
23529	Q49745208	Blue Haven Farm Airport	
23530	Q49745209	Blue Knob Valley Airport	
23531	Q49745210	Blue Lick Airport	
23532	Q49745211	Blue Mountain Academy Airport	
23533	Q49745213	Blue Ribbon Airport	
23534	Q49745217	Bluecreek Airport	
23535	Q49745219	Bluff Park Farm Airport	
23536	Q49745221	Bob's Flying Service Inc	
23537	Q49745223	Bodmer Airport	
23538	Q49745224	Boeckmann Ranch Airport	
23539	Q49745226	Boggy Bottoms Airport	
23540	Q49745227	Bogner Number II Airport	
23541	Q49745228	Bogus Creek Airport	
23542	Q49745230	Bohannan Airport	
23543	Q49745231	Bohunk's Airpark	
23544	Q49745235	Bold Airport	
23545	Q49745236	Bollweg Farm Airport	
23546	Q49745238	Bonanza Hills Airport	
23547	Q49745239	Bonel Airport	
23548	Q49745242	Boober Airport	
23549	Q49745243	Booth Ranch Airport	
23550	Q49745244	Borax Airport	
23551	Q49745246	Bordner Airport	
23552	Q49747471	Limon Municipal Airport	LIC
23553	Q49747446	Lemmon Municipal Airport	LEM
23554	Q49747453	Leroy Airport	
23555	Q49747466	Likely Airport	
23556	Q49747457	Lewis Airport	
23557	Q49747458	Lewis Airport	
23558	Q49747482	Lindrith Airpark	
23559	Q49747484	Lindsay Airport	
23560	Q49747436	Left Coulee Airport	
23561	Q49747442	Leis Airport	
23562	Q49747444	Leisureland Airpark	
23563	Q49747448	Lemons Private Strip	
23564	Q49747455	Leukhardt's Landings	
23565	Q49747456	Level Acres Farm Airport	
23566	Q49747459	Lewis and Clark Airstrip	
23567	Q49747462	Libby Airport	
23568	Q49747463	Liberty-Casey County Airport	
23569	Q49747464	Liechty Farm Airport	
23570	Q49747468	Lill Strip	
23571	Q49747469	Limberlost Ranch Airport	
23572	Q49747473	Lincoln Farm Airport	
23573	Q49747474	Lincoln Farms Airport	
23574	Q49747476	Lincoln Station Airport	
23575	Q49747477	Lincoln Village Airpark	
23576	Q49747478	Lind Airport	
23577	Q49747479	Linda's Roost Airport	
23578	Q49747480	Lindemann Airport	
23579	Q49747483	Lodi Airport	
23580	Q49745285	Brandon Airport	
23581	Q49745286	Brandon Airport	
23582	Q49745273	Boyer Airport	
23583	Q49745266	Bowman Airport	
23584	Q49745247	Boron Airstrip	
23585	Q49745248	Borrego Air Ranch	
23586	Q49745249	Boss Airport	
23587	Q49745250	Bostwick Farm Airport	
23588	Q49745252	Botsford Aerodrome	
23589	Q49745253	Bottimore Ranch Airport	
23590	Q49745255	Boulais Ranch Airport	
23591	Q49745256	Boulder Creek Airstrip	
23592	Q49745257	Boulder Park Resort Airstrip	
23593	Q49745259	Bouret Ranch Airport	
23594	Q49745262	Bowdle Municipal Airport	
23595	Q49745265	Bowles Airport	
23596	Q49745269	Bowtie Airport	
23597	Q49745270	Boyce Wafer Farm Airport	
23598	Q49745272	Boyd's Turf Airport	
23599	Q49745274	Boyle R & D Airport	
23600	Q49745277	Braceville Airport	
23601	Q49745278	Bradley Lake Hydroelectric Project Airstrip	
23602	Q49745279	Bradley Sky-Ranch Airport	
23603	Q49745282	Braidwater Farm Airport	
23604	Q49745284	Brandon Airdrome	
23605	Q49745287	Brands Airport	
23606	Q49745288	Brandywyne Farms Airport	
23607	Q49745289	Branham Mill Airpark	
23608	Q49745291	Braun Airport	
23609	Q49749860	Ranch-Aero Airport	
23610	Q49749778	Quale Airport	
23611	Q49749781	Quams Marina Seaplane Base	
23612	Q49749782	Quartermaster Harbor Seaplane Ramp	
23613	Q49749790	Quemado Airport	
23614	Q49749795	Questa Municipal Number 2 Airport	
23615	Q49749800	Quinn Airport	
23616	Q49749805	R & K Skyranch Airport	
23617	Q49749806	R & M Aviation	
23618	Q49749811	R I Santa Susana Helistop	
23619	Q49749818	R I Seal Beach Helistop B80	
23620	Q49749824	Raby Airpark	
23621	Q49749826	Radial Flyer Airport	
23622	Q49749830	Rag Wing Airport	
23623	Q49745480	Carson Airport	
23624	Q49745483	Cartersville Airport	
23625	Q49745451	Canton Municipal Airport	CTK
23626	Q49745482	Carter Airport	
23627	Q49745461	Carey Airport	
23628	Q49745475	Carr Airport	
23629	Q49745476	Carr Airport	
23630	Q49745445	Candle 2 Airport	
23631	Q49745449	Caney Ridge Airport	
23632	Q49745453	Canyon Ferry Airport	
23633	Q49745456	Captain's Folly Airport	
23634	Q49745458	Cardinal Ridge Airport	
23635	Q49745460	Cardwell Strip	
23636	Q49745463	Carhart Farms Airport	
23637	Q49745467	Carlin Bay Airport	
23638	Q49745470	Carlsbad Cavern Airpark	
23639	Q49745471	Carlson Airport	
23640	Q49745472	Carlson Airport	
23641	Q49745477	Carranza Farm Airstrip	
23642	Q49745478	Carrera Airpark	
23643	Q49745479	Carriers Skypark Aerodrome	
23644	Q49745481	Carsonville Airport	
23645	Q49745484	Carty's Airstrip	
23646	Q49745485	Casas Adobes Airpark	
23647	Q49745488	Cascade Airport	
23648	Q49745493	Cash Creek Airport	
23649	Q49745494	Cashen Airport	
23650	Q49745495	Cashmere-Dryden Airport	
23651	Q49745496	Cassville Municipal Airport	
23652	Q49745497	Castle Lakes Airport	
23653	Q49745452	Cantwell Airport, Alaska	
23654	Q49750256	Roosevelt Municipal Airport	ROL
23655	Q49750253	Romeo Airstrip	
23656	Q49750254	Ronan Airport	
23657	Q49750261	Rorer Group Airport	
23658	Q49750263	Rosalia Municipal Airport	
23659	Q49750267	Rose Retreat Farm Airport	
23660	Q49750269	Rosebud Airport	
23661	Q49750274	Roseburg Lumber Company Airstrip	
23662	Q49750276	Rosegill Farm Airstrip	
23663	Q49750279	Rosemont Airport	
23664	Q49750281	Rosenau Airport	
23665	Q49750284	Rosenzweig Airport	
23666	Q49750289	Ross Private Strip	
23667	Q49750295	Rotor Ranch Airport	
23668	Q49750300	Rough River State Park Airport	
23669	Q49750310	Round Mountain Airport	
23670	Q49750315	Rover Airport	
23671	Q49750318	Roxford Airport	
23672	Q49750324	Ruby Star Airpark	
23673	Q49750326	Rucilla's Roost Airport	
23674	Q49750328	Ruff Airport	
23675	Q49750329	Rugg Ranches Airport	
23676	Q49750332	Ruhe's Airport	
23677	Q49750334	Ruhlin Airport	
23678	Q49750345	Running Colors Airport	
23679	Q49750351	Runway Leasing Inc Number 1 Airport	
23680	Q49750350	Runway Leasing Inc Number 2 Airport	
23681	Q49750352	Rush River Airport	
23682	Q49750357	Rusmar Farms Airport	
23683	Q20755	Sylt Airport	GWT
23684	Q49745396	Buzzards Roost Airport	
23685	Q49745440	Campbell Ranch Airport	
23686	Q49745392	Butte Creek Hog Ranch Airport	
23687	Q49745394	Butz Airport	
23688	Q49745395	Buzzard's Roost Airport	
23689	Q49745398	Byrd Creek Airport	
23690	Q49745400	C Jeidy Farms Airport	
23691	Q49745403	C.T.S. Airport	
23692	Q49745404	Caas Airport	
23693	Q49745409	Cacic Airport	
23694	Q49745410	Cadiz Airstrip	
23695	Q49745412	Cahoots Airport	
23696	Q49745413	Cain Ranch Airport	
23697	Q49745414	Caintuckee Airport	
23698	Q49745415	Cal Black Memorial Airport	
23699	Q49745418	Calhan Airport	
23700	Q49745422	Camanche Skypark	
23701	Q49745424	Camas County Airport	
23702	Q49745425	Camatta Ranch Airstrip	
23703	Q49745428	Camco Ranch Airport	
23704	Q49745429	Cameron Airport	
23705	Q49745430	Camino Airstrip	
23706	Q49745431	Camp Crook Municipal Airport	
23707	Q49745433	Camp Lake Airport	
23708	Q49745435	Camp Peary Landing Strip	
23709	Q49745436	Camp Point Airport	
23710	Q49745438	Campbell Airstrip	
23711	Q49745442	Canal Fulton Airport	
23712	Q49745432	Camp Guernsey Airport	
23713	Q49750528	Sanders Airport	
23714	Q49750606	Schaller Airport	
23715	Q49750517	Sand Creek Wildlife Station Airport	
23716	Q49750527	Sanden Airport	
23717	Q49750532	Sanders Personal Use Airport	
23718	Q49750533	Sandhill Ranch Airport	
23719	Q49750539	Sandy Rock Airport	
23720	Q49750542	Sankey Airport	
23721	Q49750544	Sanostee Airport	
23722	Q49750548	Santa's Airport	
23723	Q49750556	Sarita Airport	
23724	Q49750560	Satterbergs Airport	
23725	Q49750564	Saubak Airport	
23726	Q49750565	Sauers-Haven Airport	
23727	Q49750570	Saure Airport	
23728	Q49750571	Sauter Airport	
23729	Q49750579	Saville Private Airport	
23730	Q49750583	Sawyer Airport	
23731	Q49750588	Saxon Airport	
23732	Q49750593	Scandia Air Park	
23733	Q49750599	SCE Pardee Substation Helistop	
23734	Q49750601	Schadels Airport	
23735	Q49750604	Schafer USFS Airport	
23736	Q49750609	Schantz Airstrip	
23737	Q49750610	Scheidel Ranch Airport	
23738	Q49750614	Scherler Private Airstrip	
23739	Q49750575	Savage Island Airport	
23740	Q141015279	Northeast Kingdom International Airport	EFK
23741	Q141015280	Rutland–Southern Vermont Regional Airport	RUT
23742	Q140813963	Podor Airport	POD
23743	Q140813961	Niokolo-Koba Airport	NIK
23744	Q140813958	Diourbel Airport	
23745	Q140813964	Wenchi Airstrip	
23746	Q140813959	Dodji Airport	
23747	Q140700652	Atlantic Aerodrome	
23748	Q140813960	Linguère Airport	
23749	Q140813965	Saltpond Airstrip	
23750	Q141015283	Stephen A. Bean Municipal Airport	
23751	Q141015278	Morrisville–Stowe State Airport	MVL
23752	Q140813966	Bugungu Airstrip	
23753	Q141015281	Warren–Sugarbush Airport	
23754	Q141015284	Waterville Robert LaFleur Airport	WVL
23755	Q140196799	Winton Aerodrome	
23756	Q140429415	Waterville Regional Airport	
23757	Q140813967	Bignona Airport	
23758	Q141015277	Albanna Aviation Airport	
23759	Q141069065	Kolkata Kalyani Airport	
23760	Q141425807	Amaravati International Airport	
23761	Q141430710	Kasane Airfield	
23762	Q141431007	Ferozepore Airfield	
23763	Q49745597	Christie Aerodrome	
23764	Q49745599	Christy's Airport	
23765	Q49745602	Cielo Dorado Estates Airport	
23766	Q49745605	Circle 8 Ranch Airport	
23767	Q49745579	Binzel Airport	
23768	Q49745547	Chapman Farms Airport	
23769	Q49745548	Chapman Ranch Airstrip	
23770	Q49745550	Charles G Kalko Airport	
23771	Q49745552	Charloe Airport	
23772	Q49745553	Chase Airstrip	
23773	Q49745559	Chena Hot Springs Airport	
23774	Q49745560	Chena Marina Airport	
23775	Q49745565	Cherokee Airport	
23776	Q49745566	Cherokee Trail Ranch Airport	
23777	Q49745567	Cherry Valley Airport	
23778	Q49745568	Cherrystone Airport	
23779	Q49745570	Chesnut Knolls Airport	
23780	Q49745572	Chestnut Hill Airport	
23781	Q49745573	Cheyenne Eagle Butte Airport	
23782	Q49745581	Chimney View Airport	
23783	Q49745582	China Peak Observatory Airport	
23784	Q49745584	Chinook Farms Airport	
23785	Q49745586	Chitina Airport	
23786	Q49745588	Chloride Airport	
23787	Q49745590	Cholla Airport	
23788	Q49745591	CHP Academy Airport	
23789	Q49745592	Chris Hofer Landing Strip	
23790	Q49745593	Christensen Brothers Wahluke Strip	
23791	Q49745594	Christensen Ranch Airport	
23792	Q49745595	Christian's Airport	
23793	Q49745575	Windy Plains Airport	
23794	Q49745554	Chase City Municipal Airport	
23795	Q49750487	San Carlos Airport	
23796	Q49750493	San Joaquin Airport	
23797	Q49750507	San Rafael Airport	
23798	Q49750393	J & B Airport	
23799	Q49750362	Russell County Airport	
23800	Q49750375	Russian Flat Airport	
23801	Q49750378	Russo Airstrip	
23802	Q49750380	Rustic Wilderness Airport	
23803	Q49750383	Rutherford Airport	
23804	Q49750385	Rutter Airport	
23805	Q49750387	Ryegate Airport	
23806	Q49750391	S & S Ranch Airport	
23807	Q49750408	Sacatar Meadows Airport	
23808	Q49750415	Sagebrush Trails Estates Airport	
23809	Q49750420	Saguaro Airport	
23810	Q49750426	Sainovich Airport	
23811	Q49750436	Saint Johns College Helispot	
23812	Q49750441	Saint Josephs Hospital Helistop	
23813	Q49750445	Saint Marys Helistop	
23814	Q49750449	Saint Rose De Lima Helispot	
23815	Q49750452	Saint Rose Hospital Helistop	
23816	Q49750456	Salem Lakefront Airport	
23817	Q49750461	Salmon Lake Airport	
23818	Q49750480	Salyer Farms Airport	
23819	Q49750482	Sampley's Airport	
23820	Q49750484	Samuels Springs Airport	
23821	Q49750496	San Luis Reservoir Seaplane Base	
23822	Q49750500	San Manuel Airport	
23823	Q49750506	San Miguel Ranch Airport	
23824	Q49750509	Sanborn Airport	
23825	Q49750513	Sand Canyon Airport	
23826	Q74840473	Woodbridge Field Airport	
23827	Q49745539	Champion Ranch Airport	
23828	Q49745541	Chandalar Shelf Airport	
23829	Q49745545	Chapin Airport	
23830	Q49745528	Freefall Oz Airport	
23831	Q74841583	Boeing Field	
23832	Q74841192	Morris Airport	
23833	Q74841445	Bijou Bottom Strip Airport	
23834	Q74841304	G W Flanders Ranch Strip Airport	
23835	Q74841603	Huerfano Ag Airport	
23836	Q74841524	Jackrabbit Strip Airport	
23837	Q74841589	Juniper Hills Airport	
23838	Q74841510	Mack Mesa Airport	
23839	Q74841298	Marshdale Airport	
23840	Q74841415	Omega 1 Airport	
23841	Q74841273	Pine View Airport	
23842	Q74841650	Ria Airport	
23843	Q74841623	The Flying Z Airport	
23844	Q74841454	Wecker Farms Airport	
23845	Q74841399	Air-sprayers Nr 2 Airport	
23846	Q74841261	Ambrosich Field Airport	
23847	Q74841197	Barber Field Airport	
23848	Q74841335	Buffalo Airport Airport	
23849	Q74841317	Christman Field Airport	
23850	Q74841570	Clifford Field Airport	
23851	Q74841559	Colorado Antique Field Airport	
23852	Q74841412	Cridler Field Airport	
23853	Q74841636	Crystal Lakes Airport	
23854	Q74841267	Dietrichs Airport	
23855	Q74841655	Dodsworth Airport	
23856	Q74841384	Easton/valley View/ Airport	
23857	Q74841310	Flagler Aerial Spraying Inc Airport	
23858	Q74841271	Flyin' B Ranch Airport	
23859	Q74841472	Fox Hole Airport	
23860	Q74841349	Golden Field (yellow Hat) Airport	
23861	Q74841426	Helling Airport	
23862	Q74841355	Hendricks Field At West Creek Ranch Airport	
23863	Q74841439	Horseshoe Landings Airport	
23864	Q74841455	Idlers Fld Airport	
23865	Q74841345	Kutcher-lakeview Airport	
23866	Q74841400	Lux Field Airport	
23867	Q74841462	Mc Elroy Airfield Airport	
23868	Q74841647	Melon Field Airport	
23869	Q74841516	Rancho De Aereo Airport	
23870	Q74841537	Ranger Ranch Airport Airport	
23871	Q74841600	Reck Airstrip Airport	
23872	Q74841206	Roubideau Airport	
23873	Q74841616	Simonson Field Airport	
23874	Q74841432	Tall Timber Airport	
23875	Q74841330	Trinchera Ranch Airstrip Airport	
23876	Q74841281	Usaf Academy Bullseye Aux Airfield Airport	
23877	Q74841652	Vantage View Airport	
23878	Q74841552	Wirth Field Airport	
23879	Q74841328	Yankee Field Airport	
23880	Q74841279	Yukon Airport	
23881	Q131402	Munich Airport	MUC
23882	Q74836565	Szolnok-Szandaszőlős Sport Airfield	
23883	Q74834219	Zamora Airport	
23884	Q74840356	Cherokee Strip Airport	
23885	Q74840366	Galloway Farms Airport	
23886	Q74840459	Griffin Ag Airport	
23887	Q74840341	Thunder Ridge Ranch Airport	
23888	Q74840370	Tripp Strip Airport	
23889	Q74840222	Garrison Airport	
23890	Q74840252	Hickman Airport	
23891	Q74834215	Alta Mesa Airpark Airport	
23892	Q74840268	Ashmore Field Airport	
23893	Q74840256	Banks Ranch Airport	
23894	Q74840361	Bella Vista Field Airport	
23895	Q74840398	Benoit Airfield Airport	
23896	Q74840450	Bryan Field Airport	
23897	Q74840529	Byrd's Backcountry Airstrip Airport	
23898	Q74834155	Cones Field Airport	
23899	Q74840427	Crystal Ridge Airport	
23900	Q74840313	Cypress Creek Airpark Airport	
23901	Q74840532	Etna Airport	
23902	Q74840403	Franke Field Airport	
23903	Q74840372	Gurdon Lowe Field Airport	
23904	Q74840511	Haigwood Landing Strip Airport	
23905	Q74840326	Hammer Field Airport	
23906	Q74840273	John Harris Field Airport	
23907	Q74840494	Johnson Field Airport	
23908	Q74840420	Luginbuel Hee Haw Airport	
23909	Q74840469	Mcalister Airpark Airport	
23910	Q74840258	McCroskey Field Airport	
23911	Q74840285	Mission Field-marotti Memorial Airport	
23912	Q74840508	Naylor Field Airport	
23913	Q74840249	Pearson Field Airport	
23914	Q74840238	Price Coffee Airfield Airport	
23915	Q74840516	R V Stewart Field Airport	
23916	Q74840358	Randal Field Airport	
23917	Q74840412	Rbc Airport	
23918	Q74840316	Riddell Field Airport	
23919	Q74840379	Ridgeway Field Airport	
23920	Q74840225	Sandy Ridge Farms Airport	
23921	Q74840261	Shurley Field Airport	
23922	Q74840304	Sid's Place Airport	
23923	Q74840330	Silver Wings Field Airport	
23924	Q74840307	Stokes Airport	
23925	Q74840456	Taylor Field Airport	
23926	Q74840521	Totty Field Airport	
23927	Q74840248	Trigger Gap Airport	
23928	Q74834201	Valley Crop Dusters, Inc Airport	
23929	Q74840338	Whirlwind Aviation Airport	
23930	Q74840219	Winfield Airpark Airport	
23931	Q49750702	Sency Airport	
23932	Q49750708	Sentara Norfolk General Hospital Airport	
23933	Q49750710	Sequoia Ranch Airport	
23934	Q49750713	Serenity Farm Airport	
23935	Q49750714	Settlers Bay Airstrip	
23936	Q49750723	Seven Shamrock Airport	
23937	Q49750737	Shady Acres Airport	
23938	Q49750740	Shady Acres Airport	
23939	Q49750742	Shandy Hall Farm Airport	
23940	Q49750747	Shangri-La Airport	
23941	Q49750749	Shangrila Airport	
23942	Q49750756	Sharretts Airport	
23943	Q49750758	Shaull Farm Airstrip	
23944	Q49750763	Shaw Meadow Airport	
23945	Q49750773	Sheffels Ranch Airport	
23946	Q49750777	Shelburne Airport	
23947	Q49750780	Shelburne Farms Airport	
23948	Q49750790	Shelton Airport	
23949	Q49750795	Shepherd Ranch Airport	
23950	Q49750796	Sherman-Private Airport	
23951	Q49750805	Shimmon Airport	
23952	Q49750809	Shippensburg Airport	
23953	Q49750811	Shirley Lake Airport	
23954	Q49750815	Shivok Airport	
23955	Q49750821	Shoestring Ranch Airport	
23956	Q49750830	Short Airport	
23957	Q49750833	Shoshone Airport	
23958	Q49750752	Shannon Airport	
23959	Q49750937	Sky Acres Airport	
23960	Q49750903	6 Ranch Airport	
23961	Q49750835	Shoshone County Airport	
23962	Q49750839	Shoshoni Municipal Airport	
23963	Q49750843	Shreveport North Airport	
23964	Q49750844	Shriver Airport	
23965	Q49750846	Shulls Airport	
23966	Q49750849	Shullsburg Airport	
23967	Q49750850	Sids Airport	
23968	Q49750857	Sikorski Ranch Airport	
23969	Q49750867	Silver Creek Ranch Airport	
23970	Q49750869	Silver West Airport	
23971	Q49750879	Simons Airport	
23972	Q49750884	Simpsonville Airport	
23973	Q49750894	Sisseton Municipal Airport	
23974	Q49750901	Situk Airport	
23975	Q49750906	Sixmile Lake Airport	
23976	Q49750908	Sjule Private Airstrip	
23977	Q49750912	Skala Airport	
23978	Q49750913	Skamokawa East Valley Airport	
23979	Q49750916	Skatter Creek Airport	
23980	Q49750918	Skeen Ranch Airport	
23981	Q49750927	Skinningsrud Airport	
23982	Q49750934	Skunk Hollow Airport	
23983	Q49750941	Sky Airport	
23984	Q49750943	Sky Bryce Airport	
23985	Q49750945	Sky Diving Airport	
23986	Q74841067	Aspen Airport	
23987	Q74840632	Benson Airport	
23988	Q74840622	Hickory Ridge Airport	
23989	Q74840748	Hidden Valley Airport	
23990	Q74841159	Diamond Star Ranch Airport	
23991	Q74841152	Windy Plains Airport	
23992	Q74840752	Moose Creek Airport	
23993	Q74840730	Sagebrush Trails Estates Airport	
23994	Q74841092	Young's Strip Airport	
23995	Q74840681	Gila Bend Af Aux Airport	
23996	Q74840721	Big Sandy Airport	
23997	Q74841124	Aero Bear Field Airport	
23998	Q74840665	Aileron Orchards Airport	
23999	Q74841057	Alamosa Outpost Airport	
24000	Q74840551	Bent Hickory Air Ranch Airport	
24001	Q74840791	Big Chino Airstrip Airport	
24002	Q74840578	Davidson Field Airport	
24003	Q74840654	Double Circle Ranch Airport	
24004	Q74841033	Dusty Wings Field Airport	
24005	Q74840668	Eloy Farms Airstrip Airport	
24006	Q74840784	Evelyn Field Airport	
24007	Q74840747	Farms Airport	
24008	Q74840959	G M Ranch Airport	
24009	Q74840559	Head Airfield Airport	
24010	Q74840538	Hog Air Aviation Inc Airport	
24011	Q74841040	Inde Motorsports Ranch Airport	
24012	Q74840620	Keller Airfield Airport	
24013	Q74840561	Kizer Field Airport	
24014	Q74841064	Koch Field Airport	
24015	Q74841060	Las Arenas Earth And Sky Observatory Airport	
24016	Q74841184	Lowe Airstrip Airport	
24017	Q74840570	Mc Donald's Strip Airport	
24018	Q74840879	Morgan Ranch Airstrip Airport	
24019	Q74840723	Parsons Field Airport	
24020	Q74840717	Peabody Bedard Field Airport	
24021	Q74840555	Ponca Int Airport	
24022	Q74841095	Pond's Field Airport	
24023	Q74840962	Potters Field Airport	
24024	Q74840671	Sawtooth Arpt Airport	
24025	Q74840754	Serene Field Airport	
24026	Q74840906	Sheepy Hollow Ranch Airport	
24027	Q74840948	Skyline Air Ranch Airport	
24028	Q74841097	Skywagon Ranch Airport	
24029	Q74841085	Spruce Point Tree Farm Llc Airport	
24030	Q74840583	Sweet Springs Airport	
24031	Q74841182	Tanner Field Airport	
24032	Q74840952	Tri-rotor Ag Services Airport	
24033	Q74840593	Williams Field Airport	
24034	Q74840779	Willow Valley Airport	
24035	Q74840685	Williams Auxiliary Airfield 6 Airport	
24036	Q49750686	Seldovia Airport	SOV
24037	Q49750640	Schroeder Airport	
24038	Q49750642	Schroeder Private Airport	
24039	Q49750693	Sells Airport	
24040	Q49750663	Lovettsville Airport	
24041	Q49750615	Scherrico Meadows Airport	
24042	Q49750618	Schewe Airport	
24043	Q49750619	Schirmeister Private Airport	
24044	Q49750626	Schmidt Ranch Airport	
24045	Q49750630	Schoepflin Airport	
24046	Q49750635	Schrenkel Airport	
24047	Q49750638	Schroder Airport	
24048	Q49750645	Schu Ranch Airport	
24049	Q49750646	Schubert Airstrip	
24050	Q49750651	Schulze's Airport	
24051	Q49750653	Schumacher Strip	
24052	Q49750665	Scott Farm Strip	
24053	Q49750667	Scott Seaplane Anchorage	
24054	Q49750669	Scotts Airport	
24055	Q49750674	Seagate Helistop	
24056	Q49750678	Secluded Lake Airport	
24057	Q49750680	Seeley Lake Airport	
24058	Q49750682	Seesholtz Airport	
24059	Q49750685	Seldom Scene Airport	
24060	Q49750697	Selma Airport	
24061	Q49750698	Semchenko Airport	
24062	Q49745543	Chaparral Airport	
24063	Q49745510	Cedar Creek Airport	
24064	Q49745511	Cedar Creek Ranch Airport	
24065	Q49745536	Chambers Airport	
24066	Q49745498	Castle Mountain Airstrip	
24067	Q49745499	Castle Well Airport	
24068	Q49745500	Castleberry Airport	
24069	Q49745502	Catawba Valley Airport	
24070	Q49745504	Caveman Ranch Airport	
24071	Q49745505	Cawleys South Prairie Airport	
24072	Q49745507	Cayuse Creek USFS Airport	
24073	Q49745508	CD-3 Airstrip	
24074	Q49745509	Cedar Acres Private Group Airport	
24075	Q49745512	Cedar Island Airport	
24076	Q49745515	Cedar Run Airport	
24077	Q49745516	Cedar Valley Airport	
24078	Q49745521	Central County Airport	
24079	Q49745524	Central Valley Aviation Inc Airport	
24080	Q49745526	Centre Airpark	
24081	Q49745527	Centreville Airport	
24082	Q49745529	Cerny Airport	
24083	Q49745533	Chamberlain Brothers Ranch Airport	
24084	Q49745534	Chamberlain Municipal Airport	
24085	Q49745537	Chambers Island Airport	
24086	Q133796	Nagasaki Airport	NGS
24087	Q74841906	Five Oaks Estate Airport	
24088	Q74841717	Flying D Ranch Airport	
24089	Q74841876	White Farms Airport	
24090	Q74841765	Alma Airport	
24091	Q74841741	Whomble Airport	
24092	Q74842100	Richards Field	
24093	Q74842106	Big Cypress Airfield Airport	
24094	Q74841722	Burnham Field Airport	
24095	Q74841979	Byrd Air Field Airport	
24096	Q74841865	Cedars Airfield Airport	
24097	Q74841668	Chapman Field Airport	
24098	Q74841681	Comanche Airfield Llc Airport	
24099	Q74841684	Cottonwood Field Airport	
24100	Q74841795	Country Landings Airport	
24101	Q74842072	Cuyler Field Airport	
24102	Q74842160	Dj Farm Airport	
24103	Q74841862	Dog Island Airport	
24104	Q74842043	Dugger Field Airport	
24105	Q74841920	Field Of Dreams Airport	
24106	Q74841834	Fox Field Airport	
24107	Q74841903	Freeflight Intl Airport	
24108	Q74841817	Garner Field Airport	
24109	Q74842056	Gleim Field Airport	
24110	Q74841718	Griffin Field Airport	
24111	Q74841879	Hartzog Field Airport	
24112	Q74841772	Hummingbirds Landing Airport	
24113	Q74842079	Hutson Airfield Airport	
24114	Q74841915	J R's Airport	
24115	Q74841948	Joy Farms Airport	
24116	Q74842008	Jubilee Acres Airport	
24117	Q74841888	Kings Field Airport	
24118	Q74841946	Lafayette Landings Airport	
24119	Q74841836	Lazyboy Airport	
24120	Q74841754	Link Field Airport	
24121	Q74842091	Mac's Field Airport	
24122	Q74841775	Mc Donald's Field Airport	
24123	Q74841986	Mid Florida At Eustis Airport	
24124	Q74841874	Neal Field Airport	
24125	Q74841840	O'brien Airpark East/west Airport	
24126	Q74841884	Paniola Air Ranch Airport	
24127	Q74841850	Ranchaero Grand Vista Airport	
24128	Q74841988	Reluctant Gremlin Airport	
24129	Q74841707	Rons Field Airport	
24130	Q74841788	Skypark Estates Owners Assoc Airport	
24131	Q74842162	Squires Aviation Ranch Airport	
24132	Q74841755	Sullivan Field Airport	
24133	Q74841981	Thomson Airfield Airport	
24134	Q74841694	True Grit South Airport	
24135	Q74841660	West Divide Airport	
24136	Q74841841	White Field Airport	
24137	Q157741	Cologne Bonn Airport	CGN
24138	Q158211	Hahn Airport	HHN
24139	Q160556	Berlin Brandenburg Airport	BER
24140	Q158732	Stuttgart Airport	STR
24141	Q49750950	Sky Harbor Airport	
24142	Q49750980	Sky Ranch Airport	
24143	Q49751051	Skyview Airport	
24144	Q49751033	Simko Field	
24145	Q49750955	Sky Haven Airport	
24146	Q49750958	Sky Haven Airport	
24147	Q49750960	Sky Haven Airport	
24148	Q49750965	Sky Hollow Airport	
24149	Q49750966	Sky Island Ranch Airport	
24150	Q49750976	Sky Meadows Airpark	
24151	Q49750983	Sky Ranch Airport at Pioneer Peak	
24152	Q49750989	Sky Ranch For Boys Airport	
24153	Q49750996	Sky Ranch North Airport	
24154	Q49751000	Sky Ranch South Airport	
24155	Q49751001	Sky River Ranch Airport	
24156	Q49751002	Sky Valley Airstrip	
24157	Q49751006	Sky Wagon Ranch LLC Airport	
24158	Q49751007	Sky Way Estates Airport	
24159	Q49751011	Skydive Greene County Inc Airport	
24160	Q49751017	Skydive San Joaquin Valley Airport	
24161	Q49751018	Skyflight Airport	
24162	Q49751025	Skykomish State Airport	
24163	Q49751030	Skylane Ranch Airport	
24164	Q49751034	Skyline Airstrip	
24165	Q49751039	Skyote Airport	
24166	Q49751041	Skyotee Ranch Airport	
24167	Q49751044	Skyport Airport	
24168	Q49751046	Skyqueen Airport	
24169	Q49751049	Skyview Airpark	
24170	Q49751427	Thompson Airport	
24171	Q49751434	Thompson Private Airport	
24172	Q49751401	Tesmer Airport	
24173	Q49751402	Tetlin Airport	
24174	Q49751404	Tezak Airport	
24175	Q49751406	The Flying Z Airport	
24176	Q49751407	The Grass Patch Airport	
24177	Q49751409	The Meadows Airport	
24178	Q49751412	The Place Airport	
24179	Q49751414	The Red River Airport	
24180	Q49751416	The Salmon Farm Airport	
24181	Q49751417	The Sea Ranch Airport	
24182	Q49751418	The Sigurd Anderson Airport	
24183	Q49751420	Thermal G Ranch Airport	
24184	Q49751424	Thomas Farms Airport	
24185	Q49751425	Thomas Memorial Airport	
24186	Q49751429	Thompson Drag Raceway Airport	
24187	Q49751430	Thompson International Aviation Airport	
24188	Q49751432	Thompson Pass Airport	
24189	Q49751437	Three Castles Airpark	
24190	Q49751439	Three Cross Ranch Airport	
24191	Q49751441	Three Lakes Seaplane Base	
24192	Q49751446	Thunder Ridge Airpark	
24193	Q49751451	Tiber Dam Airport	
24194	Q49751454	Tidmore Airport	
24195	Q49751455	Tierra de Dios Airport	
24196	Q49751456	Tierra Linda Ranch Airport	
24197	Q62129127	Krasnoselkup	KKQ
24198	Q63122768	Neom Airport	NUM
24199	Q67941673	Nagyszénás airport	
24200	Q68796049	Khuzhir Airport	
24201	Q67462952	Maafaru International Airport	NMF
24202	Q61720967	Odessa-schlemeyer Field Aerodrome	ODO
24203	Q65090445	Sangley Point Airport	SGL
24204	Q62070708	Pizarro airport	PZR
24205	Q61670614	6th of October Airport	
24206	Q73265082	New Gwadar Airport	GWD
24207	Q62023680	Singkawang Airport	SKJ
24208	Q61676253	Ridgeview Aerodrome	
24209	Q61721322	Wildcat Aerodrome	
24210	Q61667592	Dixon Muni-Charles R Walgreen Field	
24211	Q61673641	Whitcomb Field Aerodrome	
24212	Q61712811	Barnes Farmland Aerodrome	
24213	Q61712561	Bartsch Aerodrome	
24214	Q61712457	Cataney Aerodrome	
24215	Q61712325	Hanny Beaver Airpark Inc Aerodrome	
24216	Q61712216	Offutt Acres Aerodrome	
24217	Q61712695	Shield Farm Aerodrome	
24218	Q61725166	General Dick Stout Field Aerodrome	
24219	Q63819498	Burren Junction Airport	
24220	Q64214846	Deqing Moganshan Airport	DEQ
24221	Q67891899	Delawanna Airport	
24222	Q67924428	Jersey City Airport	
24223	Q68235525	Curtiss-Reynolds Airport	
24224	Q68483826	Westfield Airport	
24225	Q68503796	Peterson Memorial Field	
24226	Q66362425	Kupol Airport	KPX
24227	Q64853035	Novorossiysk Airport	NOI
24228	Q56705156	Zhanjiang Wuchuan International Airport	ZHA
24229	Q56360344	Melitopol Air Base	OOX
24230	Q58413255	Yan'an Nanniwan Airport	ENY
24231	Q60763704	Langzhong Gucheng Airport	LZG
24232	Q60775425	Lianyungang Huaguoshan International Airport	LYG
24233	Q56305501	Teraina Airport	TNQ
24234	Q56302422	Dizangué Aerodrome	
24235	Q56682028	Airport Jiřičky	
24236	Q60773152	Xinbarag Youqi Baogede Airport	XRQ
24237	Q56295287	Qaqortoq Airport	JJU
24238	Q60974834	Urengoy airport	UEN
24239	Q58821820	San Pedro	
24240	Q61237750	Jarikaba Airstrip	
24241	Q60530390	Carrapateena Airport	
24242	Q60607962	Ossora Airport	
24243	Q61050395	Tiquie Airport	
24244	Q56276338	Tri-City Airport, San Bernardino	
24245	Q56876490	Nanchang Qingyunpu Airport	
24246	Q59619231	Zhubi Airport	
24247	Q60590431	Polk County Airport	
24248	Q60994980	Zaozhuang Yiyun Airport	
24249	Q61237727	Coeroeni Airport	
24250	Q61373249	Kryvyi Rih Air Base	
24251	Q56859924	Nuremberg-Marienberg airport	
24252	Q60752625	Yulin Fumian Airport	YLX
24253	Q49751095	Smith Airport	
24254	Q49751097	Smith Airport	
24255	Q49751099	Smith Airport	
24256	Q49751056	Slack Airport	
24257	Q49751067	Sleepy Hollow Airport	
24258	Q49751070	Sloan Airport	
24259	Q49751104	Smith Farms Airport	
24260	Q49751053	Skywagon Farm Airport	
24261	Q49751061	Slate Creek Airport	
24262	Q49751062	Slatington Airport	
24263	Q49751065	Sleepers Strip	
24264	Q49751072	Sloas Airport	
24265	Q49751086	Smies Airport	
24266	Q49751088	Smiley Creek Airport	
24267	Q49751100	Smith Airstrip	
24268	Q49751109	Smith Private Airport	
24269	Q49751116	Snell - North Laramie River Airport	
24270	Q49751119	Snook Airport	
24271	Q49751120	Snow Crest Ranch Airport	
24272	Q49751124	Soaring Horse Airport	
24273	Q49751125	Sobolik Airport	
24274	Q49751127	Soderquist Airport	
24275	Q49751128	Sohler's Holly Hill Airport	
24276	Q49751134	Solo Ranch Airport	
24277	Q49751137	Somerton Airport	
24278	Q49751138	Songlo Vista Airport	
24279	Q49751139	Sopwith Farm Airport	
24280	Q49751140	Sorenson Airport	
24281	Q49751142	Sorrell Airport	
24282	Q49751144	Sourdough Airport	
24283	Q49751308	Sunset Strip	
24284	Q49751309	Sunset Strip	
24285	Q49751318	Swanson Airport	
24286	Q49751305	Sunset Airport	
24287	Q49751342	Tailwheel Airport	
24288	Q49751289	Sun Valley Estates Airport	
24289	Q49751292	Sunbury Airport	
24290	Q49751294	Sunday Creek Airpark	
24291	Q49751295	Sundog Airport	
24292	Q49751297	Sunny Rest Airport	
24293	Q49751298	Sunnyside Municipal Airport	
24294	Q49751300	Sunrise Acres Airport	
24295	Q49751303	Sunrise Ranch Airport	
24296	Q49751310	Sunstate-Glendale Helistop	
24297	Q49751312	Swains Creek Airport	
24298	Q49751313	Swan Airport	
24299	Q49751314	Swank Airport	
24300	Q49751319	Swanson Ranch 3 Airport	
24301	Q49751320	Swanson Ranch Nr 1 Airport	
24302	Q49751321	Swanson Ranch Nr 2 Airport	
24303	Q49751325	Swensen Airport	
24304	Q49751327	Swift Creek Airport	
24305	Q49751328	Swigart Airport	
24306	Q49751332	Symons Airport	
24307	Q49751333	Syvrud Airport	
24308	Q49751334	T N Ward Airport	
24309	Q49751340	Taildragger Airport	
24310	Q49751341	Tailskid Ranch Airport	
24311	Q49751343	Take Five Airport	
24312	Q49751280	Sudbury Airport	
24313	Q49751248	Stevinson Strip	
24314	Q49751250	Stiehl Airport	
24315	Q49751251	Still Meadow Farm Airport	
24316	Q49751252	Stillwater Creek Airport	
24317	Q49751253	Stitt Airport	
24318	Q49751255	Stoiber Airport	
24319	Q49751256	Stone Airport	
24320	Q49751257	Stone Airport	
24321	Q49751258	Stone Airstrip	
24322	Q49751259	Stone Castle Motel Airport	
24323	Q49751260	Stone Land Co Airport	
24324	Q49751261	Stoney's Airport	
24325	Q49751263	Storseth Airstrip	
24326	Q49751267	Strawberry Point Airport	
24327	Q49751268	Strawberry Valley Estates Airport	
24328	Q49751270	Strittmatter Airport	
24329	Q49751271	Stro's Airport	
24330	Q49751272	Strohmier Airport	
24331	Q49751273	Strom Private Airport	
24332	Q49751274	Stronghold Airport	
24333	Q49751275	Stuart Island Airpark	
24334	Q49751277	Stupek Farms Airport	
24335	Q49751279	Suckla Farms Balloonport	
24336	Q49751281	Sugar Ridge Airport	
24337	Q49751283	Sullivan Lake State Airport	
24338	Q49751284	Sulphur Creek Ranch Airport	
24339	Q49751287	Sun Hill Ranch Airport	
24340	Q170169	Hannover Airport	HAJ
24341	Q49751373	Taylor Airport	
24342	Q49751374	Taylor Airport	
24343	Q49751375	Taylor Airport	
24344	Q49751368	Tate Airport	
24345	Q49751379	Tazewell County Airport	
24346	Q49751347	Talachulitna River Airport	
24347	Q49751348	Talaheim Airport	
24348	Q49751356	Tamarack Airport	
24349	Q49751364	Tanis Mesa Airport	
24350	Q49751365	Tappen Airstrip	
24351	Q49751369	Tathams' Airport	
24352	Q49751370	Tatitna Airport	
24353	Q49751371	Tavapats Ranch Airport	
24354	Q49751376	Taylor Mountain Airport	
24355	Q49751378	Taylorport Airport	
24356	Q49751381	Tazlina Airport	
24357	Q49751382	Teal Farm Airport	
24358	Q49751385	Tejon Ag Airport	
24359	Q49751387	Ten Mile Airport	
24360	Q49751388	Tenaja Valley Airport	
24361	Q49751390	Tengesdal Airport	
24362	Q49751391	Tennant Ranch Airport	
24363	Q49751392	Tequesquite Ranch Airport	
24364	Q49751394	Tercio Ranch Airstrip	
24365	Q49751395	Terhark Airport	
24366	Q49751396	Terra Firma Airport	
24367	Q49751398	Terry Airport	
24368	Q49751352	Talkeetna Airport	TKA
24369	Q49751240	Stephens County Airport	BKD
24370	Q49751244	Sterling Municipal Airport	STK
24371	Q49751219	Starr Airport	
24372	Q49751212	Stanley Airport	
24373	Q49751193	SSS Aerodrome	
24374	Q49751194	St Croix Riviera Airport	
24375	Q49751195	St Croix Valley Airport	
24376	Q49751197	St Ignatius Airport	
24377	Q49751198	St John Homestead Airport	
24378	Q49751200	St Labre Mission Airport	
24379	Q49751205	Stacey's Airport	
24380	Q49751207	Stahl's Mountain Airport	
24381	Q49751209	Stanchester Airport	
24382	Q49751211	Standing Rock Airport	
24383	Q49751215	Stanley Municipal Airport	
24384	Q49751217	Star Valley Ranch Airport	
24385	Q49751218	Stardust Helispot	
24386	Q49751220	Starr-Browning Airstrip	
24387	Q49751221	Starvout Creek Airport	
24388	Q49751222	State College Air Depot	
24389	Q49751225	State Police Area Three Airport	
24390	Q49751226	Stateline Airport	
24391	Q49751227	Staton Airport	
24392	Q49751228	Stave Island Seaplane Base	
24393	Q49751233	Stefanik Airport	
24394	Q49751235	Stehekin State Airport	
24395	Q49751237	Stephan Lake Lodge Airport	
24396	Q49751243	Sterling Air Park	
24397	Q49751247	Stevens-Crosby Airport	
24398	Q49751145	South Big Horn County Airport	GEY
24399	Q49751179	Spring Creek Airport	
24400	Q49751164	Spencer Airport	
24401	Q49751181	Spring Hill Airport	
24402	Q49751146	South Boulder Airport	
24403	Q49751148	South County Hospital Airport	
24404	Q49751149	South Fork Ranch Airport	
24405	Q49751150	South Gasline Airport	
24406	Q49751152	South Hollywood Airport	
24407	Q49751155	Southwind Airport	
24408	Q49751159	Spanaway Airport	
24409	Q49751160	Spaulding Airport	
24410	Q49751163	Spear Valley Airport	
24411	Q49751166	Spezia Airport	
24412	Q49751168	Spickard Farm Airport	
24413	Q49751171	Spitzer Airport	
24414	Q49751172	Splan Airport	
24415	Q49751174	Sportsmens Paradise Airport	
24416	Q49751175	Spotted Bear USFS Airport	
24417	Q49751176	Sprague Airport	
24418	Q49751177	Sprague Airport	
24419	Q49751180	Spring Creek Ranch Airport	
24420	Q49751183	Spring Valley Airport	
24421	Q49751186	Springbrook Airport	
24422	Q49751187	Springstead Airport	
24423	Q49751188	Springwood Airstrip Gliderport	
24424	Q49751189	Spruce Point Tree Farm LLC Airport	
24425	Q49751191	Spud View Airport	
24426	Q74842307	Buddy's Ag Service Airport	
24427	Q74842950	Hobby Hill Airport	
24428	Q74843170	Norfleet Airport	
24429	Q74842957	Wellborn Airport	
24430	Q74843065	Smith Field Airport	
24431	Q74843108	40 Acre Airstrip Airport	
24432	Q74842729	Adana Airfield Airport	
24433	Q74842859	Altair Airport	
24434	Q74842866	Angel's Field Airport	
24435	Q74843191	Beckerman Field Airport	
24436	Q74843076	Bellevue Farms Airport	
24437	Q74842180	Bird Field Airport	
24438	Q74842406	Blackwater Airfield Airport	
24439	Q74842759	Bncfl Airport	
24440	Q74843049	Bob White Field Airport	
24441	Q74843151	Bult Field Airport	
24442	Q74843135	Bushby Rla Airport	
24443	Q74842871	Charlotte's Field Airport	
24444	Q74842756	Coe Field Airport	
24445	Q74843085	Cougar Ranch Airport	
24446	Q74842249	Department Of Corrections Field Airport	
24447	Q74842704	Flanders Field Airport	
24448	Q74842393	Florida Flying Gators Airport	
24449	Q74843041	Flying Tiger Field Airport	
24450	Q74843184	Frank's Flying Service Airport	
24451	Q74842388	Garcon Field Airport	
24452	Q74843096	Garden Valley Airport	
24453	Q74842490	Gary Stark Airport	
24454	Q74842379	Ingalls Field Airport	
24455	Q74842397	Lakeview Airstrip Airport	
24456	Q74842301	Land's Field Airport	
24457	Q74842546	Lm-ets Airport	
24458	Q74842954	Love Field Airport	
24459	Q74842677	Lumar Field Airport	
24460	Q74843089	Marble Creek Airport	
24461	Q74842367	Mjd Airport	
24462	Q74843177	Morris Muni - James R Washburn Field Airport	
24463	Q74843181	Nettle Creek Landings Airport	
24464	Q74842172	Odom's Flying Service Airport	
24465	Q74843103	P And R Field Airport	
24466	Q74842512	Patch O Blue Airport	
24467	Q74843080	Poplar Point Airport	
24468	Q74842255	Rossi Field Airport	
24469	Q74843068	Rust Airstrip Airport	
24470	Q74843092	Scanlon Airport	
24471	Q74842246	Sky Manor Airpark Airport	
24472	Q74843073	Stagecoach Airport	
24473	Q74842590	The 2a Ranch Airport	
24474	Q74842946	Wee Bee Sky Ranch Airport	
24475	Q74843011	Wings Field Airport	
24476	Q459156	Schwerin-Parchim Airport	SZW
24477	Q473067	Magdeburg-Cochstedt Airport	CSO
24478	Q529143	Kassel Airport	KSF
24479	Q651281	Memmingen Airport	FMM
24480	Q632410	Niederrhein Airport	NRN
24481	Q657005	Dresden Airport	DRS
24482	Q313587	Dortmund Airport	DTM
24483	Q317619	Barth airport	BBH
24484	Q665365	Bremen Airport	BRE
24485	Q668382	Leipzig/Halle Airport	LEJ
24486	Q566536	Neubrandenburg Airport	FNB
24487	Q594223	Kitakyushu Airport	KKJ
24488	Q531664	Heringsdorf Airport	HDF
24489	Q545641	Braunschweig-Wolfsburg Airport	BWE
24490	Q74844086	Flying H Airport	
24491	Q74844094	Silver Creek Airport	
24492	Q74844013	Tarboro-edgecombe Airport	
24493	Q74843941	Air Port Hudson Airport	
24494	Q74844002	Ellis Airport	
24495	Q74844152	Gray Airport	
24496	Q74844052	Moultonboro Airport	
24497	Q74844163	Sunset Strip Airport	
24498	Q74844075	Red Lion Airport	
24499	Q74843918	Aslesen Airport	
24500	Q74844005	Brown Field Airport	
24501	Q74843982	Clover Crest Airpark Airport	
24502	Q74843860	Cowboys Air Ranch Airport	
24503	Q74843769	Davis Field Airport	
24504	Q74843890	Denton Farms Airport	
24505	Q74843897	Forrest River Airport	
24506	Q74843990	Galt Ranch Airport	
24507	Q74844034	Greeley Muni Airport	
24508	Q74843744	Greensburg Muni Airport	
24509	Q74843995	Hood Field Airport	
24510	Q74843753	Irish Creek Airfield	
24511	Q74843741	Koafm Airport	
24512	Q74843783	Lejeune Aerial Applications Airport	
24513	Q74843978	Littlebear Airport	
24514	Q74843969	Maddox Ranch Co Airport	
24515	Q74843895	Maple Grove Airport	
24516	Q74844041	Moore Airfield Airport	
24517	Q74844176	Old Boston Airport	
24518	Q74843761	Papas Dream Airport	
24519	Q74844010	Parker Field Airport	
24520	Q74843957	Parks Fld Airport	
24521	Q74843797	Prop Stop Airport	
24522	Q74843861	Ragmuff Airport	
24523	Q74844100	Red Owl Ranch Airport	
24524	Q74843805	Self Forward Landing Strip Airport	
24525	Q74843931	Shorten Airfield Airport	
24526	Q74843963	Spearman Field Airport	
24527	Q74843910	Stanton Hill Aerodrome Airport	
24528	Q74843971	Steppler Field Airport	
24529	Q74844078	Thurmond Airport	
24530	Q74843790	Tracemont Field Airport	
24531	Q74844030	Treadway Air Airport	
24532	Q74843764	Tri Rotor Airport	
24533	Q74843992	Unrau Airport	
24534	Q74844158	Utter Field Airport	
24535	Q74844182	Viskup Family Fld Airport	
24536	Q74843975	Willow Airport	
24537	Q74844019	Y-rock Airport	
24538	Q673760	Münster/Osnabrück Airport	FMO
24539	Q682232	Friedrichshafen Airport	FDH
24540	Q706450	Lübeck-Blankensee Airport	LBC
24541	Q820223	Rostock Airport	RLG
24542	Q741372	Kobe Airport	UKB
24543	Q707457	Baden Airport	FKB
24544	Q1065223	Dubai World Central – DWC	DWC
24545	Q79549228	Claremont Airbase	
24546	Q76632644	Funadhoo Airport	FND
24547	Q76761345	Comayagua International Airport	XPL
24548	Q74844519	Hot Springs County Airport	THP
24549	Q74844380	Akroville Airport	
24550	Q74844185	Flying H Ranch Airport	
24551	Q74844361	Flying J Airport	
24552	Q74844305	Spring Ranch Airport	
24553	Q74844295	Utley Airport	
24554	Q74844206	Coyote Run Airport	
24555	Q74844253	Shontz Airport	
24556	Q74844480	Bakers Field Airport	
24557	Q74844286	Basham Field Airport	
24558	Q74844194	Bobbitt Airport	
24559	Q74844234	Boehm's Field Airport	
24560	Q74844442	Bountiful Acres Airport	
24561	Q74844348	Bucker Field Airport	
24562	Q74844269	Calico Field Airport	
24563	Q74844408	Echols Field Airport	
24564	Q74844431	Elma Muni Airport	
24565	Q74844192	Higley Fld Airport	
24566	Q74844506	Iberlin Ranch Nr 1 Airport	
24567	Q74844498	Kissack/reynolds Airport	
24568	Q74844222	Knokey Field Airport	
24569	Q74844337	Lajitas Intl Airport	
24570	Q74844218	Lord Flat USFS Airport	
24571	Q74844395	M-4 Airport	
24572	Q74844199	Morning Yodle Airport	
24573	Q74844242	Pittsburgh-monroeville Airport	
24574	Q74844225	Powell Kaiser Airport	
24575	Q74844272	Racecar Airport	
24576	Q74844417	Rambo Airfield Airport	
24577	Q74844200	Ramey 1 Airport	
24578	Q74844424	Riverview Airpark Airport	
24579	Q74844257	Rizzy Ridge Airport	
24580	Q74844187	Sheridan Fld Airport	
24581	Q74844456	Stol Airport	
24582	Q74844344	Thomas Flying Field Airport	
24583	Q74844282	Tk Farm Airport	
24584	Q74844405	Wemmering Airport	
24585	Q85814672	Watsonville Airport	
24586	Q3015728	Navi Mumbai International Airport	NMI
24587	Q2264860	Baudette International Airport	BDE
24588	Q1433660	International Peace Garden Airport	
24589	Q1655391	Del Bonita/Whetstone International Airport	
24590	Q1656691	Coutts/Ross Airport	
24591	Q3914839	Fort Frances Water Aerodrome	
24592	Q697101	Saarbrücken Airport	SCN
24593	Q685536	Paderborn/Lippstadt Airport	PAD
24594	Q685497	Siegerland Airport	SGE
24595	Q703794	Erfurt-Weimar Airport	ERF
24596	Q28196100	Sea-Airport Cuxhaven/Nordholz	FCN
24597	Q113000162	Asimenio airfield	
24598	Q122674465	Old N-S-Runway	
24599	Q122674197	US Naval Air Station 1935	
24600	Q122674033	US Seaplane Base pre-WW2	
24601	Q123115751	Jacobsen Airport	
24602	Q134510500	Tadepalligudem Airport	
24603	Q140205	Aéroport du Grand Ouest	
24604	Q30074987	Sanya Hongtangwan International Airport	
24605	Q136659509	Bishoftu International Airport	
24606	Q766117	Yuzhno-Sakhalinsk Airport	UUS
24607	Q74843712	Green Acres Airport	
24608	Q74843738	Foster Field	
24609	Q74843543	Hep Cats Airport	
24610	Q74843673	Hunter Airport	
24611	Q74843552	Thrifty Acres Airport	
24612	Q74843373	Adams Rla Number 1 Airport	
24613	Q74843377	Adams Rla Number 2 Airport	
24614	Q74843733	Bannon Field Airport	
24615	Q74843435	Blackhawk Farms Raceway Llc Airport	
24616	Q74843526	Busboom Rla Airport	
24617	Q74843648	Butler Hill Rla Airport	
24618	Q74843309	Carlson Rla Airport	
24619	Q74843240	Cushing Field Ltd Airport	
24620	Q74843478	Cwian Field Airport	
24621	Q74843348	Dean Schwenk Rla Airport	
24622	Q74843399	Duclos Rla Airport	
24623	Q74843540	Durin Rla Airport	
24624	Q74843314	Early - Merkel Field Airport	
24625	Q74843615	Fisch Rla Airport	
24626	Q74843239	Fischer's Rla Airport	
24627	Q74843462	Friends Field Airport	
24628	Q74843730	Hillbillies Airport	
24629	Q74843663	Hoehn Rla Airport	
24630	Q74843305	Holmes Southeast Airport	
24631	Q74843611	Holzwarth Flying Service Airport	
24632	Q74843252	Kleinik Rla Airport	
24633	Q74843515	Kuebler Rla Airport	
24634	Q74843420	Latham Park Aero Estates Airport	
24635	Q74843578	Liannimal's Landing Airport	
24636	Q74843469	Litchfield Rla Airport	
24637	Q74843485	Loeppert Cpl Aero Airport	
24638	Q74843316	O'connor Field Airport	
24639	Q74843350	Panther Field Airport	
24640	Q74843558	Providence Place Field Airport	
24641	Q74843384	Rhea Rla Airport	
24642	Q74843500	Richardson Field Airport	
24643	Q74843368	Riley's Field Airport	
24644	Q74843723	Roberts Field Airport	
24645	Q74843692	Sojourner Field Airport	
24646	Q74843523	St Louis Metro-east/shafer Field Airport	
24647	Q74843582	Steil Rla Airport	
24648	Q74843245	Vogen Rla Airport	
24649	Q74843221	Wildy Fld Airport	
24650	Q74843533	Willhoit Airport	
24651	Q74843620	Wilt Rla Airport	
24652	Q74843451	Woodlake Landing Airport	
24653	Q74843206	Yates Rla Airport	
24654	Q74843284	Zelmer Memorial Airpark Inc Airport	
24655	Q74843475	Zoomer Field Airport	
24656	Q10911447	Xiamen Xiang'an International Airport	
24657	Q15264265	Ordu–Giresun Airport	OGU
24658	Q25477794	Rize–Artvin Airport	RZV
24659	Q16903158	Western Sydney Airport	WSI
24660	Q18126101	Itanagar Airport	HGI
24661	Q20467056	Kourou Arkenne	
24662	Q25080726	Dalian Jinzhouwan International Airport	
24663	Q101429798	Toraja Airport	TRT
24664	Q97599227	Guayaramerín Airport	GYA
24665	Q100934269	Surbung Airport	SRU
24666	Q99746045	Umba	
24667	Q97142423	Kaben Airport	KBT
24668	Q97306995	Haji Muhammad Sidik Airport	HMS
24669	Q97924788	Sofia West Airport	
24670	Q90832965	Lilongwe Airport	
24671	Q104630176	Kaminoike Navy Airfield	
24672	Q86535565	Glauber Rocha Airport	VDC
24673	Q99746020	Krasnoshchelye	
24674	Q99776256	Hazrat Sultan International Airport	HSA
24675	Q97372841	Taman Bung Karno Airport	BRG
24676	Q97700703	Coonabarabran Hospital Airport	
24677	Q98074668	Bozhou Airport	BZJ
24678	Q86729720	Aeroporto de Vera Cruz	
24679	Q90061595	Huntingdon County Airport	
24680	Q95150461	Frunze International Airport	
24681	Q96374314	Camden Central Airport	
24682	Q96374488	Carmel Valley Airfield	
24683	Q97619791	Dolní Benešov Airfield	
24684	Q97798873	Lanjut Airstrip	
24685	Q97940627	Hrabůvka airport	
24686	Q98634477	Flughafen Flugplatzstraße 100 in Fürth	
24687	Q98918503	Casas de Juan Gil airfield	
24688	Q108441543	Greater Tunb Airport	
24689	Q108415915	Miri International Airport	MYY
24690	Q106911849	Cognac-Châteaubernard Airport	CNG
24691	Q108364345	Ngari Burang Airport	APJ
24692	Q107621242	Tashkurgan Khunjerab Airport	HQL
24693	Q104879058	Felipe Carrillo Puerto International Airport	TQO
24694	Q104811623	Kamoike Airport	
24695	Q105100937	Lazarevskoe	
24696	Q105325432	Plzeň-Bory Airport	
24697	Q105594636	Sirajganj Airport	
24698	Q105619671	Bajitpur Airport	
24699	Q105682144	Flughafen Chemnitz	
24700	Q106508778	Airport Dresden-Heller	
24701	Q106920135	San Clemente Naval Auxiliary Air Station	
24702	Q106936057	Monrovia Airport, California	
24703	Q106959167	Alhambra Airport	
24704	Q107283569	Wingfoot Lake Airship Hangar	
24705	Q107296862	Cabrito Airport	
24706	Q107314182	Tayoltita airfield	
24707	Q107351824	Tenakau Airfield	
24708	Q107389112	Robbins Airport	
24709	Q107618630	Ayni Airport	
24710	Q108030341	Saharanpur Airport	
24711	Q108441583	Lesser Tunb Airport	
24712	Q108523563	Cyclops Airfield	
24713	Q107723739	Shigatse Tingri Airport	DDR
24714	Q105178478	Jingzhou Shashi Airport	SHS
24715	Q106809672	Planalto Serrano Regional Airport	EEA
24716	Q106904247	Airport of Dekese	
24717	Q110655658	Dara Sakor International Airport	DSY
24718	Q109256966	Suifenhe Dongning Airport	HSF
24719	Q108810731	Chengdu Huaizhou Airport	HZU
24720	Q110319429	Jebel International Airport	BKN
24721	Q108882177	John Becker Airport	KSX
24722	Q109345729	Jiande Qiandaohu Gederal Airport	JDE
24723	Q108935370	Dazhou Jinya Airport	DZH
24724	Q108674757	Tobolsk Remezov Airport	RMZ
24725	Q108704249	Seko Airport	SKO
24726	Q108527619	Borokoe Airfield	
24727	Q108523642	Hollandia Airfield	
24728	Q108527414	Tami Drome	
24729	Q108552515	Sorido Drome	
24730	Q108552682	Swanton Morley Airfield	
24731	Q108562149	Maffin Airfield	
24732	Q108806951	Wertz Field	
24733	Q109228852	Andrew's Field Airport	
24734	Q109330548	Edessa Airport	
24735	Q109341251	Sapa Airport	
24736	Q110938125	Madivaru Airport	LMV
24737	Q110173011	Belaja Kalitva airport	
24738	Q110576872	Clear Creek Ranch Airport	
24739	Q110576899	Frager Field Airport	
24740	Q110819665	Buenavista Airport	
24741	Q111170395	Cramlington Aerodrome	
24742	Q111180999	Sukilumba Airport	
24743	Q111494366	Kejžlice Airfield	
24744	Q108734134	Stevanus Rumbewas Airport	ZRI
24745	Q108760076	Rolpa Airport	RPA
24746	Q112305156	Sanggu Airport	BTK
24747	Q112305228	Beoga Airport	BXG
24748	Q112302576	Bomakia Airport	BXG
24749	Q112302575	Bilorai Airport	UGU
24750	Q112305154	Merdey Airport	RDE
24751	Q112201866	Ilaga Airport	ILA
24752	Q112053530	Sumarorong Airport	MSA
24753	Q112305153	Ransiki Airport	RSK
24754	Q112302574	Akimuga Airport	AKM
24755	Q111635252	Sobral regional airport – Luciano de Arruda Coelho	JSO
24756	Q111718373	Chaumont Aerodrome - La Vendue	
24757	Q112310305	Aboy Airport	ABY
24758	Q112302580	Waris Baru Airport	WAR
24759	Q112066471	Jehnědí Airfield	
24760	Q112302579	Elelim Airport	ELR
24761	Q112310292	Koroway Batu Airport	
24762	Q112310293	Binuang Airport	
24763	Q112305160	Kiwirok Airport	
24764	Q112305158	Manggelum Airport	
24765	Q111514554	Blue Skies Farm	
24766	Q111711167	Gromovo Air Base	
24767	Q111737172	RAF Beit Daras	
24768	Q111936643	Planalto Central Aerodrome	
24769	Q111992377	Crowfield Airfield	
24770	Q112221563	Columbia Field	
24771	Q112242074	Dutch Flats Airport	
24772	Q112265588	Jerusalem Airport	
24773	Q112310364	Aboyaga Airport	
24774	Q112311245	Ambisibil Airport	
24775	Q112311244	Benawa Airport	
24776	Q112310299	Bilai Airport	
24777	Q112311246	Bime Airport	
24778	Q112305229	Blangkejeran Airport	
24779	Q112310295	Jila Airport	
24780	Q112310297	Jita Airport	
24781	Q112310302	Kepulauan Meranti Airport	
24782	Q112311243	Kirihi Airport	
24783	Q112311242	Mambramo Raya A Airport	
24784	Q112305230	Morowali Airport	
24785	Q112310342	Potowai Airport	
24786	Q112310343	Sinak Airport	
24787	Q112310303	Tanjung Lesung Airport	
24788	Q111915271	Anambra International Cargo Airport	ANA
24789	Q112201867	Kokonao Airport	KOX
24790	Q112201868	Kimaam Airport	KMM
24791	Q112478067	Arica Airport	ACM
24792	Q112311255	Mapanduma Airport	MAP
24795	Q113038977	Aral Talim Airport	ACF
24796	Q112478027	Amgu Airport	AEM
24797	Q113653896	Florina airport	
24798	Q113950884	Yembe Airport	
24799	Q112311253	Aboge Airport	
24800	Q112311259	Bagan Siapi Api Airport	
24801	Q112311257	Buton Utara Airport	
24802	Q112311451	Kasonaweja Airport	
24803	Q112311251	Mugi Airport	
24804	Q112311250	Okteneng Airport	
24805	Q112311450	Sekongkang Airport	
24806	Q112311252	Seradala Airport	
24807	Q112311249	Teraplu Airport	
24808	Q112420109	Hendorabi Airport	
24809	Q112968448	Buckingham Airport	
24810	Q113000089	Perneri airfield	
24811	Q113010832	Saint-Félicien Aerodrome	
24812	Q113046561	Sanhupa airstrip	
24813	Q113127430	Bult Field	
24814	Q113394954	Guarujá Civil Metropolitan Aerodrome	
24815	Q113480521	Leroy Airport	
24816	Q113493154	Cottonwood Airport	
24817	Q113549320	Begusarai Airport	
24818	Q113549278	Chennai greenfield airport, Parandur	
24819	Q113624551	Base Y-75 Frankfurt	
24820	Q113653902	Litochoro airfield	
24821	Q115803075	Anafi Airport	
24822	Q116169762	Resunga Airport	
24823	Q116727036	Zborowo Airport	
24824	Q116783692	Weining Caohai Airport	
24825	Q116927215	Oritkari Airfield	
24826	Q117110688	Walter Braedt Segú Aerodrome	
24827	Q117351301	Bucaramanga-Gomez Niño Airport	
24828	Q112478017	Andes Airport	ADN
24829	Q115712338	Prešov Airport	POV
24830	Q116304321	Tarfaya Airport	TFY
24831	Q117100760	Sobral Regional Airport	JSO
24832	Q113212298	Shannan Lhünzê Airport	LGZ
24833	Q117075120	Bruny Island Airport	
24834	Q60987150	Biwako Airport	
24835	Q6425863	Ko Pha-ngan Airport	
24836	Q55523965	Harima Airport	
24837	Q126626037	Gonabad Airport	GND
24838	Q124358321	Cressy Aerodrome	
24839	Q123563241	Utrenny Airport	
24840	Q123470117	Queenstown Airport	UTW
24841	Q125820197	Hoedspruit Eastgate Airport	HDS
24842	Q125919932	Davis Field	
24843	Q124042097	Šentvid pri Stični airport	
24844	Q124288828	Heritage Acres Airport	
24845	Q124295878	Jingmen Zhanghe Airport	
24846	Q124323080	Malkangiri Airport	
24847	Q125726798	Foxpine Aerodrome	
24848	Q125919430	Maple Grove Airpark	
24849	Q125919764	Shady Lane Airport	
24850	Q126083250	Kota Greenfield Airport	
24851	Q126600349	Nusantara Airport	
24852	Q126616631	Kołobrzeg-Bagicz Airfield	
24853	Q126900247	Grumman Bethpage Airport	
24854	Q126975073	Giridih Airport	
24855	Q127110219	Gallatin County Airport	
24856	Q119520869	Kalabaidh Airport	
24857	Q120703751	Ebonyi State International Airport	
24858	Q122637817	Tongren Dejiang Airport	DEJ
24859	Q121832631	Jeki Airstrip	JEK
24860	Q121450281	Iztapa Airport	
24861	Q122212549	Solent Airport Daedalus	
24862	Q122637686	Balikun Dahe Airport	DHH
24863	Q122637685	Zhaotong Zhaoyang Airport	ZAT
24864	Q122910153	Wadi El Gandali Airport	
24865	Q121449589	Salama Airport	SMA
24866	Q123469762	Chengdu Xinjin Airport	
24867	Q123470063	Port St Johns Airport	JOH
24868	Q122637811	Bengbu Tenghu Airport	BFY
24869	Q117466143	Tauima Aerodrome	
24870	Q117742982	City of Slaton/Larry T Neal Memorial Airport	
24871	Q117771630	Ray Community Airport	
24872	Q118487735	Kyshtovka heliport	
24873	Q118611224	al-Halfayah Airport	
24874	Q118896130	Mansehra Airport	
24875	Q118976474	Old airport Entebbe	
24876	Q119556489	Evergreen North–South Airpark	
24877	Q119872958	Vuakmual Airport	
24878	Q120756234	Antioch Airport	
24879	Q121461540	KKIA@Kimanis	
24880	Q121746015	Uli Airstrip	
24881	Q122637753	Panzhou Guanshan Airport	
24882	Q122678770	Erbit Airport	
24883	Q122972066	Barkers Field	
24884	Q123029655	Puri International Airport	
24885	Q123469971	Mkuze Airport	MZQ
24886	Q122609878	Anyang Hongqiqu Airport	HQQ
24887	Q117748847	Belchin Airfield	
24888	Q122638003	Hejing Bayinbuluke Airport	HJB
24889	Q117711398	Slivnitsa Airfield	
24890	Q122418179	Qitai Jiangbulake Airport	JBK
24891	Q122676547	Tashkent International airport terminal	
